FagNivaa;EnhetNivaa;Vurderingsfagkode;Nasjonaltkode;Fylkekode;Organisasjonsnummer;Vurderingsfagnavn;Nasjonalt;Fylke;EnhetNavn;2024-25.Skriftlig eksamen.Alle eierformer.Alle kjønn.Snittkarakter;2024-25.Skriftlig eksamen.Alle eierformer.Alle kjønn.Antall elever
2;0;ENG1007;Alle;0;Alle;Engelsk vg1 studieforberedende utdanningsprogram;Hele landet;Alle fylker;Alle skoler;4,2;3 173
2;1;ENG1007;I;0;I;Engelsk vg1 studieforberedende utdanningsprogram;Hele landet;Alle fylker;Alle skoler;4,2;3 173
2;2;ENG1007;I;42;42;Engelsk vg1 studieforberedende utdanningsprogram;Hele landet;Agder;Alle skoler;4,3;306
2;3;ENG1007;I;42;982759846;Engelsk vg1 studieforberedende utdanningsprogram;Hele landet;Agder;Akademiet Kristiansand AS;4,5;13
2;3;ENG1007;I;42;974573873;Engelsk vg1 studieforberedende utdanningsprogram;Hele landet;Agder;Arendal videregående skole avd Tyholmen;3,9;35
2;3;ENG1007;I;42;974573881;Engelsk vg1 studieforberedende utdanningsprogram;Hele landet;Agder;Dahlske videregående skole;4,4;14
2;3;ENG1007;I;42;974117738;Engelsk vg1 studieforberedende utdanningsprogram;Hele landet;Agder;Drottningborg Vgs AS;4,6;8
2;3;ENG1007;I;42;874595012;Engelsk vg1 studieforberedende utdanningsprogram;Hele landet;Agder;Eilert Sundt videregående skole Studiested Farsund;4,2;12
2;3;ENG1007;I;42;974595141;Engelsk vg1 studieforberedende utdanningsprogram;Hele landet;Agder;Flekkefjord videregående skole Studiested Flekkefjord;4,6;14
2;3;ENG1007;I;42;974594994;Engelsk vg1 studieforberedende utdanningsprogram;Hele landet;Agder;Kristiansand katedralskole Gimle;4;30
2;3;ENG1007;I;42;974595117;Engelsk vg1 studieforberedende utdanningsprogram;Hele landet;Agder;Kvadraturen videregående skole;4,9;50
2;3;ENG1007;I;42;973149776;Engelsk vg1 studieforberedende utdanningsprogram;Hele landet;Agder;Kvs-Lyngdal AS;4,5;18
2;3;ENG1007;I;42;974573857;Engelsk vg1 studieforberedende utdanningsprogram;Hele landet;Agder;Lillesand videregående skole;4,3;16
2;3;ENG1007;I;42;974573814;Engelsk vg1 studieforberedende utdanningsprogram;Hele landet;Agder;Sam Eyde videregående skole;*;*
2;3;ENG1007;I;42;874573892;Engelsk vg1 studieforberedende utdanningsprogram;Hele landet;Agder;Setesdal vidaregåande skule;3,7;22
2;3;ENG1007;I;42;928112535;Engelsk vg1 studieforberedende utdanningsprogram;Hele landet;Agder;Smi-Skolen i Agder;*;*
2;3;ENG1007;I;42;974595184;Engelsk vg1 studieforberedende utdanningsprogram;Hele landet;Agder;Søgne videregående skole;3,3;8
2;3;ENG1007;I;42;874595152;Engelsk vg1 studieforberedende utdanningsprogram;Hele landet;Agder;Tangen videregående skole;4,8;6
2;3;ENG1007;I;42;974573865;Engelsk vg1 studieforberedende utdanningsprogram;Hele landet;Agder;Tvedestrand videregående skole;4,1;39
2;3;ENG1007;I;42;974595001;Engelsk vg1 studieforberedende utdanningsprogram;Hele landet;Agder;Vågsbygd videregående skole;4,2;13
2;2;ENG1007;I;32;32;Engelsk vg1 studieforberedende utdanningsprogram;Hele landet;Akershus;Alle skoler;4;440
2;3;ENG1007;I;32;974587742;Engelsk vg1 studieforberedende utdanningsprogram;Hele landet;Akershus;Asker videregående skole;5,2;15
2;3;ENG1007;I;32;974587637;Engelsk vg1 studieforberedende utdanningsprogram;Hele landet;Akershus;Bjertnes videregående skole;4,2;12
2;3;ENG1007;I;32;974587602;Engelsk vg1 studieforberedende utdanningsprogram;Hele landet;Akershus;Bjørkelangen videregående skole;4,2;10
2;3;ENG1007;I;32;974587831;Engelsk vg1 studieforberedende utdanningsprogram;Hele landet;Akershus;Bleiker videregående skole;3,5;17
2;3;ENG1007;I;32;974587890;Engelsk vg1 studieforberedende utdanningsprogram;Hele landet;Akershus;Dønski videregående skole;4;20
2;3;ENG1007;I;32;974587661;Engelsk vg1 studieforberedende utdanningsprogram;Hele landet;Akershus;Eidsvoll videregående skole;3,9;9
2;3;ENG1007;I;32;974587726;Engelsk vg1 studieforberedende utdanningsprogram;Hele landet;Akershus;Eikeli videregående skole;4,1;25
2;3;ENG1007;I;32;825322922;Engelsk vg1 studieforberedende utdanningsprogram;Hele landet;Akershus;Feiring videregående skole AS;*;*
2;3;ENG1007;I;32;988843709;Engelsk vg1 studieforberedende utdanningsprogram;Hele landet;Akershus;Frogn videregående skole;3,3;12
2;3;ENG1007;I;32;974587645;Engelsk vg1 studieforberedende utdanningsprogram;Hele landet;Akershus;Jessheim videregående skole;3,8;12
2;3;ENG1007;I;32;974587750;Engelsk vg1 studieforberedende utdanningsprogram;Hele landet;Akershus;Lillestrøm videregående skole;4,7;25
2;3;ENG1007;I;32;974587610;Engelsk vg1 studieforberedende utdanningsprogram;Hele landet;Akershus;Lørenskog videregående skole;4,1;12
2;3;ENG1007;I;32;991815325;Engelsk vg1 studieforberedende utdanningsprogram;Hele landet;Akershus;Mailand videregående skole;3,9;16
2;3;ENG1007;I;32;974587734;Engelsk vg1 studieforberedende utdanningsprogram;Hele landet;Akershus;Nadderud videregående skole;4,3;10
2;3;ENG1007;I;32;988084948;Engelsk vg1 studieforberedende utdanningsprogram;Hele landet;Akershus;Nannestad videregående skole;3,9;13
2;3;ENG1007;I;32;974587653;Engelsk vg1 studieforberedende utdanningsprogram;Hele landet;Akershus;Nes videregående skole;3,3;7
2;3;ENG1007;I;32;974587599;Engelsk vg1 studieforberedende utdanningsprogram;Hele landet;Akershus;Nesbru videregående skole;3,8;9
2;3;ENG1007;I;32;974587572;Engelsk vg1 studieforberedende utdanningsprogram;Hele landet;Akershus;Nesodden videregående skole;4,8;12
2;3;ENG1007;I;32;990672962;Engelsk vg1 studieforberedende utdanningsprogram;Hele landet;Akershus;Norges Toppidrettsgymnas Bærum AS;*;*
2;3;ENG1007;I;32;974587580;Engelsk vg1 studieforberedende utdanningsprogram;Hele landet;Akershus;Roald Amundsen videregående skole;4,6;16
2;3;ENG1007;I;32;974587866;Engelsk vg1 studieforberedende utdanningsprogram;Hele landet;Akershus;Rosenvilde videregående skole;3,3;13
2;3;ENG1007;I;32;974587823;Engelsk vg1 studieforberedende utdanningsprogram;Hele landet;Akershus;Rud videregående skole;*;*
2;3;ENG1007;I;32;974587769;Engelsk vg1 studieforberedende utdanningsprogram;Hele landet;Akershus;Rælingen videregående skole;3,3;15
2;3;ENG1007;I;32;974605953;Engelsk vg1 studieforberedende utdanningsprogram;Hele landet;Akershus;Røyken videregående skole;4;17
2;3;ENG1007;I;32;988835064;Engelsk vg1 studieforberedende utdanningsprogram;Hele landet;Akershus;Sandvika videregående skole;4,4;17
2;3;ENG1007;I;32;974587629;Engelsk vg1 studieforberedende utdanningsprogram;Hele landet;Akershus;Skedsmo videregående skole;3,7;29
2;3;ENG1007;I;32;974587696;Engelsk vg1 studieforberedende utdanningsprogram;Hele landet;Akershus;Ski videregående skole;4,4;25
2;3;ENG1007;I;32;974587718;Engelsk vg1 studieforberedende utdanningsprogram;Hele landet;Akershus;Stabekk videregående skole;*;*
2;3;ENG1007;I;32;974587815;Engelsk vg1 studieforberedende utdanningsprogram;Hele landet;Akershus;Vestby videregående skole;3,3;10
2;3;ENG1007;I;32;974587564;Engelsk vg1 studieforberedende utdanningsprogram;Hele landet;Akershus;Ås videregående skole;4;24
2;2;ENG1007;I;33;33;Engelsk vg1 studieforberedende utdanningsprogram;Hele landet;Buskerud;Alle skoler;4,2;165
2;3;ENG1007;I;33;988938424;Engelsk vg1 studieforberedende utdanningsprogram;Hele landet;Buskerud;Akademiet Ypsilon videregående skole AS;*;*
2;3;ENG1007;I;33;974606216;Engelsk vg1 studieforberedende utdanningsprogram;Hele landet;Buskerud;Buskerud videregående skole;4,3;10
2;3;ENG1007;I;33;874605972;Engelsk vg1 studieforberedende utdanningsprogram;Hele landet;Buskerud;Drammen videregående skole;4;30
2;3;ENG1007;I;33;974605988;Engelsk vg1 studieforberedende utdanningsprogram;Hele landet;Buskerud;Eiker videregående skole;4,2;16
2;3;ENG1007;I;33;974606194;Engelsk vg1 studieforberedende utdanningsprogram;Hele landet;Buskerud;Gol vidaregåande skule;4,8;10
2;3;ENG1007;I;33;974605929;Engelsk vg1 studieforberedende utdanningsprogram;Hele landet;Buskerud;Hønefoss videregående skole;4,5;28
2;3;ENG1007;I;33;974605996;Engelsk vg1 studieforberedende utdanningsprogram;Hele landet;Buskerud;Kongsberg videregående skole;*;*
2;3;ENG1007;I;33;974606208;Engelsk vg1 studieforberedende utdanningsprogram;Hele landet;Buskerud;Ringerike videregående skole;3,9;18
2;3;ENG1007;I;33;974605961;Engelsk vg1 studieforberedende utdanningsprogram;Hele landet;Buskerud;St Hallvard videregående skole;3,7;27
2;3;ENG1007;I;33;973255754;Engelsk vg1 studieforberedende utdanningsprogram;Hele landet;Buskerud;Tyrifjord videregående skole;*;*
2;3;ENG1007;I;33;974605937;Engelsk vg1 studieforberedende utdanningsprogram;Hele landet;Buskerud;Åssiden videregående skole;*;*
2;2;ENG1007;I;56;56;Engelsk vg1 studieforberedende utdanningsprogram;Hele landet;Finnmark - Finnmárku - Finmarkku;Alle skoler;3,9;24
2;3;ENG1007;I;56;974622750;Engelsk vg1 studieforberedende utdanningsprogram;Hele landet;Finnmark - Finnmárku - Finmarkku;Alta videregående skole;4,2;10
2;3;ENG1007;I;56;974622726;Engelsk vg1 studieforberedende utdanningsprogram;Hele landet;Finnmark - Finnmárku - Finmarkku;Kirkenes videregående skole;3,6;7
2;3;ENG1007;I;56;974759896;Engelsk vg1 studieforberedende utdanningsprogram;Hele landet;Finnmark - Finnmárku - Finmarkku;Samisk videregående skole og reindriftsskole;*;*
2;3;ENG1007;I;56;974622718;Engelsk vg1 studieforberedende utdanningsprogram;Hele landet;Finnmark - Finnmárku - Finmarkku;Vadsø videregående skole;*;*
2;2;ENG1007;I;34;34;Engelsk vg1 studieforberedende utdanningsprogram;Hele landet;Innlandet;Alle skoler;4;217
2;3;ENG1007;I;34;974571900;Engelsk vg1 studieforberedende utdanningsprogram;Hele landet;Innlandet;Elverum videregående skole;4,2;15
2;3;ENG1007;I;34;974597284;Engelsk vg1 studieforberedende utdanningsprogram;Hele landet;Innlandet;Gjøvik videregående skole;4,1;19
2;3;ENG1007;I;34;998513448;Engelsk vg1 studieforberedende utdanningsprogram;Hele landet;Innlandet;Hadeland videregående skole;4,2;10
2;3;ENG1007;I;34;974571919;Engelsk vg1 studieforberedende utdanningsprogram;Hele landet;Innlandet;Hamar katedralskole;4,4;28
2;3;ENG1007;I;34;994881019;Engelsk vg1 studieforberedende utdanningsprogram;Hele landet;Innlandet;Karriere Innlandet;*;*
2;3;ENG1007;I;34;974597322;Engelsk vg1 studieforberedende utdanningsprogram;Hele landet;Innlandet;Lena-Valle videregående skole avd Lena;3,8;9
2;3;ENG1007;I;34;874597252;Engelsk vg1 studieforberedende utdanningsprogram;Hele landet;Innlandet;Lillehammer videregående skole avd Sør;4,8;13
2;3;ENG1007;I;34;970963847;Engelsk vg1 studieforberedende utdanningsprogram;Hele landet;Innlandet;Nord-Østerdal videregående skole;*;*
2;3;ENG1007;I;34;873600152;Engelsk vg1 studieforberedende utdanningsprogram;Hele landet;Innlandet;Norges Toppidrettsgymnas Lillehammer AS;4,1;19
2;3;ENG1007;I;34;974597373;Engelsk vg1 studieforberedende utdanningsprogram;Hele landet;Innlandet;Raufoss videregående skole avd Dokka;*;*
2;3;ENG1007;I;34;974571897;Engelsk vg1 studieforberedende utdanningsprogram;Hele landet;Innlandet;Ringsaker videregående skole;*;*
2;3;ENG1007;I;34;974572117;Engelsk vg1 studieforberedende utdanningsprogram;Hele landet;Innlandet;Sentrum videregående skole avd Skarnes;3,9;7
2;3;ENG1007;I;34;974571986;Engelsk vg1 studieforberedende utdanningsprogram;Hele landet;Innlandet;Solør videregående skole;*;*
2;3;ENG1007;I;34;974572079;Engelsk vg1 studieforberedende utdanningsprogram;Hele landet;Innlandet;Stange videregående skole;3,8;10
2;3;ENG1007;I;34;974571935;Engelsk vg1 studieforberedende utdanningsprogram;Hele landet;Innlandet;Storhamar videregående skole;*;*
2;3;ENG1007;I;34;974572028;Engelsk vg1 studieforberedende utdanningsprogram;Hele landet;Innlandet;Trysil videregående skole;3,3;6
2;3;ENG1007;I;34;974597381;Engelsk vg1 studieforberedende utdanningsprogram;Hele landet;Innlandet;Valdres vidaregåande skule;*;*
2;3;ENG1007;I;34;974597233;Engelsk vg1 studieforberedende utdanningsprogram;Hele landet;Innlandet;Vinstra vidaregåande skule;*;*
2;3;ENG1007;I;34;974571978;Engelsk vg1 studieforberedende utdanningsprogram;Hele landet;Innlandet;Øvrebyen videregående skole;4,1;10
2;2;ENG1007;I;15;15;Engelsk vg1 studieforberedende utdanningsprogram;Hele landet;Møre og Romsdal;Alle skoler;4,2;137
2;3;ENG1007;I;15;911770172;Engelsk vg1 studieforberedende utdanningsprogram;Hele landet;Møre og Romsdal;Akademiet Toppidrettsgymnas Ålesund AS;*;*
2;3;ENG1007;I;15;984800746;Engelsk vg1 studieforberedende utdanningsprogram;Hele landet;Møre og Romsdal;Akademiet Vgs Ålesund AS;*;*
2;3;ENG1007;I;15;974576473;Engelsk vg1 studieforberedende utdanningsprogram;Hele landet;Møre og Romsdal;Atlanten videregående skole;*;*
2;3;ENG1007;I;15;974576716;Engelsk vg1 studieforberedende utdanningsprogram;Hele landet;Møre og Romsdal;Haram vidaregåande skule;*;*
2;3;ENG1007;I;15;974576708;Engelsk vg1 studieforberedende utdanningsprogram;Hele landet;Møre og Romsdal;Hustadvika vidaregåande skole;3,9;13
2;3;ENG1007;I;15;974576422;Engelsk vg1 studieforberedende utdanningsprogram;Hele landet;Møre og Romsdal;Molde videregående skole;3,9;44
2;3;ENG1007;I;15;974576562;Engelsk vg1 studieforberedende utdanningsprogram;Hele landet;Møre og Romsdal;Rauma videregående skole;3,9;8
2;3;ENG1007;I;15;974577267;Engelsk vg1 studieforberedende utdanningsprogram;Hele landet;Møre og Romsdal;Spjelkavik videregående skole;4,8;16
2;3;ENG1007;I;15;974576651;Engelsk vg1 studieforberedende utdanningsprogram;Hele landet;Møre og Romsdal;Surnadal vidaregåande skule;4,7;6
2;3;ENG1007;I;15;974576430;Engelsk vg1 studieforberedende utdanningsprogram;Hele landet;Møre og Romsdal;Ulstein vidaregåande skule;3,8;13
2;3;ENG1007;I;15;874576492;Engelsk vg1 studieforberedende utdanningsprogram;Hele landet;Møre og Romsdal;Volda vidaregåande skule;4,5;14
2;2;ENG1007;I;18;18;Engelsk vg1 studieforberedende utdanningsprogram;Hele landet;Nordland - Nordlánnda;Alle skoler;4,1;129
2;3;ENG1007;I;18;974621223;Engelsk vg1 studieforberedende utdanningsprogram;Hele landet;Nordland - Nordlánnda;Bodø videregående skole;4,3;28
2;3;ENG1007;I;18;974621290;Engelsk vg1 studieforberedende utdanningsprogram;Hele landet;Nordland - Nordlánnda;Fauske videregående skole;3,5;13
2;3;ENG1007;I;18;974041707;Engelsk vg1 studieforberedende utdanningsprogram;Hele landet;Nordland - Nordlánnda;Narvik videregående skole;3,9;14
2;3;ENG1007;I;18;974621304;Engelsk vg1 studieforberedende utdanningsprogram;Hele landet;Nordland - Nordlánnda;Polarsirkelen videregående skole;4,3;26
2;3;ENG1007;I;18;874621382;Engelsk vg1 studieforberedende utdanningsprogram;Hele landet;Nordland - Nordlánnda;Sandnessjøen videregående skole;3,8;13
2;3;ENG1007;I;18;974621053;Engelsk vg1 studieforberedende utdanningsprogram;Hele landet;Nordland - Nordlánnda;Sortland videregående skole avd Sortland;4,2;20
2;3;ENG1007;I;18;974621169;Engelsk vg1 studieforberedende utdanningsprogram;Hele landet;Nordland - Nordlánnda;Vest-Lofoten videregående skole;3,9;15
2;2;ENG1007;I;3;3;Engelsk vg1 studieforberedende utdanningsprogram;Hele landet;Oslo;Alle skoler;4,3;341
2;3;ENG1007;I;3;887664102;Engelsk vg1 studieforberedende utdanningsprogram;Hele landet;Oslo;Akademiet Oslo AS;4,4;12
2;3;ENG1007;I;3;912703312;Engelsk vg1 studieforberedende utdanningsprogram;Hele landet;Oslo;Blindern videregående skole;4,2;25
2;3;ENG1007;I;3;912001709;Engelsk vg1 studieforberedende utdanningsprogram;Hele landet;Oslo;Edvard Munch videregående skole;*;*
2;3;ENG1007;I;3;974590999;Engelsk vg1 studieforberedende utdanningsprogram;Hele landet;Oslo;Elvebakken videregående skole;5;29
2;3;ENG1007;I;3;974590867;Engelsk vg1 studieforberedende utdanningsprogram;Hele landet;Oslo;Foss videregående skole;4,6;11
2;3;ENG1007;I;3;995821664;Engelsk vg1 studieforberedende utdanningsprogram;Hele landet;Oslo;Fyrstikkalleen skole;4,4;20
2;3;ENG1007;I;3;974590891;Engelsk vg1 studieforberedende utdanningsprogram;Hele landet;Oslo;Hartvig Nissens skole;4,2;9
2;3;ENG1007;I;3;974590956;Engelsk vg1 studieforberedende utdanningsprogram;Hele landet;Oslo;Hellerud videregående skole;3,5;6
2;3;ENG1007;I;3;912001008;Engelsk vg1 studieforberedende utdanningsprogram;Hele landet;Oslo;Hersleb videregående skole;3,5;10
2;3;ENG1007;I;3;999173926;Engelsk vg1 studieforberedende utdanningsprogram;Hele landet;Oslo;Kongshavn videregående skole;3,6;14
2;3;ENG1007;I;3;873626402;Engelsk vg1 studieforberedende utdanningsprogram;Hele landet;Oslo;Kongsskogen videregående skole;4,8;13
2;3;ENG1007;I;3;899178092;Engelsk vg1 studieforberedende utdanningsprogram;Hele landet;Oslo;Kuben videregående skole;4;9
2;3;ENG1007;I;3;974590913;Engelsk vg1 studieforberedende utdanningsprogram;Hele landet;Oslo;Lambertseter videregående skole;4,2;9
2;3;ENG1007;I;3;996216454;Engelsk vg1 studieforberedende utdanningsprogram;Hele landet;Oslo;Nydalen videregående skole;4,8;40
2;3;ENG1007;I;3;974590883;Engelsk vg1 studieforberedende utdanningsprogram;Hele landet;Oslo;Oslo Handelsgymnasium;4,2;27
2;3;ENG1007;I;3;874590932;Engelsk vg1 studieforberedende utdanningsprogram;Hele landet;Oslo;Oslo katedralskole;4,2;18
2;3;ENG1007;I;3;971816309;Engelsk vg1 studieforberedende utdanningsprogram;Hele landet;Oslo;Otto Treider private gymnas AS;3,3;12
2;3;ENG1007;I;3;974590948;Engelsk vg1 studieforberedende utdanningsprogram;Hele landet;Oslo;Persbråten videregående skole;4,3;12
2;3;ENG1007;I;3;974591065;Engelsk vg1 studieforberedende utdanningsprogram;Hele landet;Oslo;Stovner videregående skole;3;7
2;3;ENG1007;I;3;974590964;Engelsk vg1 studieforberedende utdanningsprogram;Hele landet;Oslo;Ullern videregående skole;4,4;17
2;3;ENG1007;I;3;974590972;Engelsk vg1 studieforberedende utdanningsprogram;Hele landet;Oslo;Ulsrud videregående skole;3,1;14
2;3;ENG1007;I;3;917527067;Engelsk vg1 studieforberedende utdanningsprogram;Hele landet;Oslo;Valle Hovin videregående skole;*;*
2;3;ENG1007;I;3;925607797;Engelsk vg1 studieforberedende utdanningsprogram;Hele landet;Oslo;Vika videregående skole;4,7;11
2;2;ENG1007;I;11;11;Engelsk vg1 studieforberedende utdanningsprogram;Hele landet;Rogaland;Alle skoler;4,3;317
2;3;ENG1007;I;11;987546603;Engelsk vg1 studieforberedende utdanningsprogram;Hele landet;Rogaland;Akademiet Sandnes;*;*
2;3;ENG1007;I;11;974624532;Engelsk vg1 studieforberedende utdanningsprogram;Hele landet;Rogaland;Bergeland videregående skole;4,5;24
2;3;ENG1007;I;11;974624370;Engelsk vg1 studieforberedende utdanningsprogram;Hele landet;Rogaland;Hetland videregående skole;4,5;30
2;3;ENG1007;I;11;990183449;Engelsk vg1 studieforberedende utdanningsprogram;Hele landet;Rogaland;Jåttå videregående skole;4,4;34
2;3;ENG1007;I;11;974624389;Engelsk vg1 studieforberedende utdanningsprogram;Hele landet;Rogaland;Kopervik videregående skole;4;9
2;3;ENG1007;I;11;874117722;Engelsk vg1 studieforberedende utdanningsprogram;Hele landet;Rogaland;Lundeneset Vgs;*;*
2;3;ENG1007;I;11;974624664;Engelsk vg1 studieforberedende utdanningsprogram;Hele landet;Rogaland;Randaberg videregående skole;3,5;24
2;3;ENG1007;I;11;974624397;Engelsk vg1 studieforberedende utdanningsprogram;Hele landet;Rogaland;Sandnes videregående skole;4,4;28
2;3;ENG1007;I;11;974624362;Engelsk vg1 studieforberedende utdanningsprogram;Hele landet;Rogaland;Skeisvang videregående skole;4,4;27
2;3;ENG1007;I;11;974624672;Engelsk vg1 studieforberedende utdanningsprogram;Hele landet;Rogaland;Sola videregående skole;4,1;22
2;3;ENG1007;I;11;974624427;Engelsk vg1 studieforberedende utdanningsprogram;Hele landet;Rogaland;St Svithun videregående skole;4,6;58
2;3;ENG1007;I;11;974624400;Engelsk vg1 studieforberedende utdanningsprogram;Hele landet;Rogaland;Stavanger katedralskole;4;9
2;3;ENG1007;I;11;974624419;Engelsk vg1 studieforberedende utdanningsprogram;Hele landet;Rogaland;Strand videregående skole;4,5;6
2;3;ENG1007;I;11;973157221;Engelsk vg1 studieforberedende utdanningsprogram;Hele landet;Rogaland;Tryggheim vidaregåande skule;4,3;6
2;3;ENG1007;I;11;994507508;Engelsk vg1 studieforberedende utdanningsprogram;Hele landet;Rogaland;Vågen videregående skole;4,5;29
2;2;ENG1007;I;40;40;Engelsk vg1 studieforberedende utdanningsprogram;Hele landet;Telemark;Alle skoler;3,9;116
2;3;ENG1007;I;40;974568098;Engelsk vg1 studieforberedende utdanningsprogram;Hele landet;Telemark;Bamble videregående skole;4,2;9
2;3;ENG1007;I;40;974567997;Engelsk vg1 studieforberedende utdanningsprogram;Hele landet;Telemark;Bø vidaregåande skule;*;*
2;3;ENG1007;I;40;974568071;Engelsk vg1 studieforberedende utdanningsprogram;Hele landet;Telemark;Hjalmar Johansen videregående skole;3,7;49
2;3;ENG1007;I;40;974568004;Engelsk vg1 studieforberedende utdanningsprogram;Hele landet;Telemark;Kragerø videregående skole;*;*
2;3;ENG1007;I;40;974568012;Engelsk vg1 studieforberedende utdanningsprogram;Hele landet;Telemark;Notodden videregående skole;4,2;6
2;3;ENG1007;I;40;974568020;Engelsk vg1 studieforberedende utdanningsprogram;Hele landet;Telemark;Porsgrunn videregående skole;4,2;11
2;3;ENG1007;I;40;974568039;Engelsk vg1 studieforberedende utdanningsprogram;Hele landet;Telemark;Skien videregående skole;4,2;18
2;3;ENG1007;I;40;974568152;Engelsk vg1 studieforberedende utdanningsprogram;Hele landet;Telemark;Skogmo videregående skole;*;*
2;2;ENG1007;I;55;55;Engelsk vg1 studieforberedende utdanningsprogram;Hele landet;Troms - Romsa - Tromssa ;Alle skoler;4,1;72
2;3;ENG1007;I;55;974546892;Engelsk vg1 studieforberedende utdanningsprogram;Hele landet;Troms - Romsa - Tromssa ;Breivang videregående skole;*;*
2;3;ENG1007;I;55;974546671;Engelsk vg1 studieforberedende utdanningsprogram;Hele landet;Troms - Romsa - Tromssa ;Heggen videregående skole;3,9;16
2;3;ENG1007;I;55;974546744;Engelsk vg1 studieforberedende utdanningsprogram;Hele landet;Troms - Romsa - Tromssa ;Kongsbakken videregående skole;4,3;16
2;3;ENG1007;I;55;974546906;Engelsk vg1 studieforberedende utdanningsprogram;Hele landet;Troms - Romsa - Tromssa ;Kvaløya videregående skole;*;*
2;3;ENG1007;I;55;929440706;Engelsk vg1 studieforberedende utdanningsprogram;Hele landet;Troms - Romsa - Tromssa ;Longyearbyen skole Videregående Avdeling;*;*
2;3;ENG1007;I;55;974546957;Engelsk vg1 studieforberedende utdanningsprogram;Hele landet;Troms - Romsa - Tromssa ;Nord-Troms videregående skole avd Nordreisa;4,5;6
2;3;ENG1007;I;55;974546698;Engelsk vg1 studieforberedende utdanningsprogram;Hele landet;Troms - Romsa - Tromssa ;Senja videregående skole avd Finnfjordbotn;*;*
2;3;ENG1007;I;55;974546809;Engelsk vg1 studieforberedende utdanningsprogram;Hele landet;Troms - Romsa - Tromssa ;Sjøvegan videregående skole;*;*
2;3;ENG1007;I;55;974546868;Engelsk vg1 studieforberedende utdanningsprogram;Hele landet;Troms - Romsa - Tromssa ;Tromsdalen videregående skole;3,9;16
2;2;ENG1007;I;50;50;Engelsk vg1 studieforberedende utdanningsprogram;Hele landet;Trøndelag - Trööndelage;Alle skoler;4,3;248
2;3;ENG1007;I;50;984477112;Engelsk vg1 studieforberedende utdanningsprogram;Hele landet;Trøndelag - Trööndelage;Byåsen videregående skole;4,4;17
2;3;ENG1007;I;50;996772772;Engelsk vg1 studieforberedende utdanningsprogram;Hele landet;Trøndelag - Trööndelage;Charlottenlund videregående skole;4,7;18
2;3;ENG1007;I;50;926694022;Engelsk vg1 studieforberedende utdanningsprogram;Hele landet;Trøndelag - Trööndelage;Cissi Klein videregående skole;4,6;14
2;3;ENG1007;I;50;974557975;Engelsk vg1 studieforberedende utdanningsprogram;Hele landet;Trøndelag - Trööndelage;Fosen videregående skole;*;*
2;3;ENG1007;I;50;974557991;Engelsk vg1 studieforberedende utdanningsprogram;Hele landet;Trøndelag - Trööndelage;Heimdal videregående skole;3,9;10
2;3;ENG1007;I;50;974560798;Engelsk vg1 studieforberedende utdanningsprogram;Hele landet;Trøndelag - Trööndelage;Inderøy videregående skole;4;11
2;3;ENG1007;I;50;974560763;Engelsk vg1 studieforberedende utdanningsprogram;Hele landet;Trøndelag - Trööndelage;Meråker videregående skole;*;*
2;3;ENG1007;I;50;974560712;Engelsk vg1 studieforberedende utdanningsprogram;Hele landet;Trøndelag - Trööndelage;Olav Duun videregående skole;4,3;30
2;3;ENG1007;I;50;974560720;Engelsk vg1 studieforberedende utdanningsprogram;Hele landet;Trøndelag - Trööndelage;Ole Vig videregående skole;4;26
2;3;ENG1007;I;50;974557967;Engelsk vg1 studieforberedende utdanningsprogram;Hele landet;Trøndelag - Trööndelage;Orkdal vidaregåande skole;3,8;21
2;3;ENG1007;I;50;974560690;Engelsk vg1 studieforberedende utdanningsprogram;Hele landet;Trøndelag - Trööndelage;Steinkjer videregående skole;4,3;28
2;3;ENG1007;I;50;996772810;Engelsk vg1 studieforberedende utdanningsprogram;Hele landet;Trøndelag - Trööndelage;Strinda videregående skole;4,8;22
2;3;ENG1007;I;50;995415372;Engelsk vg1 studieforberedende utdanningsprogram;Hele landet;Trøndelag - Trööndelage;Thora Storm videregående skole;4,9;7
2;3;ENG1007;I;50;974558386;Engelsk vg1 studieforberedende utdanningsprogram;Hele landet;Trøndelag - Trööndelage;Tiller videregående skole;3,7;12
2;3;ENG1007;I;50;931570994;Engelsk vg1 studieforberedende utdanningsprogram;Hele landet;Trøndelag - Trööndelage;Trondheim Toppidrettsgymnas Sti;3,7;6
2;3;ENG1007;I;50;974560747;Engelsk vg1 studieforberedende utdanningsprogram;Hele landet;Trøndelag - Trööndelage;Verdal videregående skole;*;*
2;3;ENG1007;I;50;974560739;Engelsk vg1 studieforberedende utdanningsprogram;Hele landet;Trøndelag - Trööndelage;Ytre Namdal videregående skole;4,5;14
2;2;ENG1007;I;39;39;Engelsk vg1 studieforberedende utdanningsprogram;Hele landet;Vestfold;Alle skoler;4;169
2;3;ENG1007;I;39;974575086;Engelsk vg1 studieforberedende utdanningsprogram;Hele landet;Vestfold;Færder videregående skole;4,1;8
2;3;ENG1007;I;39;974574993;Engelsk vg1 studieforberedende utdanningsprogram;Hele landet;Vestfold;Greveskogen videregående skole;3,7;18
2;3;ENG1007;I;39;874575062;Engelsk vg1 studieforberedende utdanningsprogram;Hele landet;Vestfold;Holmestrand videregående skole;3,6;9
2;3;ENG1007;I;39;923261354;Engelsk vg1 studieforberedende utdanningsprogram;Hele landet;Vestfold;Horten videregående skole;4,3;30
2;3;ENG1007;I;39;974575051;Engelsk vg1 studieforberedende utdanningsprogram;Hele landet;Vestfold;Melsom videregående skole;*;*
2;3;ENG1007;I;39;974575000;Engelsk vg1 studieforberedende utdanningsprogram;Hele landet;Vestfold;Nøtterøy videregående skole;4,4;13
2;3;ENG1007;I;39;874575232;Engelsk vg1 studieforberedende utdanningsprogram;Hele landet;Vestfold;Re videregående skole;3,6;11
2;3;ENG1007;I;39;974575116;Engelsk vg1 studieforberedende utdanningsprogram;Hele landet;Vestfold;Sande videregående skole;*;*
2;3;ENG1007;I;39;974575019;Engelsk vg1 studieforberedende utdanningsprogram;Hele landet;Vestfold;Sandefjord videregående skole;4,4;22
2;3;ENG1007;I;39;973488783;Engelsk vg1 studieforberedende utdanningsprogram;Hele landet;Vestfold;Skagerak International School Sti;4,7;10
2;3;ENG1007;I;39;974575027;Engelsk vg1 studieforberedende utdanningsprogram;Hele landet;Vestfold;Thor Heyerdahl videregående skole;3,5;34
2;3;ENG1007;I;39;995354071;Engelsk vg1 studieforberedende utdanningsprogram;Hele landet;Vestfold;Wang Tønsberg AS;4,5;6
2;2;ENG1007;I;46;46;Engelsk vg1 studieforberedende utdanningsprogram;Hele landet;Vestland;Alle skoler;4,2;325
2;3;ENG1007;I;46;986900055;Engelsk vg1 studieforberedende utdanningsprogram;Hele landet;Vestland;Akademiet Vgs Bergen AS;3,9;11
2;3;ENG1007;I;46;974557444;Engelsk vg1 studieforberedende utdanningsprogram;Hele landet;Vestland;Arna vidaregåande skule;*;*
2;3;ENG1007;I;46;974557533;Engelsk vg1 studieforberedende utdanningsprogram;Hele landet;Vestland;Askøy videregående skole;3,8;12
2;3;ENG1007;I;46;874557102;Engelsk vg1 studieforberedende utdanningsprogram;Hele landet;Vestland;Bergen katedralskole;3,9;21
2;3;ENG1007;I;46;974557126;Engelsk vg1 studieforberedende utdanningsprogram;Hele landet;Vestland;Bømlo vidaregåande skule;*;*
2;3;ENG1007;I;46;874571172;Engelsk vg1 studieforberedende utdanningsprogram;Hele landet;Vestland;Eid vidaregåande skule;*;*
2;3;ENG1007;I;46;974571161;Engelsk vg1 studieforberedende utdanningsprogram;Hele landet;Vestland;Firda vidaregåande skule;4,8;13
2;3;ENG1007;I;46;974571145;Engelsk vg1 studieforberedende utdanningsprogram;Hele landet;Vestland;Flora vidaregåande skule;*;*
2;3;ENG1007;I;46;974117959;Engelsk vg1 studieforberedende utdanningsprogram;Hele landet;Vestland;Framnes Kristne vidaregåande skule;4,6;34
2;3;ENG1007;I;46;874557552;Engelsk vg1 studieforberedende utdanningsprogram;Hele landet;Vestland;Fusa vidaregåande skule;*;*
2;3;ENG1007;I;46;974557584;Engelsk vg1 studieforberedende utdanningsprogram;Hele landet;Vestland;Fyllingsdalen videregående skole;4,1;14
2;3;ENG1007;I;46;974571110;Engelsk vg1 studieforberedende utdanningsprogram;Hele landet;Vestland;Førde vidaregåande skule;4;26
2;3;ENG1007;I;46;974557339;Engelsk vg1 studieforberedende utdanningsprogram;Hele landet;Vestland;Knarvik vidaregåande skule;3,8;10
2;3;ENG1007;I;46;974557282;Engelsk vg1 studieforberedende utdanningsprogram;Hele landet;Vestland;Kvinnherad vidaregåande skule;3,7;10
2;3;ENG1007;I;46;974557096;Engelsk vg1 studieforberedende utdanningsprogram;Hele landet;Vestland;Langhaugen videregående skole;4,9;21
2;3;ENG1007;I;46;974571188;Engelsk vg1 studieforberedende utdanningsprogram;Hele landet;Vestland;Måløy vidaregåande skule;*;*
2;3;ENG1007;I;46;993527084;Engelsk vg1 studieforberedende utdanningsprogram;Hele landet;Vestland;Nordahl Grieg videregående skole;4;16
2;3;ENG1007;I;46;974557290;Engelsk vg1 studieforberedende utdanningsprogram;Hele landet;Vestland;Odda vidaregåande skule;4,4;8
2;3;ENG1007;I;46;989630008;Engelsk vg1 studieforberedende utdanningsprogram;Hele landet;Vestland;Olsvikåsen videregående skole;3,4;9
2;3;ENG1007;I;46;974557150;Engelsk vg1 studieforberedende utdanningsprogram;Hele landet;Vestland;Osterøy vidaregåande skule;*;*
2;3;ENG1007;I;46;974557142;Engelsk vg1 studieforberedende utdanningsprogram;Hele landet;Vestland;Sandsli videregående skole;4;10
2;3;ENG1007;I;46;974571056;Engelsk vg1 studieforberedende utdanningsprogram;Hele landet;Vestland;Sogndal vidaregåande skule;4,1;8
2;3;ENG1007;I;46;974557568;Engelsk vg1 studieforberedende utdanningsprogram;Hele landet;Vestland;Sotra vidaregåande skule;3,9;7
2;3;ENG1007;I;46;974557029;Engelsk vg1 studieforberedende utdanningsprogram;Hele landet;Vestland;Stord vidaregåande skule;3,9;12
2;3;ENG1007;I;46;974151537;Engelsk vg1 studieforberedende utdanningsprogram;Hele landet;Vestland;Sygna Vgs;4,5;10
2;3;ENG1007;I;46;974557061;Engelsk vg1 studieforberedende utdanningsprogram;Hele landet;Vestland;Tertnes vidaregåande skule;4;27
2;3;ENG1007;I;46;816031982;Engelsk vg1 studieforberedende utdanningsprogram;Hele landet;Vestland;Voss gymnas;4;6
2;3;ENG1007;I;46;974557487;Engelsk vg1 studieforberedende utdanningsprogram;Hele landet;Vestland;Årstad videregående skole;*;*
2;3;ENG1007;I;46;974557479;Engelsk vg1 studieforberedende utdanningsprogram;Hele landet;Vestland;Åsane vidaregåande skule;*;*
2;2;ENG1007;I;31;31;Engelsk vg1 studieforberedende utdanningsprogram;Hele landet;Østfold;Alle skoler;4,1;167
2;3;ENG1007;I;31;988519480;Engelsk vg1 studieforberedende utdanningsprogram;Hele landet;Østfold;Akademiet Fredrikstad AS Privat videregående skole;3,8;13
2;3;ENG1007;I;31;974544504;Engelsk vg1 studieforberedende utdanningsprogram;Hele landet;Østfold;Askim videregående skole;*;*
2;3;ENG1007;I;31;974544466;Engelsk vg1 studieforberedende utdanningsprogram;Hele landet;Østfold;Frederik Ii videregående skole;3,9;19
2;3;ENG1007;I;31;974544490;Engelsk vg1 studieforberedende utdanningsprogram;Hele landet;Østfold;Greåker videregående skole;4,3;17
2;3;ENG1007;I;31;974544563;Engelsk vg1 studieforberedende utdanningsprogram;Hele landet;Østfold;Halden videregående skole;4,3;20
2;3;ENG1007;I;31;974544520;Engelsk vg1 studieforberedende utdanningsprogram;Hele landet;Østfold;Kalnes videregående skole;*;*
2;3;ENG1007;I;31;974544539;Engelsk vg1 studieforberedende utdanningsprogram;Hele landet;Østfold;Kirkeparken videregående skole;5;17
2;3;ENG1007;I;31;974544547;Engelsk vg1 studieforberedende utdanningsprogram;Hele landet;Østfold;Malakoff videregående skole;3,4;14
2;3;ENG1007;I;31;974544512;Engelsk vg1 studieforberedende utdanningsprogram;Hele landet;Østfold;Mysen videregående skole;4,2;20
2;3;ENG1007;I;31;874544582;Engelsk vg1 studieforberedende utdanningsprogram;Hele landet;Østfold;St. Olav videregående skole;3,8;19
2;3;ENG1007;I;31;986779795;Engelsk vg1 studieforberedende utdanningsprogram;Hele landet;Østfold;Wang Fredrikstad AS;4,1;12
2;1;ENG1007;U;0;U;Engelsk vg1 studieforberedende utdanningsprogram;Utlandet;Alle fylker;Alle skoler;4,3;15
2;2;ENG1007;U;25;25;Engelsk vg1 studieforberedende utdanningsprogram;Utlandet;Utlandet;Alle skoler;4,3;15
2;3;ENG1007;U;25;U90099017;Engelsk vg1 studieforberedende utdanningsprogram;Utlandet;Utlandet;Den norske skole - Gran Canaria;*;*
2;3;ENG1007;U;25;U90099015;Engelsk vg1 studieforberedende utdanningsprogram;Utlandet;Utlandet;Den norske skolen i Rojales (DNSR);*;*
2;0;ENG1009;Alle;0;Alle;Engelsk vg1 yrkesfaglige utdanningsprogram;Hele landet;Alle fylker;Alle skoler;3,4;2 323
2;1;ENG1009;I;0;I;Engelsk vg1 yrkesfaglige utdanningsprogram;Hele landet;Alle fylker;Alle skoler;3,4;2 323
2;2;ENG1009;I;42;42;Engelsk vg1 yrkesfaglige utdanningsprogram;Hele landet;Agder;Alle skoler;3,3;154
2;3;ENG1009;I;42;973391100;Engelsk vg1 yrkesfaglige utdanningsprogram;Hele landet;Agder;Blå Kors videregående skole Øvrebø AS;3;9
2;3;ENG1009;I;42;974595168;Engelsk vg1 yrkesfaglige utdanningsprogram;Hele landet;Agder;Byremo videregående skole;3,2;16
2;3;ENG1009;I;42;874595012;Engelsk vg1 yrkesfaglige utdanningsprogram;Hele landet;Agder;Eilert Sundt videregående skole Studiested Farsund;3;21
2;3;ENG1009;I;42;974594994;Engelsk vg1 yrkesfaglige utdanningsprogram;Hele landet;Agder;Kristiansand katedralskole Gimle;*;*
2;3;ENG1009;I;42;974595117;Engelsk vg1 yrkesfaglige utdanningsprogram;Hele landet;Agder;Kvadraturen videregående skole;3,7;25
2;3;ENG1009;I;42;974573857;Engelsk vg1 yrkesfaglige utdanningsprogram;Hele landet;Agder;Lillesand videregående skole;3,6;18
2;3;ENG1009;I;42;974595125;Engelsk vg1 yrkesfaglige utdanningsprogram;Hele landet;Agder;Mandal videregående skole;2,2;6
2;3;ENG1009;I;42;974573814;Engelsk vg1 yrkesfaglige utdanningsprogram;Hele landet;Agder;Sam Eyde videregående skole;3,4;40
2;3;ENG1009;I;42;974595184;Engelsk vg1 yrkesfaglige utdanningsprogram;Hele landet;Agder;Søgne videregående skole;*;*
2;2;ENG1009;I;32;32;Engelsk vg1 yrkesfaglige utdanningsprogram;Hele landet;Akershus;Alle skoler;3,5;305
2;3;ENG1009;I;32;974587637;Engelsk vg1 yrkesfaglige utdanningsprogram;Hele landet;Akershus;Bjertnes videregående skole;3,5;16
2;3;ENG1009;I;32;974587602;Engelsk vg1 yrkesfaglige utdanningsprogram;Hele landet;Akershus;Bjørkelangen videregående skole;2,9;7
2;3;ENG1009;I;32;974587831;Engelsk vg1 yrkesfaglige utdanningsprogram;Hele landet;Akershus;Bleiker videregående skole;3,3;26
2;3;ENG1009;I;32;974587882;Engelsk vg1 yrkesfaglige utdanningsprogram;Hele landet;Akershus;Drømtorp videregående skole;3,5;17
2;3;ENG1009;I;32;974587661;Engelsk vg1 yrkesfaglige utdanningsprogram;Hele landet;Akershus;Eidsvoll videregående skole;4,2;9
2;3;ENG1009;I;32;974587726;Engelsk vg1 yrkesfaglige utdanningsprogram;Hele landet;Akershus;Eikeli videregående skole;3,2;6
2;3;ENG1009;I;32;825322922;Engelsk vg1 yrkesfaglige utdanningsprogram;Hele landet;Akershus;Feiring videregående skole AS;*;*
2;3;ENG1009;I;32;974587645;Engelsk vg1 yrkesfaglige utdanningsprogram;Hele landet;Akershus;Jessheim videregående skole;2,6;9
2;3;ENG1009;I;32;991815325;Engelsk vg1 yrkesfaglige utdanningsprogram;Hele landet;Akershus;Mailand videregående skole;3,1;7
2;3;ENG1009;I;32;988084948;Engelsk vg1 yrkesfaglige utdanningsprogram;Hele landet;Akershus;Nannestad videregående skole;3,5;13
2;3;ENG1009;I;32;974587653;Engelsk vg1 yrkesfaglige utdanningsprogram;Hele landet;Akershus;Nes videregående skole;3,3;11
2;3;ENG1009;I;32;974587866;Engelsk vg1 yrkesfaglige utdanningsprogram;Hele landet;Akershus;Rosenvilde videregående skole;*;*
2;3;ENG1009;I;32;974587823;Engelsk vg1 yrkesfaglige utdanningsprogram;Hele landet;Akershus;Rud videregående skole;3,6;11
2;3;ENG1009;I;32;974587769;Engelsk vg1 yrkesfaglige utdanningsprogram;Hele landet;Akershus;Rælingen videregående skole;*;*
2;3;ENG1009;I;32;974605953;Engelsk vg1 yrkesfaglige utdanningsprogram;Hele landet;Akershus;Røyken videregående skole;3,3;9
2;3;ENG1009;I;32;988835064;Engelsk vg1 yrkesfaglige utdanningsprogram;Hele landet;Akershus;Sandvika videregående skole;*;*
2;3;ENG1009;I;32;924422459;Engelsk vg1 yrkesfaglige utdanningsprogram;Hele landet;Akershus;Seiersborg videregående skole Follo AS;*;*
2;3;ENG1009;I;32;974587629;Engelsk vg1 yrkesfaglige utdanningsprogram;Hele landet;Akershus;Skedsmo videregående skole;3,6;14
2;3;ENG1009;I;32;974587858;Engelsk vg1 yrkesfaglige utdanningsprogram;Hele landet;Akershus;Strømmen videregående skole;3,2;28
2;3;ENG1009;I;32;874587842;Engelsk vg1 yrkesfaglige utdanningsprogram;Hele landet;Akershus;Sørumsand videregående skole;3,3;33
2;3;ENG1009;I;32;974587815;Engelsk vg1 yrkesfaglige utdanningsprogram;Hele landet;Akershus;Vestby videregående skole;4,2;16
2;3;ENG1009;I;32;974587564;Engelsk vg1 yrkesfaglige utdanningsprogram;Hele landet;Akershus;Ås videregående skole;3,9;51
2;2;ENG1009;I;33;33;Engelsk vg1 yrkesfaglige utdanningsprogram;Hele landet;Buskerud;Alle skoler;3,3;171
2;3;ENG1009;I;33;985500568;Engelsk vg1 yrkesfaglige utdanningsprogram;Hele landet;Buskerud;Akademiet Drammen AS;*;*
2;3;ENG1009;I;33;974606216;Engelsk vg1 yrkesfaglige utdanningsprogram;Hele landet;Buskerud;Buskerud videregående skole;2,7;10
2;3;ENG1009;I;33;874605972;Engelsk vg1 yrkesfaglige utdanningsprogram;Hele landet;Buskerud;Drammen videregående skole;3,2;17
2;3;ENG1009;I;33;974605988;Engelsk vg1 yrkesfaglige utdanningsprogram;Hele landet;Buskerud;Eiker videregående skole;3,1;15
2;3;ENG1009;I;33;974605929;Engelsk vg1 yrkesfaglige utdanningsprogram;Hele landet;Buskerud;Hønefoss videregående skole;4,4;13
2;3;ENG1009;I;33;974605996;Engelsk vg1 yrkesfaglige utdanningsprogram;Hele landet;Buskerud;Kongsberg videregående skole;4;41
2;3;ENG1009;I;33;974606135;Engelsk vg1 yrkesfaglige utdanningsprogram;Hele landet;Buskerud;Lier videregående skole;*;*
2;3;ENG1009;I;33;974606232;Engelsk vg1 yrkesfaglige utdanningsprogram;Hele landet;Buskerud;Numedal videregående skole;2,8;9
2;3;ENG1009;I;33;974606208;Engelsk vg1 yrkesfaglige utdanningsprogram;Hele landet;Buskerud;Ringerike videregående skole;*;*
2;3;ENG1009;I;33;973255754;Engelsk vg1 yrkesfaglige utdanningsprogram;Hele landet;Buskerud;Tyrifjord videregående skole;*;*
2;3;ENG1009;I;33;974605937;Engelsk vg1 yrkesfaglige utdanningsprogram;Hele landet;Buskerud;Åssiden videregående skole;2,9;52
2;2;ENG1009;I;56;56;Engelsk vg1 yrkesfaglige utdanningsprogram;Hele landet;Finnmark - Finnmárku - Finmarkku;Alle skoler;3,4;33
2;3;ENG1009;I;56;974622750;Engelsk vg1 yrkesfaglige utdanningsprogram;Hele landet;Finnmark - Finnmárku - Finmarkku;Alta videregående skole;3,7;14
2;3;ENG1009;I;56;874622702;Engelsk vg1 yrkesfaglige utdanningsprogram;Hele landet;Finnmark - Finnmárku - Finmarkku;Hammerfest videregående skole;*;*
2;3;ENG1009;I;56;974622726;Engelsk vg1 yrkesfaglige utdanningsprogram;Hele landet;Finnmark - Finnmárku - Finmarkku;Kirkenes videregående skole;*;*
2;3;ENG1009;I;56;974759896;Engelsk vg1 yrkesfaglige utdanningsprogram;Hele landet;Finnmark - Finnmárku - Finmarkku;Samisk videregående skole og reindriftsskole;*;*
2;3;ENG1009;I;56;974622718;Engelsk vg1 yrkesfaglige utdanningsprogram;Hele landet;Finnmark - Finnmárku - Finmarkku;Vadsø videregående skole;3;7
2;2;ENG1009;I;34;34;Engelsk vg1 yrkesfaglige utdanningsprogram;Hele landet;Innlandet;Alle skoler;3,2;135
2;3;ENG1009;I;34;974597284;Engelsk vg1 yrkesfaglige utdanningsprogram;Hele landet;Innlandet;Gjøvik videregående skole;4;10
2;3;ENG1009;I;34;998513448;Engelsk vg1 yrkesfaglige utdanningsprogram;Hele landet;Innlandet;Hadeland videregående skole;2,5;12
2;3;ENG1009;I;34;974572060;Engelsk vg1 yrkesfaglige utdanningsprogram;Hele landet;Innlandet;Jønsberg videregående skole;2,2;12
2;3;ENG1009;I;34;974597322;Engelsk vg1 yrkesfaglige utdanningsprogram;Hele landet;Innlandet;Lena-Valle videregående skole avd Lena;*;*
2;3;ENG1009;I;34;974597241;Engelsk vg1 yrkesfaglige utdanningsprogram;Hele landet;Innlandet;Lillehammer videregående skole avd Nord;3,6;19
2;3;ENG1009;I;34;874597252;Engelsk vg1 yrkesfaglige utdanningsprogram;Hele landet;Innlandet;Lillehammer videregående skole avd Sør;*;*
2;3;ENG1009;I;34;974597217;Engelsk vg1 yrkesfaglige utdanningsprogram;Hele landet;Innlandet;Nord-Gudbrandsdal Videregåande skule avd Lom (Nedlagt);*;*
2;3;ENG1009;I;34;970963847;Engelsk vg1 yrkesfaglige utdanningsprogram;Hele landet;Innlandet;Nord-Østerdal videregående skole;3,8;8
2;3;ENG1009;I;34;974597373;Engelsk vg1 yrkesfaglige utdanningsprogram;Hele landet;Innlandet;Raufoss videregående skole avd Dokka;*;*
2;3;ENG1009;I;34;974571897;Engelsk vg1 yrkesfaglige utdanningsprogram;Hele landet;Innlandet;Ringsaker videregående skole;3,5;16
2;3;ENG1009;I;34;974571943;Engelsk vg1 yrkesfaglige utdanningsprogram;Hele landet;Innlandet;Sentrum videregående skole;3,9;7
2;3;ENG1009;I;34;974572117;Engelsk vg1 yrkesfaglige utdanningsprogram;Hele landet;Innlandet;Sentrum videregående skole avd Skarnes;*;*
2;3;ENG1009;I;34;974571986;Engelsk vg1 yrkesfaglige utdanningsprogram;Hele landet;Innlandet;Solør videregående skole;*;*
2;3;ENG1009;I;34;974572079;Engelsk vg1 yrkesfaglige utdanningsprogram;Hele landet;Innlandet;Stange videregående skole;2,6;8
2;3;ENG1009;I;34;974571935;Engelsk vg1 yrkesfaglige utdanningsprogram;Hele landet;Innlandet;Storhamar videregående skole;2,6;14
2;3;ENG1009;I;34;974572028;Engelsk vg1 yrkesfaglige utdanningsprogram;Hele landet;Innlandet;Trysil videregående skole;*;*
2;3;ENG1009;I;34;974597381;Engelsk vg1 yrkesfaglige utdanningsprogram;Hele landet;Innlandet;Valdres vidaregåande skule;3,9;7
2;2;ENG1009;I;15;15;Engelsk vg1 yrkesfaglige utdanningsprogram;Hele landet;Møre og Romsdal;Alle skoler;3,6;174
2;3;ENG1009;I;15;888535322;Engelsk vg1 yrkesfaglige utdanningsprogram;Hele landet;Møre og Romsdal;Akademiet Vgs Møre AS;*;*
2;3;ENG1009;I;15;974576554;Engelsk vg1 yrkesfaglige utdanningsprogram;Hele landet;Møre og Romsdal;Borgund vidaregåande skole;2,5;13
2;3;ENG1009;I;15;974576481;Engelsk vg1 yrkesfaglige utdanningsprogram;Hele landet;Møre og Romsdal;Herøy vidaregåande skule;3,6;21
2;3;ENG1009;I;15;974576589;Engelsk vg1 yrkesfaglige utdanningsprogram;Hele landet;Møre og Romsdal;Kristiansund videregående skole;3,7;37
2;3;ENG1009;I;15;974576562;Engelsk vg1 yrkesfaglige utdanningsprogram;Hele landet;Møre og Romsdal;Rauma videregående skole;4,3;9
2;3;ENG1009;I;15;974576546;Engelsk vg1 yrkesfaglige utdanningsprogram;Hele landet;Møre og Romsdal;Romsdal videregående skole;3,4;50
2;3;ENG1009;I;15;974576651;Engelsk vg1 yrkesfaglige utdanningsprogram;Hele landet;Møre og Romsdal;Surnadal vidaregåande skule;3,3;11
2;3;ENG1009;I;15;974576694;Engelsk vg1 yrkesfaglige utdanningsprogram;Hele landet;Møre og Romsdal;Sykkylven vidaregåande skule;3,8;15
2;3;ENG1009;I;15;974576430;Engelsk vg1 yrkesfaglige utdanningsprogram;Hele landet;Møre og Romsdal;Ulstein vidaregåande skule;*;*
2;3;ENG1009;I;15;974576503;Engelsk vg1 yrkesfaglige utdanningsprogram;Hele landet;Møre og Romsdal;Ålesund videregående skole;3,9;12
2;2;ENG1009;I;18;18;Engelsk vg1 yrkesfaglige utdanningsprogram;Hele landet;Nordland - Nordlánnda;Alle skoler;3,3;140
2;3;ENG1009;I;18;974621223;Engelsk vg1 yrkesfaglige utdanningsprogram;Hele landet;Nordland - Nordlánnda;Bodø videregående skole;3,1;10
2;3;ENG1009;I;18;818509812;Engelsk vg1 yrkesfaglige utdanningsprogram;Hele landet;Nordland - Nordlánnda;Campus Blå videregående skole AS;3,6;14
2;3;ENG1009;I;18;974621193;Engelsk vg1 yrkesfaglige utdanningsprogram;Hele landet;Nordland - Nordlánnda;Meløy videregående skole;2,9;12
2;3;ENG1009;I;18;974621355;Engelsk vg1 yrkesfaglige utdanningsprogram;Hele landet;Nordland - Nordlánnda;Mosjøen videregående skole;3,3;63
2;3;ENG1009;I;18;974041707;Engelsk vg1 yrkesfaglige utdanningsprogram;Hele landet;Nordland - Nordlánnda;Narvik videregående skole;3,1;8
2;3;ENG1009;I;18;974621304;Engelsk vg1 yrkesfaglige utdanningsprogram;Hele landet;Nordland - Nordlánnda;Polarsirkelen videregående skole;3;13
2;3;ENG1009;I;18;974621274;Engelsk vg1 yrkesfaglige utdanningsprogram;Hele landet;Nordland - Nordlánnda;Saltdal videregående skole;3,7;7
2;3;ENG1009;I;18;974621169;Engelsk vg1 yrkesfaglige utdanningsprogram;Hele landet;Nordland - Nordlánnda;Vest-Lofoten videregående skole;3,2;13
2;2;ENG1009;I;3;3;Engelsk vg1 yrkesfaglige utdanningsprogram;Hele landet;Oslo;Alle skoler;3,5;94
2;3;ENG1009;I;3;990574898;Engelsk vg1 yrkesfaglige utdanningsprogram;Hele landet;Oslo;Bjørnholt videregående skole;*;*
2;3;ENG1009;I;3;912001709;Engelsk vg1 yrkesfaglige utdanningsprogram;Hele landet;Oslo;Edvard Munch videregående skole;*;*
2;3;ENG1009;I;3;974591022;Engelsk vg1 yrkesfaglige utdanningsprogram;Hele landet;Oslo;Etterstad videregående skole;2,9;19
2;3;ENG1009;I;3;995821664;Engelsk vg1 yrkesfaglige utdanningsprogram;Hele landet;Oslo;Fyrstikkalleen skole;4,4;8
2;3;ENG1009;I;3;899178092;Engelsk vg1 yrkesfaglige utdanningsprogram;Hele landet;Oslo;Kuben videregående skole;4,1;15
2;3;ENG1009;I;3;996216454;Engelsk vg1 yrkesfaglige utdanningsprogram;Hele landet;Oslo;Nydalen videregående skole;3,9;38
2;3;ENG1009;I;3;974591065;Engelsk vg1 yrkesfaglige utdanningsprogram;Hele landet;Oslo;Stovner videregående skole;*;*
2;3;ENG1009;I;3;974590972;Engelsk vg1 yrkesfaglige utdanningsprogram;Hele landet;Oslo;Ulsrud videregående skole;*;*
2;2;ENG1009;I;11;11;Engelsk vg1 yrkesfaglige utdanningsprogram;Hele landet;Rogaland;Alle skoler;3,4;211
2;3;ENG1009;I;11;913385632;Engelsk vg1 yrkesfaglige utdanningsprogram;Hele landet;Rogaland;Bryne vidaregåande skule;3,4;25
2;3;ENG1009;I;11;974624478;Engelsk vg1 yrkesfaglige utdanningsprogram;Hele landet;Rogaland;Dalane videregående skole;3,2;14
2;3;ENG1009;I;11;974624516;Engelsk vg1 yrkesfaglige utdanningsprogram;Hele landet;Rogaland;Gand videregående skole;3,5;53
2;3;ENG1009;I;11;974624648;Engelsk vg1 yrkesfaglige utdanningsprogram;Hele landet;Rogaland;Godalen videregående skole;3;6
2;3;ENG1009;I;11;974624486;Engelsk vg1 yrkesfaglige utdanningsprogram;Hele landet;Rogaland;Haugaland videregående skole;3,1;28
2;3;ENG1009;I;11;974624591;Engelsk vg1 yrkesfaglige utdanningsprogram;Hele landet;Rogaland;Karmsund videregående skole;3,7;29
2;3;ENG1009;I;11;874117722;Engelsk vg1 yrkesfaglige utdanningsprogram;Hele landet;Rogaland;Lundeneset Vgs;3,9;8
2;3;ENG1009;I;11;974624672;Engelsk vg1 yrkesfaglige utdanningsprogram;Hele landet;Rogaland;Sola videregående skole;2,8;13
2;3;ENG1009;I;11;974624419;Engelsk vg1 yrkesfaglige utdanningsprogram;Hele landet;Rogaland;Strand videregående skole;3,3;9
2;3;ENG1009;I;11;994507508;Engelsk vg1 yrkesfaglige utdanningsprogram;Hele landet;Rogaland;Vågen videregående skole;3,9;14
2;3;ENG1009;I;11;974624494;Engelsk vg1 yrkesfaglige utdanningsprogram;Hele landet;Rogaland;Åkrehamn vidaregåande skole;3;12
2;2;ENG1009;I;40;40;Engelsk vg1 yrkesfaglige utdanningsprogram;Hele landet;Telemark;Alle skoler;3,4;67
2;3;ENG1009;I;40;974568098;Engelsk vg1 yrkesfaglige utdanningsprogram;Hele landet;Telemark;Bamble videregående skole;*;*
2;3;ENG1009;I;40;974568187;Engelsk vg1 yrkesfaglige utdanningsprogram;Hele landet;Telemark;Nome videregående skole avd Søve;3,6;16
2;3;ENG1009;I;40;974568020;Engelsk vg1 yrkesfaglige utdanningsprogram;Hele landet;Telemark;Porsgrunn videregående skole;3,6;10
2;3;ENG1009;I;40;874568082;Engelsk vg1 yrkesfaglige utdanningsprogram;Hele landet;Telemark;Rjukan videregående skole;3,2;6
2;3;ENG1009;I;40;974568039;Engelsk vg1 yrkesfaglige utdanningsprogram;Hele landet;Telemark;Skien videregående skole;*;*
2;3;ENG1009;I;40;974568152;Engelsk vg1 yrkesfaglige utdanningsprogram;Hele landet;Telemark;Skogmo videregående skole;3,5;15
2;3;ENG1009;I;40;974568055;Engelsk vg1 yrkesfaglige utdanningsprogram;Hele landet;Telemark;Vest-Telemark vidaregåande skule;3,7;12
2;2;ENG1009;I;55;55;Engelsk vg1 yrkesfaglige utdanningsprogram;Hele landet;Troms - Romsa - Tromssa ;Alle skoler;3,1;34
2;3;ENG1009;I;55;974546892;Engelsk vg1 yrkesfaglige utdanningsprogram;Hele landet;Troms - Romsa - Tromssa ;Breivang videregående skole;*;*
2;3;ENG1009;I;55;915553354;Engelsk vg1 yrkesfaglige utdanningsprogram;Hele landet;Troms - Romsa - Tromssa ;Ishavsbyen videregående skole;2;7
2;3;ENG1009;I;55;974546906;Engelsk vg1 yrkesfaglige utdanningsprogram;Hele landet;Troms - Romsa - Tromssa ;Kvaløya videregående skole;*;*
2;3;ENG1009;I;55;974546922;Engelsk vg1 yrkesfaglige utdanningsprogram;Hele landet;Troms - Romsa - Tromssa ;Nordkjosbotn videregående skole;3,3;7
2;3;ENG1009;I;55;974546698;Engelsk vg1 yrkesfaglige utdanningsprogram;Hele landet;Troms - Romsa - Tromssa ;Senja videregående skole avd Finnfjordbotn;3,7;6
2;3;ENG1009;I;55;974546809;Engelsk vg1 yrkesfaglige utdanningsprogram;Hele landet;Troms - Romsa - Tromssa ;Sjøvegan videregående skole;*;*
2;3;ENG1009;I;55;974546760;Engelsk vg1 yrkesfaglige utdanningsprogram;Hele landet;Troms - Romsa - Tromssa ;Stangnes Rå videregående skole avd Stangnes;*;*
2;2;ENG1009;I;50;50;Engelsk vg1 yrkesfaglige utdanningsprogram;Hele landet;Trøndelag - Trööndelage;Alle skoler;3,4;233
2;3;ENG1009;I;50;984477112;Engelsk vg1 yrkesfaglige utdanningsprogram;Hele landet;Trøndelag - Trööndelage;Byåsen videregående skole;3,5;29
2;3;ENG1009;I;50;996772772;Engelsk vg1 yrkesfaglige utdanningsprogram;Hele landet;Trøndelag - Trööndelage;Charlottenlund videregående skole;4;26
2;3;ENG1009;I;50;974557975;Engelsk vg1 yrkesfaglige utdanningsprogram;Hele landet;Trøndelag - Trööndelage;Fosen videregående skole;*;*
2;3;ENG1009;I;50;974558017;Engelsk vg1 yrkesfaglige utdanningsprogram;Hele landet;Trøndelag - Trööndelage;Guri Kunna videregående skole avd Hitra;2,5;19
2;3;ENG1009;I;50;974557991;Engelsk vg1 yrkesfaglige utdanningsprogram;Hele landet;Trøndelag - Trööndelage;Heimdal videregående skole;*;*
2;3;ENG1009;I;50;974149699;Engelsk vg1 yrkesfaglige utdanningsprogram;Hele landet;Trøndelag - Trööndelage;Kristen videregående skole Trøndelag;*;*
2;3;ENG1009;I;50;973638416;Engelsk vg1 yrkesfaglige utdanningsprogram;Hele landet;Trøndelag - Trööndelage;Lukas videregående skole AS;*;*
2;3;ENG1009;I;50;874558362;Engelsk vg1 yrkesfaglige utdanningsprogram;Hele landet;Trøndelag - Trööndelage;Melhus videregående skole;3;13
2;3;ENG1009;I;50;974560720;Engelsk vg1 yrkesfaglige utdanningsprogram;Hele landet;Trøndelag - Trööndelage;Ole Vig videregående skole;3,2;16
2;3;ENG1009;I;50;974557967;Engelsk vg1 yrkesfaglige utdanningsprogram;Hele landet;Trøndelag - Trööndelage;Orkdal vidaregåande skole;*;*
2;3;ENG1009;I;50;974558122;Engelsk vg1 yrkesfaglige utdanningsprogram;Hele landet;Trøndelag - Trööndelage;Orkland videregående skole Løkken;2,8;11
2;3;ENG1009;I;50;974558068;Engelsk vg1 yrkesfaglige utdanningsprogram;Hele landet;Trøndelag - Trööndelage;Selbu videregående skole;3,7;6
2;3;ENG1009;I;50;974560690;Engelsk vg1 yrkesfaglige utdanningsprogram;Hele landet;Trøndelag - Trööndelage;Steinkjer videregående skole;2,7;14
2;3;ENG1009;I;50;996772810;Engelsk vg1 yrkesfaglige utdanningsprogram;Hele landet;Trøndelag - Trööndelage;Strinda videregående skole;3,9;16
2;3;ENG1009;I;50;974558386;Engelsk vg1 yrkesfaglige utdanningsprogram;Hele landet;Trøndelag - Trööndelage;Tiller videregående skole;4,1;30
2;3;ENG1009;I;50;974560747;Engelsk vg1 yrkesfaglige utdanningsprogram;Hele landet;Trøndelag - Trööndelage;Verdal videregående skole;2,4;9
2;3;ENG1009;I;50;974560739;Engelsk vg1 yrkesfaglige utdanningsprogram;Hele landet;Trøndelag - Trööndelage;Ytre Namdal videregående skole;3,3;15
2;2;ENG1009;I;39;39;Engelsk vg1 yrkesfaglige utdanningsprogram;Hele landet;Vestfold;Alle skoler;3,4;119
2;3;ENG1009;I;39;974575086;Engelsk vg1 yrkesfaglige utdanningsprogram;Hele landet;Vestfold;Færder videregående skole;3,6;37
2;3;ENG1009;I;39;974574993;Engelsk vg1 yrkesfaglige utdanningsprogram;Hele landet;Vestfold;Greveskogen videregående skole;2,7;6
2;3;ENG1009;I;39;923261354;Engelsk vg1 yrkesfaglige utdanningsprogram;Hele landet;Vestfold;Horten videregående skole;3,6;16
2;3;ENG1009;I;39;974575051;Engelsk vg1 yrkesfaglige utdanningsprogram;Hele landet;Vestfold;Melsom videregående skole;*;*
2;3;ENG1009;I;39;974575000;Engelsk vg1 yrkesfaglige utdanningsprogram;Hele landet;Vestfold;Nøtterøy videregående skole;3,8;8
2;3;ENG1009;I;39;874575232;Engelsk vg1 yrkesfaglige utdanningsprogram;Hele landet;Vestfold;Re videregående skole;2,7;7
2;3;ENG1009;I;39;974575116;Engelsk vg1 yrkesfaglige utdanningsprogram;Hele landet;Vestfold;Sande videregående skole;*;*
2;3;ENG1009;I;39;974575019;Engelsk vg1 yrkesfaglige utdanningsprogram;Hele landet;Vestfold;Sandefjord videregående skole;3,3;24
2;3;ENG1009;I;39;974575027;Engelsk vg1 yrkesfaglige utdanningsprogram;Hele landet;Vestfold;Thor Heyerdahl videregående skole;3,1;14
2;2;ENG1009;I;46;46;Engelsk vg1 yrkesfaglige utdanningsprogram;Hele landet;Vestland;Alle skoler;3,5;331
2;3;ENG1009;I;46;999546560;Engelsk vg1 yrkesfaglige utdanningsprogram;Hele landet;Vestland;Amalie Skram videregående skole;4,6;8
2;3;ENG1009;I;46;974557444;Engelsk vg1 yrkesfaglige utdanningsprogram;Hele landet;Vestland;Arna vidaregåande skule;2,4;8
2;3;ENG1009;I;46;974557533;Engelsk vg1 yrkesfaglige utdanningsprogram;Hele landet;Vestland;Askøy videregående skole;3,3;10
2;3;ENG1009;I;46;974557592;Engelsk vg1 yrkesfaglige utdanningsprogram;Hele landet;Vestland;Austevoll vidaregåande skule;3,1;15
2;3;ENG1009;I;46;974557126;Engelsk vg1 yrkesfaglige utdanningsprogram;Hele landet;Vestland;Bømlo vidaregåande skule;*;*
2;3;ENG1009;I;46;974571137;Engelsk vg1 yrkesfaglige utdanningsprogram;Hele landet;Vestland;Dale vidaregåande skule;*;*
2;3;ENG1009;I;46;873159642;Engelsk vg1 yrkesfaglige utdanningsprogram;Hele landet;Vestland;Danielsen videregående skole;3,5;8
2;3;ENG1009;I;46;874571172;Engelsk vg1 yrkesfaglige utdanningsprogram;Hele landet;Vestland;Eid vidaregåande skule;*;*
2;3;ENG1009;I;46;974557630;Engelsk vg1 yrkesfaglige utdanningsprogram;Hele landet;Vestland;Fitjar vidaregåande skule;3,2;11
2;3;ENG1009;I;46;874557552;Engelsk vg1 yrkesfaglige utdanningsprogram;Hele landet;Vestland;Fusa vidaregåande skule;3,7;6
2;3;ENG1009;I;46;974557584;Engelsk vg1 yrkesfaglige utdanningsprogram;Hele landet;Vestland;Fyllingsdalen videregående skole;3,2;9
2;3;ENG1009;I;46;974571110;Engelsk vg1 yrkesfaglige utdanningsprogram;Hele landet;Vestland;Førde vidaregåande skule;3,5;12
2;3;ENG1009;I;46;974557339;Engelsk vg1 yrkesfaglige utdanningsprogram;Hele landet;Vestland;Knarvik vidaregåande skule;3,7;12
2;3;ENG1009;I;46;974557045;Engelsk vg1 yrkesfaglige utdanningsprogram;Hele landet;Vestland;Kvam vidaregåande skule;*;*
2;3;ENG1009;I;46;974557282;Engelsk vg1 yrkesfaglige utdanningsprogram;Hele landet;Vestland;Kvinnherad vidaregåande skule;3,7;7
2;3;ENG1009;I;46;974557355;Engelsk vg1 yrkesfaglige utdanningsprogram;Hele landet;Vestland;Laksevåg og Bergen Maritime videregående skole;4,8;14
2;3;ENG1009;I;46;974557290;Engelsk vg1 yrkesfaglige utdanningsprogram;Hele landet;Vestland;Odda vidaregåande skule;3,3;7
2;3;ENG1009;I;46;989630008;Engelsk vg1 yrkesfaglige utdanningsprogram;Hele landet;Vestland;Olsvikåsen videregående skole;3,6;13
2;3;ENG1009;I;46;974557576;Engelsk vg1 yrkesfaglige utdanningsprogram;Hele landet;Vestland;Os vidaregåande skule;3,8;48
2;3;ENG1009;I;46;974557150;Engelsk vg1 yrkesfaglige utdanningsprogram;Hele landet;Vestland;Osterøy vidaregåande skule;*;*
2;3;ENG1009;I;46;974557320;Engelsk vg1 yrkesfaglige utdanningsprogram;Hele landet;Vestland;Slåtthaug videregående skole;3;10
2;3;ENG1009;I;46;974571056;Engelsk vg1 yrkesfaglige utdanningsprogram;Hele landet;Vestland;Sogndal vidaregåande skule;3,6;8
2;3;ENG1009;I;46;974557568;Engelsk vg1 yrkesfaglige utdanningsprogram;Hele landet;Vestland;Sotra vidaregåande skule;2,8;17
2;3;ENG1009;I;46;974557703;Engelsk vg1 yrkesfaglige utdanningsprogram;Hele landet;Vestland;Stend vidaregåande skule;3,9;19
2;3;ENG1009;I;46;974557029;Engelsk vg1 yrkesfaglige utdanningsprogram;Hele landet;Vestland;Stord vidaregåande skule;3,2;10
2;3;ENG1009;I;46;974571153;Engelsk vg1 yrkesfaglige utdanningsprogram;Hele landet;Vestland;Stryn vidaregåande skule;3;11
2;3;ENG1009;I;46;974151537;Engelsk vg1 yrkesfaglige utdanningsprogram;Hele landet;Vestland;Sygna Vgs;3,3;7
2;3;ENG1009;I;46;916031858;Engelsk vg1 yrkesfaglige utdanningsprogram;Hele landet;Vestland;Voss vidaregåande skule;3,5;12
2;3;ENG1009;I;46;974557487;Engelsk vg1 yrkesfaglige utdanningsprogram;Hele landet;Vestland;Årstad videregående skole;3,3;7
2;3;ENG1009;I;46;974557479;Engelsk vg1 yrkesfaglige utdanningsprogram;Hele landet;Vestland;Åsane vidaregåande skule;3,5;24
2;2;ENG1009;I;31;31;Engelsk vg1 yrkesfaglige utdanningsprogram;Hele landet;Østfold;Alle skoler;3,4;122
2;3;ENG1009;I;31;974544504;Engelsk vg1 yrkesfaglige utdanningsprogram;Hele landet;Østfold;Askim videregående skole;3,1;17
2;3;ENG1009;I;31;874544442;Engelsk vg1 yrkesfaglige utdanningsprogram;Hele landet;Østfold;Borg videregående skole;3;6
2;3;ENG1009;I;31;974544482;Engelsk vg1 yrkesfaglige utdanningsprogram;Hele landet;Østfold;Glemmen videregående skole;4;34
2;3;ENG1009;I;31;974544490;Engelsk vg1 yrkesfaglige utdanningsprogram;Hele landet;Østfold;Greåker videregående skole;2,9;14
2;3;ENG1009;I;31;974544563;Engelsk vg1 yrkesfaglige utdanningsprogram;Hele landet;Østfold;Halden videregående skole;*;*
2;3;ENG1009;I;31;974544520;Engelsk vg1 yrkesfaglige utdanningsprogram;Hele landet;Østfold;Kalnes videregående skole;*;*
2;3;ENG1009;I;31;974544539;Engelsk vg1 yrkesfaglige utdanningsprogram;Hele landet;Østfold;Kirkeparken videregående skole;*;*
2;3;ENG1009;I;31;974544547;Engelsk vg1 yrkesfaglige utdanningsprogram;Hele landet;Østfold;Malakoff videregående skole;3,2;11
2;3;ENG1009;I;31;974544512;Engelsk vg1 yrkesfaglige utdanningsprogram;Hele landet;Østfold;Mysen videregående skole;3,3;15
2;3;ENG1009;I;31;974826704;Engelsk vg1 yrkesfaglige utdanningsprogram;Hele landet;Østfold;Stiftelsen Østerbo videregående skole;*;*
2;3;ENG1009;I;31;974117290;Engelsk vg1 yrkesfaglige utdanningsprogram;Hele landet;Østfold;Tomb videregående skole;3,9;10
2;0;FSP6149;Alle;0;Alle;Fransk I;Hele landet;Alle fylker;Alle skoler;3,2;76
2;1;FSP6149;I;0;I;Fransk I;Hele landet;Alle fylker;Alle skoler;3,2;76
2;2;FSP6149;I;42;42;Fransk I;Hele landet;Agder;Alle skoler;3,6;9
2;3;FSP6149;I;42;874595152;Fransk I;Hele landet;Agder;Tangen videregående skole;*;*
2;3;FSP6149;I;42;974595001;Fransk I;Hele landet;Agder;Vågsbygd videregående skole;*;*
2;2;FSP6149;I;33;33;Fransk I;Hele landet;Buskerud;Alle skoler;2,8;12
2;3;FSP6149;I;33;974605929;Fransk I;Hele landet;Buskerud;Hønefoss videregående skole;2,8;12
2;2;FSP6149;I;56;56;Fransk I;Hele landet;Finnmark - Finnmárku - Finmarkku;Alle skoler;*;*
2;3;FSP6149;I;56;974622726;Fransk I;Hele landet;Finnmark - Finnmárku - Finmarkku;Kirkenes videregående skole;*;*
2;2;FSP6149;I;34;34;Fransk I;Hele landet;Innlandet;Alle skoler;*;*
2;3;FSP6149;I;34;874597252;Fransk I;Hele landet;Innlandet;Lillehammer videregående skole avd Sør;*;*
2;2;FSP6149;I;15;15;Fransk I;Hele landet;Møre og Romsdal;Alle skoler;3,5;6
2;3;FSP6149;I;15;874576492;Fransk I;Hele landet;Møre og Romsdal;Volda vidaregåande skule;3,5;6
2;2;FSP6149;I;18;18;Fransk I;Hele landet;Nordland - Nordlánnda;Alle skoler;*;*
2;3;FSP6149;I;18;974621053;Fransk I;Hele landet;Nordland - Nordlánnda;Sortland videregående skole avd Sortland;*;*
2;2;FSP6149;I;40;40;Fransk I;Hele landet;Telemark;Alle skoler;*;*
2;3;FSP6149;I;40;874568082;Fransk I;Hele landet;Telemark;Rjukan videregående skole;*;*
2;2;FSP6149;I;55;55;Fransk I;Hele landet;Troms - Romsa - Tromssa ;Alle skoler;4,5;6
2;3;FSP6149;I;55;974546744;Fransk I;Hele landet;Troms - Romsa - Tromssa ;Kongsbakken videregående skole;*;*
2;3;FSP6149;I;55;974546906;Fransk I;Hele landet;Troms - Romsa - Tromssa ;Kvaløya videregående skole;*;*
2;3;FSP6149;I;55;974546868;Fransk I;Hele landet;Troms - Romsa - Tromssa ;Tromsdalen videregående skole;*;*
2;2;FSP6149;I;50;50;Fransk I;Hele landet;Trøndelag - Trööndelage;Alle skoler;2,7;6
2;3;FSP6149;I;50;974557967;Fransk I;Hele landet;Trøndelag - Trööndelage;Orkdal vidaregåande skole;*;*
2;3;FSP6149;I;50;974558386;Fransk I;Hele landet;Trøndelag - Trööndelage;Tiller videregående skole;*;*
2;2;FSP6149;I;39;39;Fransk I;Hele landet;Vestfold;Alle skoler;3,2;17
2;3;FSP6149;I;39;874575232;Fransk I;Hele landet;Vestfold;Re videregående skole;3,7;10
2;3;FSP6149;I;39;974575019;Fransk I;Hele landet;Vestfold;Sandefjord videregående skole;2,6;7
2;2;FSP6149;I;46;46;Fransk I;Hele landet;Vestland;Alle skoler;2,7;12
2;3;FSP6149;I;46;974557533;Fransk I;Hele landet;Vestland;Askøy videregående skole;*;*
2;3;FSP6149;I;46;974571161;Fransk I;Hele landet;Vestland;Firda vidaregåande skule;*;*
2;3;FSP6149;I;46;974557290;Fransk I;Hele landet;Vestland;Odda vidaregåande skule;*;*
2;2;FSP6149;I;31;31;Fransk I;Hele landet;Østfold;Alle skoler;*;*
2;3;FSP6149;I;31;874544582;Fransk I;Hele landet;Østfold;St. Olav videregående skole;*;*
2;0;FSP6152;Alle;0;Alle;Fransk II;Hele landet;Alle fylker;Alle skoler;3,6;855
2;1;FSP6152;I;0;I;Fransk II;Hele landet;Alle fylker;Alle skoler;3,6;855
2;2;FSP6152;I;42;42;Fransk II;Hele landet;Agder;Alle skoler;3;27
2;3;FSP6152;I;42;974573873;Fransk II;Hele landet;Agder;Arendal videregående skole avd Tyholmen;3,7;11
2;3;FSP6152;I;42;974573881;Fransk II;Hele landet;Agder;Dahlske videregående skole;*;*
2;3;FSP6152;I;42;974595141;Fransk II;Hele landet;Agder;Flekkefjord videregående skole Studiested Flekkefjord;*;*
2;3;FSP6152;I;42;974573865;Fransk II;Hele landet;Agder;Tvedestrand videregående skole;*;*
2;2;FSP6152;I;32;32;Fransk II;Hele landet;Akershus;Alle skoler;3,5;196
2;3;FSP6152;I;32;974587742;Fransk II;Hele landet;Akershus;Asker videregående skole;4,4;17
2;3;FSP6152;I;32;974587637;Fransk II;Hele landet;Akershus;Bjertnes videregående skole;4,2;18
2;3;FSP6152;I;32;974587831;Fransk II;Hele landet;Akershus;Bleiker videregående skole;*;*
2;3;FSP6152;I;32;974587890;Fransk II;Hele landet;Akershus;Dønski videregående skole;2,7;6
2;3;FSP6152;I;32;988843709;Fransk II;Hele landet;Akershus;Frogn videregående skole;*;*
2;3;FSP6152;I;32;974587645;Fransk II;Hele landet;Akershus;Jessheim videregående skole;3,2;15
2;3;FSP6152;I;32;974587750;Fransk II;Hele landet;Akershus;Lillestrøm videregående skole;4,5;10
2;3;FSP6152;I;32;974587610;Fransk II;Hele landet;Akershus;Lørenskog videregående skole;5;6
2;3;FSP6152;I;32;991815325;Fransk II;Hele landet;Akershus;Mailand videregående skole;*;*
2;3;FSP6152;I;32;974587734;Fransk II;Hele landet;Akershus;Nadderud videregående skole;3,8;10
2;3;FSP6152;I;32;988084948;Fransk II;Hele landet;Akershus;Nannestad videregående skole;2,2;10
2;3;FSP6152;I;32;974587599;Fransk II;Hele landet;Akershus;Nesbru videregående skole;3,7;6
2;3;FSP6152;I;32;974587572;Fransk II;Hele landet;Akershus;Nesodden videregående skole;*;*
2;3;FSP6152;I;32;974587580;Fransk II;Hele landet;Akershus;Roald Amundsen videregående skole;2,5;6
2;3;FSP6152;I;32;974587866;Fransk II;Hele landet;Akershus;Rosenvilde videregående skole;2,1;8
2;3;FSP6152;I;32;974587823;Fransk II;Hele landet;Akershus;Rud videregående skole;4,1;14
2;3;FSP6152;I;32;974587769;Fransk II;Hele landet;Akershus;Rælingen videregående skole;*;*
2;3;FSP6152;I;32;988835064;Fransk II;Hele landet;Akershus;Sandvika videregående skole;3,1;23
2;3;FSP6152;I;32;974587696;Fransk II;Hele landet;Akershus;Ski videregående skole;4;7
2;3;FSP6152;I;32;974587718;Fransk II;Hele landet;Akershus;Stabekk videregående skole;4,1;7
2;3;FSP6152;I;32;874587842;Fransk II;Hele landet;Akershus;Sørumsand videregående skole;*;*
2;3;FSP6152;I;32;874587702;Fransk II;Hele landet;Akershus;Valler videregående skole;2,9;7
2;3;FSP6152;I;32;974587564;Fransk II;Hele landet;Akershus;Ås videregående skole;*;*
2;2;FSP6152;I;33;33;Fransk II;Hele landet;Buskerud;Alle skoler;3,1;41
2;3;FSP6152;I;33;985500568;Fransk II;Hele landet;Buskerud;Akademiet Drammen AS;*;*
2;3;FSP6152;I;33;874605972;Fransk II;Hele landet;Buskerud;Drammen videregående skole;2,3;15
2;3;FSP6152;I;33;974606194;Fransk II;Hele landet;Buskerud;Gol vidaregåande skule;*;*
2;3;FSP6152;I;33;974605996;Fransk II;Hele landet;Buskerud;Kongsberg videregående skole;*;*
2;3;FSP6152;I;33;974606208;Fransk II;Hele landet;Buskerud;Ringerike videregående skole;3,5;10
2;3;FSP6152;I;33;974605961;Fransk II;Hele landet;Buskerud;St Hallvard videregående skole;*;*
2;3;FSP6152;I;33;973255754;Fransk II;Hele landet;Buskerud;Tyrifjord videregående skole;*;*
2;2;FSP6152;I;56;56;Fransk II;Hele landet;Finnmark - Finnmárku - Finmarkku;Alle skoler;*;*
2;3;FSP6152;I;56;974622718;Fransk II;Hele landet;Finnmark - Finnmárku - Finmarkku;Vadsø videregående skole;*;*
2;2;FSP6152;I;34;34;Fransk II;Hele landet;Innlandet;Alle skoler;3,1;44
2;3;FSP6152;I;34;974597284;Fransk II;Hele landet;Innlandet;Gjøvik videregående skole;2,9;9
2;3;FSP6152;I;34;974571919;Fransk II;Hele landet;Innlandet;Hamar katedralskole;2,8;21
2;3;FSP6152;I;34;974597322;Fransk II;Hele landet;Innlandet;Lena-Valle videregående skole avd Lena;*;*
2;3;FSP6152;I;34;874597252;Fransk II;Hele landet;Innlandet;Lillehammer videregående skole avd Sør;*;*
2;3;FSP6152;I;34;974571897;Fransk II;Hele landet;Innlandet;Ringsaker videregående skole;*;*
2;3;FSP6152;I;34;974572079;Fransk II;Hele landet;Innlandet;Stange videregående skole;3,8;6
2;3;FSP6152;I;34;974597233;Fransk II;Hele landet;Innlandet;Vinstra vidaregåande skule;*;*
2;2;FSP6152;I;15;15;Fransk II;Hele landet;Møre og Romsdal;Alle skoler;3,5;29
2;3;FSP6152;I;15;984800746;Fransk II;Hele landet;Møre og Romsdal;Akademiet Vgs Ålesund AS;2,7;7
2;3;FSP6152;I;15;974576473;Fransk II;Hele landet;Møre og Romsdal;Atlanten videregående skole;*;*
2;3;FSP6152;I;15;974576422;Fransk II;Hele landet;Møre og Romsdal;Molde videregående skole;*;*
2;3;FSP6152;I;15;974577267;Fransk II;Hele landet;Møre og Romsdal;Spjelkavik videregående skole;*;*
2;3;FSP6152;I;15;974576503;Fransk II;Hele landet;Møre og Romsdal;Ålesund videregående skole;3,5;11
2;2;FSP6152;I;18;18;Fransk II;Hele landet;Nordland - Nordlánnda;Alle skoler;3,5;28
2;3;FSP6152;I;18;974621134;Fransk II;Hele landet;Nordland - Nordlánnda;Aust-Lofoten videregående skole;*;*
2;3;FSP6152;I;18;974621215;Fransk II;Hele landet;Nordland - Nordlánnda;Bodin videregående skole;4,1;12
2;3;FSP6152;I;18;974621223;Fransk II;Hele landet;Nordland - Nordlánnda;Bodø videregående skole;*;*
2;3;FSP6152;I;18;974041707;Fransk II;Hele landet;Nordland - Nordlánnda;Narvik videregående skole;*;*
2;3;FSP6152;I;18;974621304;Fransk II;Hele landet;Nordland - Nordlánnda;Polarsirkelen videregående skole;*;*
2;3;FSP6152;I;18;974621053;Fransk II;Hele landet;Nordland - Nordlánnda;Sortland videregående skole avd Sortland;*;*
2;2;FSP6152;I;3;3;Fransk II;Hele landet;Oslo;Alle skoler;4,2;203
2;3;FSP6152;I;3;990574898;Fransk II;Hele landet;Oslo;Bjørnholt videregående skole;*;*
2;3;FSP6152;I;3;912703312;Fransk II;Hele landet;Oslo;Blindern videregående skole;3,3;9
2;3;FSP6152;I;3;912001709;Fransk II;Hele landet;Oslo;Edvard Munch videregående skole;4,4;15
2;3;FSP6152;I;3;974590999;Fransk II;Hele landet;Oslo;Elvebakken videregående skole;5;29
2;3;FSP6152;I;3;974590867;Fransk II;Hele landet;Oslo;Foss videregående skole;5;30
2;3;FSP6152;I;3;995821664;Fransk II;Hele landet;Oslo;Fyrstikkalleen skole;4,1;8
2;3;FSP6152;I;3;974590891;Fransk II;Hele landet;Oslo;Hartvig Nissens skole;3,4;7
2;3;FSP6152;I;3;974590956;Fransk II;Hele landet;Oslo;Hellerud videregående skole;*;*
2;3;FSP6152;I;3;912001008;Fransk II;Hele landet;Oslo;Hersleb videregående skole;*;*
2;3;FSP6152;I;3;974117797;Fransk II;Hele landet;Oslo;Kristelig gymnasium AS videregående skole;*;*
2;3;FSP6152;I;3;899178092;Fransk II;Hele landet;Oslo;Kuben videregående skole;*;*
2;3;FSP6152;I;3;974590913;Fransk II;Hele landet;Oslo;Lambertseter videregående skole;4,4;10
2;3;FSP6152;I;3;996216454;Fransk II;Hele landet;Oslo;Nydalen videregående skole;4,6;9
2;3;FSP6152;I;3;974590883;Fransk II;Hele landet;Oslo;Oslo Handelsgymnasium;*;*
2;3;FSP6152;I;3;874590932;Fransk II;Hele landet;Oslo;Oslo katedralskole;*;*
2;3;FSP6152;I;3;972286389;Fransk II;Hele landet;Oslo;Oslo private gymnasium AS;*;*
2;3;FSP6152;I;3;974590948;Fransk II;Hele landet;Oslo;Persbråten videregående skole;3,3;11
2;3;FSP6152;I;3;974590964;Fransk II;Hele landet;Oslo;Ullern videregående skole;4;10
2;3;FSP6152;I;3;974590972;Fransk II;Hele landet;Oslo;Ulsrud videregående skole;*;*
2;3;FSP6152;I;3;917527067;Fransk II;Hele landet;Oslo;Valle Hovin videregående skole;*;*
2;3;FSP6152;I;3;925607797;Fransk II;Hele landet;Oslo;Vika videregående skole;4,2;11
2;2;FSP6152;I;11;11;Fransk II;Hele landet;Rogaland;Alle skoler;3,6;59
2;3;FSP6152;I;11;913385632;Fransk II;Hele landet;Rogaland;Bryne vidaregåande skule;*;*
2;3;FSP6152;I;11;974624389;Fransk II;Hele landet;Rogaland;Kopervik videregående skole;*;*
2;3;FSP6152;I;11;974624664;Fransk II;Hele landet;Rogaland;Randaberg videregående skole;*;*
2;3;FSP6152;I;11;974624397;Fransk II;Hele landet;Rogaland;Sandnes videregående skole;4,2;15
2;3;FSP6152;I;11;974624362;Fransk II;Hele landet;Rogaland;Skeisvang videregående skole;3,6;8
2;3;FSP6152;I;11;974624672;Fransk II;Hele landet;Rogaland;Sola videregående skole;2,9;7
2;3;FSP6152;I;11;974624427;Fransk II;Hele landet;Rogaland;St Svithun videregående skole;*;*
2;3;FSP6152;I;11;974624400;Fransk II;Hele landet;Rogaland;Stavanger katedralskole;4,2;6
2;3;FSP6152;I;11;974624435;Fransk II;Hele landet;Rogaland;Vardafjell videregående skole;*;*
2;3;FSP6152;I;11;994507508;Fransk II;Hele landet;Rogaland;Vågen videregående skole;*;*
2;3;FSP6152;I;11;988586102;Fransk II;Hele landet;Rogaland;Wang Toppidrett Stavanger AS;3,3;6
2;2;FSP6152;I;55;55;Fransk II;Hele landet;Troms - Romsa - Tromssa ;Alle skoler;*;*
2;3;FSP6152;I;55;974546892;Fransk II;Hele landet;Troms - Romsa - Tromssa ;Breivang videregående skole;*;*
2;3;FSP6152;I;55;974546671;Fransk II;Hele landet;Troms - Romsa - Tromssa ;Heggen videregående skole;*;*
2;3;FSP6152;I;55;974546744;Fransk II;Hele landet;Troms - Romsa - Tromssa ;Kongsbakken videregående skole;4,1;11
2;2;FSP6152;I;50;50;Fransk II;Hele landet;Trøndelag - Trööndelage;Alle skoler;3,1;61
2;3;FSP6152;I;50;996772772;Fransk II;Hele landet;Trøndelag - Trööndelage;Charlottenlund videregående skole;2,9;9
2;3;FSP6152;I;50;974557975;Fransk II;Hele landet;Trøndelag - Trööndelage;Fosen videregående skole;*;*
2;3;FSP6152;I;50;974149699;Fransk II;Hele landet;Trøndelag - Trööndelage;Kristen videregående skole Trøndelag;*;*
2;3;FSP6152;I;50;874558052;Fransk II;Hele landet;Trøndelag - Trööndelage;Kyrksæterøra videregående skole;*;*
2;3;FSP6152;I;50;974560720;Fransk II;Hele landet;Trøndelag - Trööndelage;Ole Vig videregående skole;2,8;16
2;3;FSP6152;I;50;996772810;Fransk II;Hele landet;Trøndelag - Trööndelage;Strinda videregående skole;2,5;13
2;3;FSP6152;I;50;995415372;Fransk II;Hele landet;Trøndelag - Trööndelage;Thora Storm videregående skole;4,2;10
2;3;FSP6152;I;50;974557908;Fransk II;Hele landet;Trøndelag - Trööndelage;Trondheim katedralskole;*;*
2;2;FSP6152;I;39;39;Fransk II;Hele landet;Vestfold;Alle skoler;3,3;45
2;3;FSP6152;I;39;974574993;Fransk II;Hele landet;Vestfold;Greveskogen videregående skole;4;9
2;3;FSP6152;I;39;923261354;Fransk II;Hele landet;Vestfold;Horten videregående skole;2,6;10
2;3;FSP6152;I;39;974575000;Fransk II;Hele landet;Vestfold;Nøtterøy videregående skole;*;*
2;3;FSP6152;I;39;874575232;Fransk II;Hele landet;Vestfold;Re videregående skole;2,8;12
2;3;FSP6152;I;39;974575116;Fransk II;Hele landet;Vestfold;Sande videregående skole;*;*
2;3;FSP6152;I;39;974575019;Fransk II;Hele landet;Vestfold;Sandefjord videregående skole;3,7;7
2;2;FSP6152;I;46;46;Fransk II;Hele landet;Vestland;Alle skoler;3,6;74
2;3;FSP6152;I;46;999546560;Fransk II;Hele landet;Vestland;Amalie Skram videregående skole;3,6;17
2;3;FSP6152;I;46;974557533;Fransk II;Hele landet;Vestland;Askøy videregående skole;*;*
2;3;FSP6152;I;46;874557102;Fransk II;Hele landet;Vestland;Bergen katedralskole;3,5;13
2;3;FSP6152;I;46;974557584;Fransk II;Hele landet;Vestland;Fyllingsdalen videregående skole;*;*
2;3;FSP6152;I;46;974557096;Fransk II;Hele landet;Vestland;Langhaugen videregående skole;4,3;9
2;3;FSP6152;I;46;993527084;Fransk II;Hele landet;Vestland;Nordahl Grieg videregående skole;3;6
2;3;FSP6152;I;46;989630008;Fransk II;Hele landet;Vestland;Olsvikåsen videregående skole;2,9;8
2;3;FSP6152;I;46;974557142;Fransk II;Hele landet;Vestland;Sandsli videregående skole;*;*
2;3;FSP6152;I;46;974557029;Fransk II;Hele landet;Vestland;Stord vidaregåande skule;*;*
2;3;FSP6152;I;46;974557061;Fransk II;Hele landet;Vestland;Tertnes vidaregåande skule;4;9
2;3;FSP6152;I;46;816031982;Fransk II;Hele landet;Vestland;Voss gymnas;*;*
2;2;FSP6152;I;31;31;Fransk II;Hele landet;Østfold;Alle skoler;3,7;31
2;3;FSP6152;I;31;974544504;Fransk II;Hele landet;Østfold;Askim videregående skole;*;*
2;3;FSP6152;I;31;974544466;Fransk II;Hele landet;Østfold;Frederik Ii videregående skole;*;*
2;3;FSP6152;I;31;974544490;Fransk II;Hele landet;Østfold;Greåker videregående skole;*;*
2;3;FSP6152;I;31;974544563;Fransk II;Hele landet;Østfold;Halden videregående skole;4,1;10
2;3;FSP6152;I;31;974544539;Fransk II;Hele landet;Østfold;Kirkeparken videregående skole;3,7;9
2;0;FSP6156;Alle;0;Alle;Fransk I+II;Hele landet;Alle fylker;Alle skoler;3,1;50
2;1;FSP6156;I;0;I;Fransk I+II;Hele landet;Alle fylker;Alle skoler;3,1;50
2;2;FSP6156;I;32;32;Fransk I+II;Hele landet;Akershus;Alle skoler;*;*
2;3;FSP6156;I;32;874587842;Fransk I+II;Hele landet;Akershus;Sørumsand videregående skole;*;*
2;2;FSP6156;I;56;56;Fransk I+II;Hele landet;Finnmark - Finnmárku - Finmarkku;Alle skoler;3,7;7
2;3;FSP6156;I;56;974622726;Fransk I+II;Hele landet;Finnmark - Finnmárku - Finmarkku;Kirkenes videregående skole;*;*
2;3;FSP6156;I;56;974622718;Fransk I+II;Hele landet;Finnmark - Finnmárku - Finmarkku;Vadsø videregående skole;*;*
2;2;FSP6156;I;18;18;Fransk I+II;Hele landet;Nordland - Nordlánnda;Alle skoler;*;*
2;3;FSP6156;I;18;974621401;Fransk I+II;Hele landet;Nordland - Nordlánnda;Brønnøysund videregående skole;3,5;8
2;3;FSP6156;I;18;974621053;Fransk I+II;Hele landet;Nordland - Nordlánnda;Sortland videregående skole avd Sortland;*;*
2;2;FSP6156;I;55;55;Fransk I+II;Hele landet;Troms - Romsa - Tromssa ;Alle skoler;3,2;9
2;3;FSP6156;I;55;974546892;Fransk I+II;Hele landet;Troms - Romsa - Tromssa ;Breivang videregående skole;*;*
2;3;FSP6156;I;55;974546671;Fransk I+II;Hele landet;Troms - Romsa - Tromssa ;Heggen videregående skole;*;*
2;3;FSP6156;I;55;974546744;Fransk I+II;Hele landet;Troms - Romsa - Tromssa ;Kongsbakken videregående skole;*;*
2;3;FSP6156;I;55;974546809;Fransk I+II;Hele landet;Troms - Romsa - Tromssa ;Sjøvegan videregående skole;*;*
2;2;FSP6156;I;50;50;Fransk I+II;Hele landet;Trøndelag - Trööndelage;Alle skoler;3,5;6
2;3;FSP6156;I;50;974557983;Fransk I+II;Hele landet;Trøndelag - Trööndelage;Gauldal videregående skole;*;*
2;3;FSP6156;I;50;974558386;Fransk I+II;Hele landet;Trøndelag - Trööndelage;Tiller videregående skole;*;*
2;2;FSP6156;I;39;39;Fransk I+II;Hele landet;Vestfold;Alle skoler;*;*
2;3;FSP6156;I;39;974574993;Fransk I+II;Hele landet;Vestfold;Greveskogen videregående skole;*;*
2;2;FSP6156;I;46;46;Fransk I+II;Hele landet;Vestland;Alle skoler;2,6;14
2;3;FSP6156;I;46;974557533;Fransk I+II;Hele landet;Vestland;Askøy videregående skole;*;*
2;3;FSP6156;I;46;974571188;Fransk I+II;Hele landet;Vestland;Måløy vidaregåande skule;*;*
2;0;FSP6159;Alle;0;Alle;Italiensk I;Hele landet;Alle fylker;Alle skoler;4,3;24
2;1;FSP6159;I;0;I;Italiensk I;Hele landet;Alle fylker;Alle skoler;4,3;24
2;2;FSP6159;I;32;32;Italiensk I;Hele landet;Akershus;Alle skoler;*;*
2;3;FSP6159;I;32;974587637;Italiensk I;Hele landet;Akershus;Bjertnes videregående skole;*;*
2;2;FSP6159;I;3;3;Italiensk I;Hele landet;Oslo;Alle skoler;*;*
2;3;FSP6159;I;3;974590867;Italiensk I;Hele landet;Oslo;Foss videregående skole;*;*
2;3;FSP6159;I;3;974590883;Italiensk I;Hele landet;Oslo;Oslo Handelsgymnasium;*;*
2;3;FSP6159;I;3;874590932;Italiensk I;Hele landet;Oslo;Oslo katedralskole;*;*
2;2;FSP6159;I;50;50;Italiensk I;Hele landet;Trøndelag - Trööndelage;Alle skoler;4,5;14
2;3;FSP6159;I;50;974557908;Italiensk I;Hele landet;Trøndelag - Trööndelage;Trondheim katedralskole;4,5;14
2;2;FSP6159;I;46;46;Italiensk I;Hele landet;Vestland;Alle skoler;*;*
2;3;FSP6159;I;46;974557061;Italiensk I;Hele landet;Vestland;Tertnes vidaregåande skule;*;*
2;0;FSP6166;Alle;0;Alle;Italiensk I+II;Hele landet;Alle fylker;Alle skoler;3,1;10
2;1;FSP6166;I;0;I;Italiensk I+II;Hele landet;Alle fylker;Alle skoler;3,1;10
2;2;FSP6166;I;3;3;Italiensk I+II;Hele landet;Oslo;Alle skoler;*;*
2;3;FSP6166;I;3;874590932;Italiensk I+II;Hele landet;Oslo;Oslo katedralskole;*;*
2;2;FSP6166;I;46;46;Italiensk I+II;Hele landet;Vestland;Alle skoler;*;*
2;3;FSP6166;I;46;916794304;Italiensk I+II;Hele landet;Vestland;St. Paul gymnas;*;*
2;0;FSP6169;Alle;0;Alle;Japansk I;Hele landet;Alle fylker;Alle skoler;4,3;6
2;1;FSP6169;I;0;I;Japansk I;Hele landet;Alle fylker;Alle skoler;4,3;6
2;2;FSP6169;I;3;3;Japansk I;Hele landet;Oslo;Alle skoler;4,3;6
2;3;FSP6169;I;3;974590999;Japansk I;Hele landet;Oslo;Elvebakken videregående skole;*;*
2;3;FSP6169;I;3;974590883;Japansk I;Hele landet;Oslo;Oslo Handelsgymnasium;*;*
2;0;FSP6196;Alle;0;Alle;Nordsamisk I+II;Hele landet;Alle fylker;Alle skoler;*;*
2;1;FSP6196;I;0;I;Nordsamisk I+II;Hele landet;Alle fylker;Alle skoler;*;*
2;2;FSP6196;I;56;56;Nordsamisk I+II;Hele landet;Finnmark - Finnmárku - Finmarkku;Alle skoler;*;*
2;3;FSP6196;I;56;974622726;Nordsamisk I+II;Hele landet;Finnmark - Finnmárku - Finmarkku;Kirkenes videregående skole;*;*
2;0;FSP6209;Alle;0;Alle;Russisk I;Hele landet;Alle fylker;Alle skoler;*;*
2;1;FSP6209;I;0;I;Russisk I;Hele landet;Alle fylker;Alle skoler;*;*
2;2;FSP6209;I;33;33;Russisk I;Hele landet;Buskerud;Alle skoler;*;*
2;3;FSP6209;I;33;974605996;Russisk I;Hele landet;Buskerud;Kongsberg videregående skole;*;*
2;0;FSP6212;Alle;0;Alle;Russisk II;Hele landet;Alle fylker;Alle skoler;*;*
2;1;FSP6212;I;0;I;Russisk II;Hele landet;Alle fylker;Alle skoler;*;*
2;2;FSP6212;I;56;56;Russisk II;Hele landet;Finnmark - Finnmárku - Finmarkku;Alle skoler;*;*
2;3;FSP6212;I;56;974622726;Russisk II;Hele landet;Finnmark - Finnmárku - Finmarkku;Kirkenes videregående skole;*;*
2;0;FSP6219;Alle;0;Alle;Spansk I;Hele landet;Alle fylker;Alle skoler;3,4;519
2;1;FSP6219;I;0;I;Spansk I;Hele landet;Alle fylker;Alle skoler;3,4;519
2;2;FSP6219;I;42;42;Spansk I;Hele landet;Agder;Alle skoler;4;58
2;3;FSP6219;I;42;982759846;Spansk I;Hele landet;Agder;Akademiet Kristiansand AS;*;*
2;3;FSP6219;I;42;974573873;Spansk I;Hele landet;Agder;Arendal videregående skole avd Tyholmen;*;*
2;3;FSP6219;I;42;974117738;Spansk I;Hele landet;Agder;Drottningborg Vgs AS;*;*
2;3;FSP6219;I;42;974594994;Spansk I;Hele landet;Agder;Kristiansand katedralskole Gimle;3,9;8
2;3;FSP6219;I;42;973149776;Spansk I;Hele landet;Agder;Kvs-Lyngdal AS;4,3;15
2;3;FSP6219;I;42;974573814;Spansk I;Hele landet;Agder;Sam Eyde videregående skole;3,3;7
2;3;FSP6219;I;42;874573892;Spansk I;Hele landet;Agder;Setesdal vidaregåande skule;*;*
2;3;FSP6219;I;42;874595152;Spansk I;Hele landet;Agder;Tangen videregående skole;3,6;7
2;3;FSP6219;I;42;974595001;Spansk I;Hele landet;Agder;Vågsbygd videregående skole;*;*
2;2;FSP6219;I;32;32;Spansk I;Hele landet;Akershus;Alle skoler;3,4;45
2;3;FSP6219;I;32;974587637;Spansk I;Hele landet;Akershus;Bjertnes videregående skole;2,6;7
2;3;FSP6219;I;32;974587726;Spansk I;Hele landet;Akershus;Eikeli videregående skole;3,4;7
2;3;FSP6219;I;32;974587645;Spansk I;Hele landet;Akershus;Jessheim videregående skole;3,3;6
2;3;FSP6219;I;32;974587750;Spansk I;Hele landet;Akershus;Lillestrøm videregående skole;4,7;6
2;3;FSP6219;I;32;974587610;Spansk I;Hele landet;Akershus;Lørenskog videregående skole;3,3;12
2;3;FSP6219;I;32;991815325;Spansk I;Hele landet;Akershus;Mailand videregående skole;*;*
2;3;FSP6219;I;32;974587769;Spansk I;Hele landet;Akershus;Rælingen videregående skole;*;*
2;2;FSP6219;I;33;33;Spansk I;Hele landet;Buskerud;Alle skoler;3,2;53
2;3;FSP6219;I;33;974606216;Spansk I;Hele landet;Buskerud;Buskerud videregående skole;*;*
2;3;FSP6219;I;33;874605972;Spansk I;Hele landet;Buskerud;Drammen videregående skole;2,9;9
2;3;FSP6219;I;33;974605988;Spansk I;Hele landet;Buskerud;Eiker videregående skole;3;10
2;3;FSP6219;I;33;974605996;Spansk I;Hele landet;Buskerud;Kongsberg videregående skole;*;*
2;3;FSP6219;I;33;974606208;Spansk I;Hele landet;Buskerud;Ringerike videregående skole;3,3;19
2;3;FSP6219;I;33;974605961;Spansk I;Hele landet;Buskerud;St Hallvard videregående skole;2,2;6
2;3;FSP6219;I;33;973255754;Spansk I;Hele landet;Buskerud;Tyrifjord videregående skole;*;*
2;2;FSP6219;I;56;56;Spansk I;Hele landet;Finnmark - Finnmárku - Finmarkku;Alle skoler;*;*
2;3;FSP6219;I;56;874622702;Spansk I;Hele landet;Finnmark - Finnmárku - Finmarkku;Hammerfest videregående skole;*;*
2;2;FSP6219;I;34;34;Spansk I;Hele landet;Innlandet;Alle skoler;3,9;12
2;3;FSP6219;I;34;974597284;Spansk I;Hele landet;Innlandet;Gjøvik videregående skole;3,7;6
2;3;FSP6219;I;34;974571978;Spansk I;Hele landet;Innlandet;Øvrebyen videregående skole;4,2;6
2;2;FSP6219;I;15;15;Spansk I;Hele landet;Møre og Romsdal;Alle skoler;4,1;20
2;3;FSP6219;I;15;974576473;Spansk I;Hele landet;Møre og Romsdal;Atlanten videregående skole;*;*
2;3;FSP6219;I;15;974576422;Spansk I;Hele landet;Møre og Romsdal;Molde videregående skole;4,6;10
2;3;FSP6219;I;15;974576570;Spansk I;Hele landet;Møre og Romsdal;Sunndal vidaregåande skole;*;*
2;3;FSP6219;I;15;974576503;Spansk I;Hele landet;Møre og Romsdal;Ålesund videregående skole;*;*
2;2;FSP6219;I;18;18;Spansk I;Hele landet;Nordland - Nordlánnda;Alle skoler;3,2;39
2;3;FSP6219;I;18;974621215;Spansk I;Hele landet;Nordland - Nordlánnda;Bodin videregående skole;3,5;11
2;3;FSP6219;I;18;974621282;Spansk I;Hele landet;Nordland - Nordlánnda;Knut Hamsun videregående skole Joarkkaskåvllå;*;*
2;3;FSP6219;I;18;974621355;Spansk I;Hele landet;Nordland - Nordlánnda;Mosjøen videregående skole;*;*
2;3;FSP6219;I;18;974041707;Spansk I;Hele landet;Nordland - Nordlánnda;Narvik videregående skole;*;*
2;3;FSP6219;I;18;916694490;Spansk I;Hele landet;Nordland - Nordlánnda;Norges Toppidrettsgymnas Bodø AS;3,2;16
2;3;FSP6219;I;18;974621053;Spansk I;Hele landet;Nordland - Nordlánnda;Sortland videregående skole avd Sortland;*;*
2;3;FSP6219;I;18;974621169;Spansk I;Hele landet;Nordland - Nordlánnda;Vest-Lofoten videregående skole;*;*
2;2;FSP6219;I;3;3;Spansk I;Hele landet;Oslo;Alle skoler;2,9;69
2;3;FSP6219;I;3;974591006;Spansk I;Hele landet;Oslo;Bjerke videregående skole;1,9;10
2;3;FSP6219;I;3;990574898;Spansk I;Hele landet;Oslo;Bjørnholt videregående skole;*;*
2;3;FSP6219;I;3;912703312;Spansk I;Hele landet;Oslo;Blindern videregående skole;*;*
2;3;FSP6219;I;3;974590999;Spansk I;Hele landet;Oslo;Elvebakken videregående skole;*;*
2;3;FSP6219;I;3;995821664;Spansk I;Hele landet;Oslo;Fyrstikkalleen skole;*;*
2;3;FSP6219;I;3;974590891;Spansk I;Hele landet;Oslo;Hartvig Nissens skole;*;*
2;3;FSP6219;I;3;999173926;Spansk I;Hele landet;Oslo;Kongshavn videregående skole;*;*
2;3;FSP6219;I;3;996216454;Spansk I;Hele landet;Oslo;Nydalen videregående skole;*;*
2;3;FSP6219;I;3;974590883;Spansk I;Hele landet;Oslo;Oslo Handelsgymnasium;2,4;10
2;3;FSP6219;I;3;971816309;Spansk I;Hele landet;Oslo;Otto Treider private gymnas AS;2,5;11
2;3;FSP6219;I;3;974590948;Spansk I;Hele landet;Oslo;Persbråten videregående skole;*;*
2;3;FSP6219;I;3;974590964;Spansk I;Hele landet;Oslo;Ullern videregående skole;*;*
2;3;FSP6219;I;3;925607797;Spansk I;Hele landet;Oslo;Vika videregående skole;*;*
2;3;FSP6219;I;3;971816317;Spansk I;Hele landet;Oslo;Wang videregående Skole/ Wang Toppidrett;3,3;10
2;2;FSP6219;I;11;11;Spansk I;Hele landet;Rogaland;Alle skoler;3,6;14
2;3;FSP6219;I;11;913385632;Spansk I;Hele landet;Rogaland;Bryne vidaregåande skule;*;*
2;3;FSP6219;I;11;874117722;Spansk I;Hele landet;Rogaland;Lundeneset Vgs;4,1;7
2;3;FSP6219;I;11;973157221;Spansk I;Hele landet;Rogaland;Tryggheim vidaregåande skule;*;*
2;2;FSP6219;I;40;40;Spansk I;Hele landet;Telemark;Alle skoler;3,5;45
2;3;FSP6219;I;40;974567997;Spansk I;Hele landet;Telemark;Bø vidaregåande skule;3,3;36
2;3;FSP6219;I;40;974568039;Spansk I;Hele landet;Telemark;Skien videregående skole;*;*
2;3;FSP6219;I;40;888361332;Spansk I;Hele landet;Telemark;Stiftelsen Telemark Toppidrett gymnas;*;*
2;2;FSP6219;I;55;55;Spansk I;Hele landet;Troms - Romsa - Tromssa ;Alle skoler;3,9;9
2;3;FSP6219;I;55;974546671;Spansk I;Hele landet;Troms - Romsa - Tromssa ;Heggen videregående skole;*;*
2;3;FSP6219;I;55;974546868;Spansk I;Hele landet;Troms - Romsa - Tromssa ;Tromsdalen videregående skole;*;*
2;2;FSP6219;I;50;50;Spansk I;Hele landet;Trøndelag - Trööndelage;Alle skoler;*;*
2;3;FSP6219;I;50;974557991;Spansk I;Hele landet;Trøndelag - Trööndelage;Heimdal videregående skole;*;*
2;3;FSP6219;I;50;874558362;Spansk I;Hele landet;Trøndelag - Trööndelage;Melhus videregående skole;*;*
2;3;FSP6219;I;50;995415372;Spansk I;Hele landet;Trøndelag - Trööndelage;Thora Storm videregående skole;*;*
2;3;FSP6219;I;50;974557908;Spansk I;Hele landet;Trøndelag - Trööndelage;Trondheim katedralskole;*;*
2;2;FSP6219;I;39;39;Spansk I;Hele landet;Vestfold;Alle skoler;3,3;70
2;3;FSP6219;I;39;974574993;Spansk I;Hele landet;Vestfold;Greveskogen videregående skole;2,4;9
2;3;FSP6219;I;39;923261354;Spansk I;Hele landet;Vestfold;Horten videregående skole;3,9;10
2;3;FSP6219;I;39;974575000;Spansk I;Hele landet;Vestfold;Nøtterøy videregående skole;*;*
2;3;FSP6219;I;39;874575232;Spansk I;Hele landet;Vestfold;Re videregående skole;*;*
2;3;FSP6219;I;39;974575019;Spansk I;Hele landet;Vestfold;Sandefjord videregående skole;3,1;17
2;3;FSP6219;I;39;974575027;Spansk I;Hele landet;Vestfold;Thor Heyerdahl videregående skole;3,1;23
2;2;FSP6219;I;46;46;Spansk I;Hele landet;Vestland;Alle skoler;3,4;40
2;3;FSP6219;I;46;873159642;Spansk I;Hele landet;Vestland;Danielsen videregående skole;*;*
2;3;FSP6219;I;46;874571172;Spansk I;Hele landet;Vestland;Eid vidaregåande skule;*;*
2;3;FSP6219;I;46;974571161;Spansk I;Hele landet;Vestland;Firda vidaregåande skule;*;*
2;3;FSP6219;I;46;974571145;Spansk I;Hele landet;Vestland;Flora vidaregåande skule;*;*
2;3;FSP6219;I;46;974571110;Spansk I;Hele landet;Vestland;Førde vidaregåande skule;4,1;11
2;3;FSP6219;I;46;974571056;Spansk I;Hele landet;Vestland;Sogndal vidaregåande skule;2,3;15
2;3;FSP6219;I;46;974557029;Spansk I;Hele landet;Vestland;Stord vidaregåande skule;*;*
2;2;FSP6219;I;31;31;Spansk I;Hele landet;Østfold;Alle skoler;2,7;31
2;3;FSP6219;I;31;974544504;Spansk I;Hele landet;Østfold;Askim videregående skole;*;*
2;3;FSP6219;I;31;974544466;Spansk I;Hele landet;Østfold;Frederik Ii videregående skole;2,3;9
2;3;FSP6219;I;31;974544520;Spansk I;Hele landet;Østfold;Kalnes videregående skole;*;*
2;3;FSP6219;I;31;974544539;Spansk I;Hele landet;Østfold;Kirkeparken videregående skole;*;*
2;3;FSP6219;I;31;974544547;Spansk I;Hele landet;Østfold;Malakoff videregående skole;*;*
2;3;FSP6219;I;31;974544512;Spansk I;Hele landet;Østfold;Mysen videregående skole;*;*
2;3;FSP6219;I;31;874544582;Spansk I;Hele landet;Østfold;St. Olav videregående skole;*;*
2;3;FSP6219;I;31;986779795;Spansk I;Hele landet;Østfold;Wang Fredrikstad AS;*;*
2;0;FSP6222;Alle;0;Alle;Spansk II;Hele landet;Alle fylker;Alle skoler;3,8;2 496
2;1;FSP6222;I;0;I;Spansk II;Hele landet;Alle fylker;Alle skoler;3,8;2 496
2;2;FSP6222;I;42;42;Spansk II;Hele landet;Agder;Alle skoler;3,8;137
2;3;FSP6222;I;42;982759846;Spansk II;Hele landet;Agder;Akademiet Kristiansand AS;3,4;8
2;3;FSP6222;I;42;974573873;Spansk II;Hele landet;Agder;Arendal videregående skole avd Tyholmen;3,8;16
2;3;FSP6222;I;42;974573881;Spansk II;Hele landet;Agder;Dahlske videregående skole;2,9;11
2;3;FSP6222;I;42;974117738;Spansk II;Hele landet;Agder;Drottningborg Vgs AS;4,2;11
2;3;FSP6222;I;42;874595012;Spansk II;Hele landet;Agder;Eilert Sundt videregående skole Studiested Farsund;*;*
2;3;FSP6222;I;42;974594994;Spansk II;Hele landet;Agder;Kristiansand katedralskole Gimle;4;15
2;3;FSP6222;I;42;974595117;Spansk II;Hele landet;Agder;Kvadraturen videregående skole;4,8;8
2;3;FSP6222;I;42;974573857;Spansk II;Hele landet;Agder;Lillesand videregående skole;*;*
2;3;FSP6222;I;42;974595125;Spansk II;Hele landet;Agder;Mandal videregående skole;4,8;8
2;3;FSP6222;I;42;974573814;Spansk II;Hele landet;Agder;Sam Eyde videregående skole;3,5;11
2;3;FSP6222;I;42;874595152;Spansk II;Hele landet;Agder;Tangen videregående skole;3,2;12
2;3;FSP6222;I;42;974573865;Spansk II;Hele landet;Agder;Tvedestrand videregående skole;3,2;6
2;3;FSP6222;I;42;974595044;Spansk II;Hele landet;Agder;Vennesla videregående skole;*;*
2;3;FSP6222;I;42;974595001;Spansk II;Hele landet;Agder;Vågsbygd videregående skole;4,1;19
2;2;FSP6222;I;32;32;Spansk II;Hele landet;Akershus;Alle skoler;3,8;377
2;3;FSP6222;I;32;974587742;Spansk II;Hele landet;Akershus;Asker videregående skole;4,8;30
2;3;FSP6222;I;32;974587637;Spansk II;Hele landet;Akershus;Bjertnes videregående skole;4,2;6
2;3;FSP6222;I;32;974587602;Spansk II;Hele landet;Akershus;Bjørkelangen videregående skole;4,3;11
2;3;FSP6222;I;32;974587890;Spansk II;Hele landet;Akershus;Dønski videregående skole;2,7;6
2;3;FSP6222;I;32;974587726;Spansk II;Hele landet;Akershus;Eikeli videregående skole;4,1;15
2;3;FSP6222;I;32;988843709;Spansk II;Hele landet;Akershus;Frogn videregående skole;3,3;16
2;3;FSP6222;I;32;913459598;Spansk II;Hele landet;Akershus;Hoppensprett Akademiet Vgs Jessheim AS;3,6;8
2;3;FSP6222;I;32;974587645;Spansk II;Hele landet;Akershus;Jessheim videregående skole;3;14
2;3;FSP6222;I;32;974587750;Spansk II;Hele landet;Akershus;Lillestrøm videregående skole;3,9;19
2;3;FSP6222;I;32;974587610;Spansk II;Hele landet;Akershus;Lørenskog videregående skole;4,1;14
2;3;FSP6222;I;32;991815325;Spansk II;Hele landet;Akershus;Mailand videregående skole;4,1;9
2;3;FSP6222;I;32;974587734;Spansk II;Hele landet;Akershus;Nadderud videregående skole;3,9;16
2;3;FSP6222;I;32;988084948;Spansk II;Hele landet;Akershus;Nannestad videregående skole;3,2;6
2;3;FSP6222;I;32;974587653;Spansk II;Hele landet;Akershus;Nes videregående skole;*;*
2;3;FSP6222;I;32;974587599;Spansk II;Hele landet;Akershus;Nesbru videregående skole;3,4;14
2;3;FSP6222;I;32;974587572;Spansk II;Hele landet;Akershus;Nesodden videregående skole;*;*
2;3;FSP6222;I;32;990672962;Spansk II;Hele landet;Akershus;Norges Toppidrettsgymnas Bærum AS;3,8;12
2;3;FSP6222;I;32;974587580;Spansk II;Hele landet;Akershus;Roald Amundsen videregående skole;3,8;25
2;3;FSP6222;I;32;974587866;Spansk II;Hele landet;Akershus;Rosenvilde videregående skole;3,3;16
2;3;FSP6222;I;32;974587823;Spansk II;Hele landet;Akershus;Rud videregående skole;3,9;13
2;3;FSP6222;I;32;974587769;Spansk II;Hele landet;Akershus;Rælingen videregående skole;*;*
2;3;FSP6222;I;32;974605953;Spansk II;Hele landet;Akershus;Røyken videregående skole;*;*
2;3;FSP6222;I;32;988835064;Spansk II;Hele landet;Akershus;Sandvika videregående skole;3,4;30
2;3;FSP6222;I;32;974587629;Spansk II;Hele landet;Akershus;Skedsmo videregående skole;*;*
2;3;FSP6222;I;32;974587696;Spansk II;Hele landet;Akershus;Ski videregående skole;4;13
2;3;FSP6222;I;32;974587718;Spansk II;Hele landet;Akershus;Stabekk videregående skole;3,7;13
2;3;FSP6222;I;32;874587842;Spansk II;Hele landet;Akershus;Sørumsand videregående skole;3,5;8
2;3;FSP6222;I;32;874587702;Spansk II;Hele landet;Akershus;Valler videregående skole;4,5;13
2;3;FSP6222;I;32;825308512;Spansk II;Hele landet;Akershus;Wang Romerike AS;3,6;7
2;3;FSP6222;I;32;974587564;Spansk II;Hele landet;Akershus;Ås videregående skole;3,9;25
2;2;FSP6222;I;33;33;Spansk II;Hele landet;Buskerud;Alle skoler;3,9;135
2;3;FSP6222;I;33;985500568;Spansk II;Hele landet;Buskerud;Akademiet Drammen AS;5,3;15
2;3;FSP6222;I;33;996789845;Spansk II;Hele landet;Buskerud;Akademiet Vgs Bragernes Drammen AS;3,6;11
2;3;FSP6222;I;33;988938424;Spansk II;Hele landet;Buskerud;Akademiet Ypsilon videregående skole AS;*;*
2;3;FSP6222;I;33;974606216;Spansk II;Hele landet;Buskerud;Buskerud videregående skole;*;*
2;3;FSP6222;I;33;874605972;Spansk II;Hele landet;Buskerud;Drammen videregående skole;3,7;24
2;3;FSP6222;I;33;974605988;Spansk II;Hele landet;Buskerud;Eiker videregående skole;4,3;9
2;3;FSP6222;I;33;974605996;Spansk II;Hele landet;Buskerud;Kongsberg videregående skole;4,7;15
2;3;FSP6222;I;33;974606208;Spansk II;Hele landet;Buskerud;Ringerike videregående skole;2,6;13
2;3;FSP6222;I;33;974605961;Spansk II;Hele landet;Buskerud;St Hallvard videregående skole;4,1;28
2;3;FSP6222;I;33;973255754;Spansk II;Hele landet;Buskerud;Tyrifjord videregående skole;*;*
2;3;FSP6222;I;33;974605937;Spansk II;Hele landet;Buskerud;Åssiden videregående skole;*;*
2;2;FSP6222;I;56;56;Spansk II;Hele landet;Finnmark - Finnmárku - Finmarkku;Alle skoler;*;*
2;3;FSP6222;I;56;974622750;Spansk II;Hele landet;Finnmark - Finnmárku - Finmarkku;Alta videregående skole;*;*
2;3;FSP6222;I;56;974622718;Spansk II;Hele landet;Finnmark - Finnmárku - Finmarkku;Vadsø videregående skole;*;*
2;2;FSP6222;I;34;34;Spansk II;Hele landet;Innlandet;Alle skoler;3,5;130
2;3;FSP6222;I;34;974571900;Spansk II;Hele landet;Innlandet;Elverum videregående skole;3,2;21
2;3;FSP6222;I;34;974597284;Spansk II;Hele landet;Innlandet;Gjøvik videregående skole;2,9;11
2;3;FSP6222;I;34;998513448;Spansk II;Hele landet;Innlandet;Hadeland videregående skole;4,3;11
2;3;FSP6222;I;34;974571919;Spansk II;Hele landet;Innlandet;Hamar katedralskole;4,6;28
2;3;FSP6222;I;34;974597322;Spansk II;Hele landet;Innlandet;Lena-Valle videregående skole avd Lena;*;*
2;3;FSP6222;I;34;874597252;Spansk II;Hele landet;Innlandet;Lillehammer videregående skole avd Sør;3,6;14
2;3;FSP6222;I;34;970963847;Spansk II;Hele landet;Innlandet;Nord-Østerdal videregående skole;*;*
2;3;FSP6222;I;34;974597373;Spansk II;Hele landet;Innlandet;Raufoss videregående skole avd Dokka;*;*
2;3;FSP6222;I;34;974571897;Spansk II;Hele landet;Innlandet;Ringsaker videregående skole;2;11
2;3;FSP6222;I;34;974571986;Spansk II;Hele landet;Innlandet;Solør videregående skole;3,4;10
2;3;FSP6222;I;34;974572079;Spansk II;Hele landet;Innlandet;Stange videregående skole;3,9;7
2;3;FSP6222;I;34;974597381;Spansk II;Hele landet;Innlandet;Valdres vidaregåande skule;2,4;7
2;2;FSP6222;I;15;15;Spansk II;Hele landet;Møre og Romsdal;Alle skoler;4,2;111
2;3;FSP6222;I;15;984800746;Spansk II;Hele landet;Møre og Romsdal;Akademiet Vgs Ålesund AS;*;*
2;3;FSP6222;I;15;974576422;Spansk II;Hele landet;Møre og Romsdal;Molde videregående skole;4,4;14
2;3;FSP6222;I;15;974577267;Spansk II;Hele landet;Møre og Romsdal;Spjelkavik videregående skole;3,8;25
2;3;FSP6222;I;15;974576570;Spansk II;Hele landet;Møre og Romsdal;Sunndal vidaregåande skole;*;*
2;3;FSP6222;I;15;974576694;Spansk II;Hele landet;Møre og Romsdal;Sykkylven vidaregåande skule;*;*
2;3;FSP6222;I;15;974576430;Spansk II;Hele landet;Møre og Romsdal;Ulstein vidaregåande skule;3,9;14
2;3;FSP6222;I;15;974117711;Spansk II;Hele landet;Møre og Romsdal;Vestborg Vgs;*;*
2;3;FSP6222;I;15;874576492;Spansk II;Hele landet;Møre og Romsdal;Volda vidaregåande skule;3,7;17
2;3;FSP6222;I;15;974576503;Spansk II;Hele landet;Møre og Romsdal;Ålesund videregående skole;4,9;22
2;2;FSP6222;I;18;18;Spansk II;Hele landet;Nordland - Nordlánnda;Alle skoler;3,9;75
2;3;FSP6222;I;18;974621215;Spansk II;Hele landet;Nordland - Nordlánnda;Bodin videregående skole;4;28
2;3;FSP6222;I;18;974621223;Spansk II;Hele landet;Nordland - Nordlánnda;Bodø videregående skole;4,7;15
2;3;FSP6222;I;18;974621401;Spansk II;Hele landet;Nordland - Nordlánnda;Brønnøysund videregående skole;4,1;7
2;3;FSP6222;I;18;974621282;Spansk II;Hele landet;Nordland - Nordlánnda;Knut Hamsun videregående skole Joarkkaskåvllå;*;*
2;3;FSP6222;I;18;974041707;Spansk II;Hele landet;Nordland - Nordlánnda;Narvik videregående skole;3,5;14
2;3;FSP6222;I;18;874621382;Spansk II;Hele landet;Nordland - Nordlánnda;Sandnessjøen videregående skole;*;*
2;3;FSP6222;I;18;974621169;Spansk II;Hele landet;Nordland - Nordlánnda;Vest-Lofoten videregående skole;*;*
2;2;FSP6222;I;3;3;Spansk II;Hele landet;Oslo;Alle skoler;4,2;388
2;3;FSP6222;I;3;887664102;Spansk II;Hele landet;Oslo;Akademiet Oslo AS;2,4;8
2;3;FSP6222;I;3;912703312;Spansk II;Hele landet;Oslo;Blindern videregående skole;3,5;30
2;3;FSP6222;I;3;912001709;Spansk II;Hele landet;Oslo;Edvard Munch videregående skole;5,3;14
2;3;FSP6222;I;3;974590999;Spansk II;Hele landet;Oslo;Elvebakken videregående skole;4,9;41
2;3;FSP6222;I;3;974590867;Spansk II;Hele landet;Oslo;Foss videregående skole;4,9;45
2;3;FSP6222;I;3;995821664;Spansk II;Hele landet;Oslo;Fyrstikkalleen skole;4;9
2;3;FSP6222;I;3;974590891;Spansk II;Hele landet;Oslo;Hartvig Nissens skole;3,4;21
2;3;FSP6222;I;3;974590956;Spansk II;Hele landet;Oslo;Hellerud videregående skole;*;*
2;3;FSP6222;I;3;974192020;Spansk II;Hele landet;Oslo;Heltberg private gymnas;*;*
2;3;FSP6222;I;3;912001008;Spansk II;Hele landet;Oslo;Hersleb videregående skole;*;*
2;3;FSP6222;I;3;999173926;Spansk II;Hele landet;Oslo;Kongshavn videregående skole;3,3;15
2;3;FSP6222;I;3;974117797;Spansk II;Hele landet;Oslo;Kristelig gymnasium AS videregående skole;4,3;14
2;3;FSP6222;I;3;899178092;Spansk II;Hele landet;Oslo;Kuben videregående skole;*;*
2;3;FSP6222;I;3;974590913;Spansk II;Hele landet;Oslo;Lambertseter videregående skole;4;28
2;3;FSP6222;I;3;996216454;Spansk II;Hele landet;Oslo;Nydalen videregående skole;5;18
2;3;FSP6222;I;3;974590883;Spansk II;Hele landet;Oslo;Oslo Handelsgymnasium;3,3;28
2;3;FSP6222;I;3;874590932;Spansk II;Hele landet;Oslo;Oslo katedralskole;4,5;11
2;3;FSP6222;I;3;972286389;Spansk II;Hele landet;Oslo;Oslo private gymnasium AS;*;*
2;3;FSP6222;I;3;974590948;Spansk II;Hele landet;Oslo;Persbråten videregående skole;4,3;18
2;3;FSP6222;I;3;974591065;Spansk II;Hele landet;Oslo;Stovner videregående skole;*;*
2;3;FSP6222;I;3;974590964;Spansk II;Hele landet;Oslo;Ullern videregående skole;5,3;23
2;3;FSP6222;I;3;974590972;Spansk II;Hele landet;Oslo;Ulsrud videregående skole;*;*
2;3;FSP6222;I;3;917527067;Spansk II;Hele landet;Oslo;Valle Hovin videregående skole;5,1;11
2;3;FSP6222;I;3;925607797;Spansk II;Hele landet;Oslo;Vika videregående skole;4,5;19
2;3;FSP6222;I;3;971816317;Spansk II;Hele landet;Oslo;Wang videregående Skole/ Wang Toppidrett;4,4;9
2;2;FSP6222;I;11;11;Spansk II;Hele landet;Rogaland;Alle skoler;3,7;270
2;3;FSP6222;I;11;987546603;Spansk II;Hele landet;Rogaland;Akademiet Sandnes;*;*
2;3;FSP6222;I;11;913385632;Spansk II;Hele landet;Rogaland;Bryne vidaregåande skule;4,9;9
2;3;FSP6222;I;11;974624478;Spansk II;Hele landet;Rogaland;Dalane videregående skole;3,1;8
2;3;FSP6222;I;11;971816287;Spansk II;Hele landet;Rogaland;Haugesund Toppidrettsgymnas AS;4,4;8
2;3;FSP6222;I;11;974624370;Spansk II;Hele landet;Rogaland;Hetland videregående skole;3,9;28
2;3;FSP6222;I;11;974624389;Spansk II;Hele landet;Rogaland;Kopervik videregående skole;*;*
2;3;FSP6222;I;11;874117722;Spansk II;Hele landet;Rogaland;Lundeneset Vgs;*;*
2;3;FSP6222;I;11;974624664;Spansk II;Hele landet;Rogaland;Randaberg videregående skole;2,6;7
2;3;FSP6222;I;11;974624397;Spansk II;Hele landet;Rogaland;Sandnes videregående skole;3,7;44
2;3;FSP6222;I;11;874624632;Spansk II;Hele landet;Rogaland;Sauda vidaregåande skule;3,2;10
2;3;FSP6222;I;11;974624362;Spansk II;Hele landet;Rogaland;Skeisvang videregående skole;3,8;28
2;3;FSP6222;I;11;974624672;Spansk II;Hele landet;Rogaland;Sola videregående skole;3,7;13
2;3;FSP6222;I;11;974624427;Spansk II;Hele landet;Rogaland;St Svithun videregående skole;3,1;33
2;3;FSP6222;I;11;974624443;Spansk II;Hele landet;Rogaland;St. Olav videregående skole;4,3;21
2;3;FSP6222;I;11;974624400;Spansk II;Hele landet;Rogaland;Stavanger katedralskole;4,6;15
2;3;FSP6222;I;11;973157221;Spansk II;Hele landet;Rogaland;Tryggheim vidaregåande skule;4;9
2;3;FSP6222;I;11;974624435;Spansk II;Hele landet;Rogaland;Vardafjell videregående skole;4,3;12
2;3;FSP6222;I;11;994507508;Spansk II;Hele landet;Rogaland;Vågen videregående skole;*;*
2;3;FSP6222;I;11;988586102;Spansk II;Hele landet;Rogaland;Wang Toppidrett Stavanger AS;*;*
2;2;FSP6222;I;40;40;Spansk II;Hele landet;Telemark;Alle skoler;3,6;62
2;3;FSP6222;I;40;974567997;Spansk II;Hele landet;Telemark;Bø vidaregåande skule;3,7;14
2;3;FSP6222;I;40;974568004;Spansk II;Hele landet;Telemark;Kragerø videregående skole;3,2;6
2;3;FSP6222;I;40;974568020;Spansk II;Hele landet;Telemark;Porsgrunn videregående skole;4,1;15
2;3;FSP6222;I;40;974568039;Spansk II;Hele landet;Telemark;Skien videregående skole;3,5;12
2;3;FSP6222;I;40;888361332;Spansk II;Hele landet;Telemark;Stiftelsen Telemark Toppidrett gymnas;3,4;15
2;2;FSP6222;I;55;55;Spansk II;Hele landet;Troms - Romsa - Tromssa ;Alle skoler;*;*
2;3;FSP6222;I;55;974546892;Spansk II;Hele landet;Troms - Romsa - Tromssa ;Breivang videregående skole;*;*
2;3;FSP6222;I;55;974546671;Spansk II;Hele landet;Troms - Romsa - Tromssa ;Heggen videregående skole;*;*
2;3;FSP6222;I;55;974546744;Spansk II;Hele landet;Troms - Romsa - Tromssa ;Kongsbakken videregående skole;4;30
2;3;FSP6222;I;55;974546906;Spansk II;Hele landet;Troms - Romsa - Tromssa ;Kvaløya videregående skole;*;*
2;3;FSP6222;I;55;929440706;Spansk II;Hele landet;Troms - Romsa - Tromssa ;Longyearbyen skole Videregående Avdeling;*;*
2;3;FSP6222;I;55;974546957;Spansk II;Hele landet;Troms - Romsa - Tromssa ;Nord-Troms videregående skole avd Nordreisa;*;*
2;3;FSP6222;I;55;974546698;Spansk II;Hele landet;Troms - Romsa - Tromssa ;Senja videregående skole avd Finnfjordbotn;*;*
2;3;FSP6222;I;55;974546868;Spansk II;Hele landet;Troms - Romsa - Tromssa ;Tromsdalen videregående skole;3;7
2;2;FSP6222;I;50;50;Spansk II;Hele landet;Trøndelag - Trööndelage;Alle skoler;3,9;183
2;3;FSP6222;I;50;984477112;Spansk II;Hele landet;Trøndelag - Trööndelage;Byåsen videregående skole;3,8;13
2;3;FSP6222;I;50;996772772;Spansk II;Hele landet;Trøndelag - Trööndelage;Charlottenlund videregående skole;3,7;27
2;3;FSP6222;I;50;974557991;Spansk II;Hele landet;Trøndelag - Trööndelage;Heimdal videregående skole;3,8;19
2;3;FSP6222;I;50;974149699;Spansk II;Hele landet;Trøndelag - Trööndelage;Kristen videregående skole Trøndelag;4,4;20
2;3;FSP6222;I;50;974560704;Spansk II;Hele landet;Trøndelag - Trööndelage;Levanger videregående skole;3,9;11
2;3;FSP6222;I;50;874558362;Spansk II;Hele landet;Trøndelag - Trööndelage;Melhus videregående skole;*;*
2;3;FSP6222;I;50;974560712;Spansk II;Hele landet;Trøndelag - Trööndelage;Olav Duun videregående skole;*;*
2;3;FSP6222;I;50;974560720;Spansk II;Hele landet;Trøndelag - Trööndelage;Ole Vig videregående skole;*;*
2;3;FSP6222;I;50;974557967;Spansk II;Hele landet;Trøndelag - Trööndelage;Orkdal vidaregåande skole;4,7;7
2;3;FSP6222;I;50;974560690;Spansk II;Hele landet;Trøndelag - Trööndelage;Steinkjer videregående skole;*;*
2;3;FSP6222;I;50;996772810;Spansk II;Hele landet;Trøndelag - Trööndelage;Strinda videregående skole;3,8;34
2;3;FSP6222;I;50;995415372;Spansk II;Hele landet;Trøndelag - Trööndelage;Thora Storm videregående skole;4,8;18
2;3;FSP6222;I;50;974558386;Spansk II;Hele landet;Trøndelag - Trööndelage;Tiller videregående skole;2,7;6
2;3;FSP6222;I;50;974560747;Spansk II;Hele landet;Trøndelag - Trööndelage;Verdal videregående skole;*;*
2;2;FSP6222;I;39;39;Spansk II;Hele landet;Vestfold;Alle skoler;3,8;132
2;3;FSP6222;I;39;974574993;Spansk II;Hele landet;Vestfold;Greveskogen videregående skole;3,4;15
2;3;FSP6222;I;39;874575062;Spansk II;Hele landet;Vestfold;Holmestrand videregående skole;*;*
2;3;FSP6222;I;39;923261354;Spansk II;Hele landet;Vestfold;Horten videregående skole;3,9;27
2;3;FSP6222;I;39;974575000;Spansk II;Hele landet;Vestfold;Nøtterøy videregående skole;4,3;15
2;3;FSP6222;I;39;874575232;Spansk II;Hele landet;Vestfold;Re videregående skole;3,3;20
2;3;FSP6222;I;39;974575116;Spansk II;Hele landet;Vestfold;Sande videregående skole;*;*
2;3;FSP6222;I;39;974575019;Spansk II;Hele landet;Vestfold;Sandefjord videregående skole;4,1;18
2;3;FSP6222;I;39;974575027;Spansk II;Hele landet;Vestfold;Thor Heyerdahl videregående skole;3,6;13
2;3;FSP6222;I;39;995354071;Spansk II;Hele landet;Vestfold;Wang Tønsberg AS;4,1;12
2;2;FSP6222;I;46;46;Spansk II;Hele landet;Vestland;Alle skoler;3,6;337
2;3;FSP6222;I;46;999546560;Spansk II;Hele landet;Vestland;Amalie Skram videregående skole;4,4;25
2;3;FSP6222;I;46;974557533;Spansk II;Hele landet;Vestland;Askøy videregående skole;3;15
2;3;FSP6222;I;46;874557102;Spansk II;Hele landet;Vestland;Bergen katedralskole;3,9;22
2;3;FSP6222;I;46;988602671;Spansk II;Hele landet;Vestland;Bergen private gymnas AS;2,8;20
2;3;FSP6222;I;46;974571137;Spansk II;Hele landet;Vestland;Dale vidaregåande skule;*;*
2;3;FSP6222;I;46;873159642;Spansk II;Hele landet;Vestland;Danielsen videregående skole;*;*
2;3;FSP6222;I;46;974571161;Spansk II;Hele landet;Vestland;Firda vidaregåande skule;4,3;6
2;3;FSP6222;I;46;974571145;Spansk II;Hele landet;Vestland;Flora vidaregåande skule;3,5;15
2;3;FSP6222;I;46;974117959;Spansk II;Hele landet;Vestland;Framnes Kristne vidaregåande skule;4,6;14
2;3;FSP6222;I;46;974557584;Spansk II;Hele landet;Vestland;Fyllingsdalen videregående skole;3,1;11
2;3;FSP6222;I;46;974571110;Spansk II;Hele landet;Vestland;Førde vidaregåande skule;4,7;7
2;3;FSP6222;I;46;974557339;Spansk II;Hele landet;Vestland;Knarvik vidaregåande skule;3,5;15
2;3;FSP6222;I;46;974557282;Spansk II;Hele landet;Vestland;Kvinnherad vidaregåande skule;3,9;10
2;3;FSP6222;I;46;974557096;Spansk II;Hele landet;Vestland;Langhaugen videregående skole;4;25
2;3;FSP6222;I;46;985076308;Spansk II;Hele landet;Vestland;Metis videregående AS;3,1;15
2;3;FSP6222;I;46;993527084;Spansk II;Hele landet;Vestland;Nordahl Grieg videregående skole;3,9;15
2;3;FSP6222;I;46;922148805;Spansk II;Hele landet;Vestland;Norges Toppidrettsgymnas Bergen AS;3,5;19
2;3;FSP6222;I;46;989630008;Spansk II;Hele landet;Vestland;Olsvikåsen videregående skole;3,2;20
2;3;FSP6222;I;46;974557150;Spansk II;Hele landet;Vestland;Osterøy vidaregåande skule;3,2;6
2;3;FSP6222;I;46;974557142;Spansk II;Hele landet;Vestland;Sandsli videregående skole;2,6;21
2;3;FSP6222;I;46;974571056;Spansk II;Hele landet;Vestland;Sogndal vidaregåande skule;*;*
2;3;FSP6222;I;46;974557568;Spansk II;Hele landet;Vestland;Sotra vidaregåande skule;*;*
2;3;FSP6222;I;46;916794304;Spansk II;Hele landet;Vestland;St. Paul gymnas;*;*
2;3;FSP6222;I;46;974557029;Spansk II;Hele landet;Vestland;Stord vidaregåande skule;*;*
2;3;FSP6222;I;46;974557061;Spansk II;Hele landet;Vestland;Tertnes vidaregåande skule;3,1;21
2;3;FSP6222;I;46;816031982;Spansk II;Hele landet;Vestland;Voss gymnas;*;*
2;3;FSP6222;I;46;974557487;Spansk II;Hele landet;Vestland;Årstad videregående skole;*;*
2;3;FSP6222;I;46;974557479;Spansk II;Hele landet;Vestland;Åsane vidaregåande skule;*;*
2;2;FSP6222;I;31;31;Spansk II;Hele landet;Østfold;Alle skoler;3,4;102
2;3;FSP6222;I;31;988519480;Spansk II;Hele landet;Østfold;Akademiet Fredrikstad AS Privat videregående skole;1,5;6
2;3;FSP6222;I;31;974544504;Spansk II;Hele landet;Østfold;Askim videregående skole;2,7;15
2;3;FSP6222;I;31;974544466;Spansk II;Hele landet;Østfold;Frederik Ii videregående skole;2,8;12
2;3;FSP6222;I;31;974544490;Spansk II;Hele landet;Østfold;Greåker videregående skole;4,6;7
2;3;FSP6222;I;31;974544563;Spansk II;Hele landet;Østfold;Halden videregående skole;4,4;19
2;3;FSP6222;I;31;974544520;Spansk II;Hele landet;Østfold;Kalnes videregående skole;*;*
2;3;FSP6222;I;31;974544539;Spansk II;Hele landet;Østfold;Kirkeparken videregående skole;3,4;20
2;3;FSP6222;I;31;974544547;Spansk II;Hele landet;Østfold;Malakoff videregående skole;*;*
2;3;FSP6222;I;31;974544512;Spansk II;Hele landet;Østfold;Mysen videregående skole;*;*
2;3;FSP6222;I;31;986779795;Spansk II;Hele landet;Østfold;Wang Fredrikstad AS;3,2;12
2;1;FSP6222;U;0;U;Spansk II;Utlandet;Alle fylker;Alle skoler;4;17
2;2;FSP6222;U;25;25;Spansk II;Utlandet;Utlandet;Alle skoler;4;17
2;3;FSP6222;U;25;U90099009;Spansk II;Utlandet;Utlandet;Den norske skole - Costa Blanca;4,5;8
2;3;FSP6222;U;25;U90099015;Spansk II;Utlandet;Utlandet;Den norske skolen i Rojales (DNSR);3,6;9
2;0;FSP6226;Alle;0;Alle;Spansk I+II;Hele landet;Alle fylker;Alle skoler;3;411
2;1;FSP6226;I;0;I;Spansk I+II;Hele landet;Alle fylker;Alle skoler;3;411
2;2;FSP6226;I;42;42;Spansk I+II;Hele landet;Agder;Alle skoler;3,2;22
2;3;FSP6226;I;42;974573873;Spansk I+II;Hele landet;Agder;Arendal videregående skole avd Tyholmen;*;*
2;3;FSP6226;I;42;974117738;Spansk I+II;Hele landet;Agder;Drottningborg Vgs AS;*;*
2;3;FSP6226;I;42;874595012;Spansk I+II;Hele landet;Agder;Eilert Sundt videregående skole Studiested Farsund;*;*
2;3;FSP6226;I;42;974573857;Spansk I+II;Hele landet;Agder;Lillesand videregående skole;*;*
2;3;FSP6226;I;42;994557416;Spansk I+II;Hele landet;Agder;Oasen videregående skole AS;*;*
2;3;FSP6226;I;42;974573806;Spansk I+II;Hele landet;Agder;Risør videregående skole;*;*
2;3;FSP6226;I;42;974595001;Spansk I+II;Hele landet;Agder;Vågsbygd videregående skole;*;*
2;2;FSP6226;I;32;32;Spansk I+II;Hele landet;Akershus;Alle skoler;3,2;28
2;3;FSP6226;I;32;974587610;Spansk I+II;Hele landet;Akershus;Lørenskog videregående skole;3,7;11
2;3;FSP6226;I;32;991815325;Spansk I+II;Hele landet;Akershus;Mailand videregående skole;*;*
2;3;FSP6226;I;32;974587653;Spansk I+II;Hele landet;Akershus;Nes videregående skole;*;*
2;3;FSP6226;I;32;974587769;Spansk I+II;Hele landet;Akershus;Rælingen videregående skole;*;*
2;3;FSP6226;I;32;974605953;Spansk I+II;Hele landet;Akershus;Røyken videregående skole;2,3;6
2;3;FSP6226;I;32;974587629;Spansk I+II;Hele landet;Akershus;Skedsmo videregående skole;*;*
2;2;FSP6226;I;33;33;Spansk I+II;Hele landet;Buskerud;Alle skoler;2,5;19
2;3;FSP6226;I;33;996789845;Spansk I+II;Hele landet;Buskerud;Akademiet Vgs Bragernes Drammen AS;*;*
2;3;FSP6226;I;33;974605988;Spansk I+II;Hele landet;Buskerud;Eiker videregående skole;*;*
2;3;FSP6226;I;33;974605996;Spansk I+II;Hele landet;Buskerud;Kongsberg videregående skole;*;*
2;3;FSP6226;I;33;974606208;Spansk I+II;Hele landet;Buskerud;Ringerike videregående skole;*;*
2;3;FSP6226;I;33;973255754;Spansk I+II;Hele landet;Buskerud;Tyrifjord videregående skole;*;*
2;2;FSP6226;I;56;56;Spansk I+II;Hele landet;Finnmark - Finnmárku - Finmarkku;Alle skoler;3,4;13
2;3;FSP6226;I;56;974622750;Spansk I+II;Hele landet;Finnmark - Finnmárku - Finmarkku;Alta videregående skole;3,2;6
2;3;FSP6226;I;56;874622702;Spansk I+II;Hele landet;Finnmark - Finnmárku - Finmarkku;Hammerfest videregående skole;3,6;7
2;2;FSP6226;I;34;34;Spansk I+II;Hele landet;Innlandet;Alle skoler;*;*
2;3;FSP6226;I;34;974571900;Spansk I+II;Hele landet;Innlandet;Elverum videregående skole;*;*
2;3;FSP6226;I;34;974597373;Spansk I+II;Hele landet;Innlandet;Raufoss videregående skole avd Dokka;*;*
2;3;FSP6226;I;34;974571943;Spansk I+II;Hele landet;Innlandet;Sentrum videregående skole;*;*
2;3;FSP6226;I;34;974572117;Spansk I+II;Hele landet;Innlandet;Sentrum videregående skole avd Skarnes;*;*
2;2;FSP6226;I;15;15;Spansk I+II;Hele landet;Møre og Romsdal;Alle skoler;3,1;25
2;3;FSP6226;I;15;911770172;Spansk I+II;Hele landet;Møre og Romsdal;Akademiet Toppidrettsgymnas Ålesund AS;*;*
2;3;FSP6226;I;15;984800746;Spansk I+II;Hele landet;Møre og Romsdal;Akademiet Vgs Ålesund AS;*;*
2;3;FSP6226;I;15;974576708;Spansk I+II;Hele landet;Møre og Romsdal;Hustadvika vidaregåande skole;*;*
2;3;FSP6226;I;15;974576422;Spansk I+II;Hele landet;Møre og Romsdal;Molde videregående skole;*;*
2;3;FSP6226;I;15;974577267;Spansk I+II;Hele landet;Møre og Romsdal;Spjelkavik videregående skole;*;*
2;3;FSP6226;I;15;974576503;Spansk I+II;Hele landet;Møre og Romsdal;Ålesund videregående skole;*;*
2;2;FSP6226;I;18;18;Spansk I+II;Hele landet;Nordland - Nordlánnda;Alle skoler;3,3;29
2;3;FSP6226;I;18;974621134;Spansk I+II;Hele landet;Nordland - Nordlánnda;Aust-Lofoten videregående skole;2,3;6
2;3;FSP6226;I;18;974621223;Spansk I+II;Hele landet;Nordland - Nordlánnda;Bodø videregående skole;*;*
2;3;FSP6226;I;18;974621037;Spansk I+II;Hele landet;Nordland - Nordlánnda;Hadsel videregående skole;2,9;7
2;3;FSP6226;I;18;973494694;Spansk I+II;Hele landet;Nordland - Nordlánnda;Kristen videregående skole Nordland Sti;*;*
2;3;FSP6226;I;18;974041707;Spansk I+II;Hele landet;Nordland - Nordlánnda;Narvik videregående skole;*;*
2;3;FSP6226;I;18;974621053;Spansk I+II;Hele landet;Nordland - Nordlánnda;Sortland videregående skole avd Sortland;4,2;6
2;2;FSP6226;I;3;3;Spansk I+II;Hele landet;Oslo;Alle skoler;2,9;80
2;3;FSP6226;I;3;887664102;Spansk I+II;Hele landet;Oslo;Akademiet Oslo AS;*;*
2;3;FSP6226;I;3;974591006;Spansk I+II;Hele landet;Oslo;Bjerke videregående skole;1,7;11
2;3;FSP6226;I;3;990574898;Spansk I+II;Hele landet;Oslo;Bjørnholt videregående skole;*;*
2;3;FSP6226;I;3;912703312;Spansk I+II;Hele landet;Oslo;Blindern videregående skole;*;*
2;3;FSP6226;I;3;974590999;Spansk I+II;Hele landet;Oslo;Elvebakken videregående skole;*;*
2;3;FSP6226;I;3;995821664;Spansk I+II;Hele landet;Oslo;Fyrstikkalleen skole;2,1;7
2;3;FSP6226;I;3;974590956;Spansk I+II;Hele landet;Oslo;Hellerud videregående skole;3,2;6
2;3;FSP6226;I;3;912001008;Spansk I+II;Hele landet;Oslo;Hersleb videregående skole;*;*
2;3;FSP6226;I;3;999173926;Spansk I+II;Hele landet;Oslo;Kongshavn videregående skole;*;*
2;3;FSP6226;I;3;974590913;Spansk I+II;Hele landet;Oslo;Lambertseter videregående skole;3,2;9
2;3;FSP6226;I;3;996216454;Spansk I+II;Hele landet;Oslo;Nydalen videregående skole;*;*
2;3;FSP6226;I;3;974590883;Spansk I+II;Hele landet;Oslo;Oslo Handelsgymnasium;*;*
2;3;FSP6226;I;3;971816309;Spansk I+II;Hele landet;Oslo;Otto Treider private gymnas AS;*;*
2;3;FSP6226;I;3;974591065;Spansk I+II;Hele landet;Oslo;Stovner videregående skole;2,9;9
2;3;FSP6226;I;3;974590964;Spansk I+II;Hele landet;Oslo;Ullern videregående skole;*;*
2;3;FSP6226;I;3;974590972;Spansk I+II;Hele landet;Oslo;Ulsrud videregående skole;*;*
2;3;FSP6226;I;3;917527067;Spansk I+II;Hele landet;Oslo;Valle Hovin videregående skole;*;*
2;2;FSP6226;I;11;11;Spansk I+II;Hele landet;Rogaland;Alle skoler;*;*
2;3;FSP6226;I;11;874117722;Spansk I+II;Hele landet;Rogaland;Lundeneset Vgs;*;*
2;3;FSP6226;I;11;874624772;Spansk I+II;Hele landet;Rogaland;Møllehagen skolesenter grunnskole og videregående skole;*;*
2;3;FSP6226;I;11;973157221;Spansk I+II;Hele landet;Rogaland;Tryggheim vidaregåande skule;*;*
2;2;FSP6226;I;40;40;Spansk I+II;Hele landet;Telemark;Alle skoler;2,9;18
2;3;FSP6226;I;40;974568020;Spansk I+II;Hele landet;Telemark;Porsgrunn videregående skole;*;*
2;3;FSP6226;I;40;974568039;Spansk I+II;Hele landet;Telemark;Skien videregående skole;*;*
2;3;FSP6226;I;40;888361332;Spansk I+II;Hele landet;Telemark;Stiftelsen Telemark Toppidrett gymnas;*;*
2;2;FSP6226;I;55;55;Spansk I+II;Hele landet;Troms - Romsa - Tromssa ;Alle skoler;3,5;13
2;3;FSP6226;I;55;974546892;Spansk I+II;Hele landet;Troms - Romsa - Tromssa ;Breivang videregående skole;3,2;6
2;3;FSP6226;I;55;974546671;Spansk I+II;Hele landet;Troms - Romsa - Tromssa ;Heggen videregående skole;*;*
2;3;FSP6226;I;55;974546868;Spansk I+II;Hele landet;Troms - Romsa - Tromssa ;Tromsdalen videregående skole;*;*
2;2;FSP6226;I;50;50;Spansk I+II;Hele landet;Trøndelag - Trööndelage;Alle skoler;2,9;54
2;3;FSP6226;I;50;984477112;Spansk I+II;Hele landet;Trøndelag - Trööndelage;Byåsen videregående skole;2;11
2;3;FSP6226;I;50;996772772;Spansk I+II;Hele landet;Trøndelag - Trööndelage;Charlottenlund videregående skole;2,6;11
2;3;FSP6226;I;50;974557991;Spansk I+II;Hele landet;Trøndelag - Trööndelage;Heimdal videregående skole;*;*
2;3;FSP6226;I;50;974149699;Spansk I+II;Hele landet;Trøndelag - Trööndelage;Kristen videregående skole Trøndelag;*;*
2;3;FSP6226;I;50;874558362;Spansk I+II;Hele landet;Trøndelag - Trööndelage;Melhus videregående skole;2,8;10
2;3;FSP6226;I;50;974557908;Spansk I+II;Hele landet;Trøndelag - Trööndelage;Trondheim katedralskole;3,9;9
2;2;FSP6226;I;39;39;Spansk I+II;Hele landet;Vestfold;Alle skoler;2,6;25
2;3;FSP6226;I;39;974574993;Spansk I+II;Hele landet;Vestfold;Greveskogen videregående skole;*;*
2;3;FSP6226;I;39;923261354;Spansk I+II;Hele landet;Vestfold;Horten videregående skole;2,3;10
2;3;FSP6226;I;39;974575000;Spansk I+II;Hele landet;Vestfold;Nøtterøy videregående skole;*;*
2;3;FSP6226;I;39;874575232;Spansk I+II;Hele landet;Vestfold;Re videregående skole;2,3;6
2;2;FSP6226;I;46;46;Spansk I+II;Hele landet;Vestland;Alle skoler;3;56
2;3;FSP6226;I;46;974557533;Spansk I+II;Hele landet;Vestland;Askøy videregående skole;*;*
2;3;FSP6226;I;46;974571137;Spansk I+II;Hele landet;Vestland;Dale vidaregåande skule;*;*
2;3;FSP6226;I;46;873159642;Spansk I+II;Hele landet;Vestland;Danielsen videregående skole;*;*
2;3;FSP6226;I;46;974571145;Spansk I+II;Hele landet;Vestland;Flora vidaregåande skule;*;*
2;3;FSP6226;I;46;974557584;Spansk I+II;Hele landet;Vestland;Fyllingsdalen videregående skole;*;*
2;3;FSP6226;I;46;974571110;Spansk I+II;Hele landet;Vestland;Førde vidaregåande skule;4;6
2;3;FSP6226;I;46;989630008;Spansk I+II;Hele landet;Vestland;Olsvikåsen videregående skole;2,9;11
2;3;FSP6226;I;46;974557142;Spansk I+II;Hele landet;Vestland;Sandsli videregående skole;*;*
2;3;FSP6226;I;46;974557568;Spansk I+II;Hele landet;Vestland;Sotra vidaregåande skule;*;*
2;3;FSP6226;I;46;974557029;Spansk I+II;Hele landet;Vestland;Stord vidaregåande skule;2,1;9
2;3;FSP6226;I;46;974151537;Spansk I+II;Hele landet;Vestland;Sygna Vgs;*;*
2;3;FSP6226;I;46;816031982;Spansk I+II;Hele landet;Vestland;Voss gymnas;*;*
2;3;FSP6226;I;46;974557487;Spansk I+II;Hele landet;Vestland;Årstad videregående skole;*;*
2;2;FSP6226;I;31;31;Spansk I+II;Hele landet;Østfold;Alle skoler;2,6;16
2;3;FSP6226;I;31;974544466;Spansk I+II;Hele landet;Østfold;Frederik Ii videregående skole;*;*
2;3;FSP6226;I;31;974544490;Spansk I+II;Hele landet;Østfold;Greåker videregående skole;2,8;6
2;3;FSP6226;I;31;974544539;Spansk I+II;Hele landet;Østfold;Kirkeparken videregående skole;*;*
2;3;FSP6226;I;31;974544512;Spansk I+II;Hele landet;Østfold;Mysen videregående skole;*;*
2;1;FSP6226;U;0;U;Spansk I+II;Utlandet;Alle fylker;Alle skoler;*;*
2;2;FSP6226;U;25;25;Spansk I+II;Utlandet;Utlandet;Alle skoler;*;*
2;3;FSP6226;U;25;U90099009;Spansk I+II;Utlandet;Utlandet;Den norske skole - Costa Blanca;*;*
2;0;FSP6229;Alle;0;Alle;Tegnspråk I;Hele landet;Alle fylker;Alle skoler;4,3;18
2;1;FSP6229;I;0;I;Tegnspråk I;Hele landet;Alle fylker;Alle skoler;4,3;18
2;2;FSP6229;I;3;3;Tegnspråk I;Hele landet;Oslo;Alle skoler;*;*
2;3;FSP6229;I;3;996216454;Tegnspråk I;Hele landet;Oslo;Nydalen videregående skole;*;*
2;2;FSP6229;I;50;50;Tegnspråk I;Hele landet;Trøndelag - Trööndelage;Alle skoler;*;*
2;3;FSP6229;I;50;974558386;Tegnspråk I;Hele landet;Trøndelag - Trööndelage;Tiller videregående skole;*;*
2;2;FSP6229;I;39;39;Tegnspråk I;Hele landet;Vestfold;Alle skoler;*;*
2;3;FSP6229;I;39;974575019;Tegnspråk I;Hele landet;Vestfold;Sandefjord videregående skole;*;*
2;2;FSP6229;I;46;46;Tegnspråk I;Hele landet;Vestland;Alle skoler;3,8;11
2;3;FSP6229;I;46;993527084;Tegnspråk I;Hele landet;Vestland;Nordahl Grieg videregående skole;3,8;11
2;0;FSP6236;Alle;0;Alle;Tegnspråk I+II;Hele landet;Alle fylker;Alle skoler;3,4;9
2;1;FSP6236;I;0;I;Tegnspråk I+II;Hele landet;Alle fylker;Alle skoler;3,4;9
2;2;FSP6236;I;50;50;Tegnspråk I+II;Hele landet;Trøndelag - Trööndelage;Alle skoler;*;*
2;3;FSP6236;I;50;974558386;Tegnspråk I+II;Hele landet;Trøndelag - Trööndelage;Tiller videregående skole;*;*
2;2;FSP6236;I;39;39;Tegnspråk I+II;Hele landet;Vestfold;Alle skoler;*;*
2;3;FSP6236;I;39;974575019;Tegnspråk I+II;Hele landet;Vestfold;Sandefjord videregående skole;*;*
2;2;FSP6236;I;46;46;Tegnspråk I+II;Hele landet;Vestland;Alle skoler;*;*
2;3;FSP6236;I;46;993527084;Tegnspråk I+II;Hele landet;Vestland;Nordahl Grieg videregående skole;*;*
2;0;FSP6239;Alle;0;Alle;Tysk I;Hele landet;Alle fylker;Alle skoler;3,6;691
2;1;FSP6239;I;0;I;Tysk I;Hele landet;Alle fylker;Alle skoler;3,6;691
2;2;FSP6239;I;42;42;Tysk I;Hele landet;Agder;Alle skoler;4,1;17
2;3;FSP6239;I;42;974573881;Tysk I;Hele landet;Agder;Dahlske videregående skole;*;*
2;3;FSP6239;I;42;974595117;Tysk I;Hele landet;Agder;Kvadraturen videregående skole;4,5;6
2;3;FSP6239;I;42;874595152;Tysk I;Hele landet;Agder;Tangen videregående skole;*;*
2;3;FSP6239;I;42;974595001;Tysk I;Hele landet;Agder;Vågsbygd videregående skole;*;*
2;2;FSP6239;I;32;32;Tysk I;Hele landet;Akershus;Alle skoler;3,5;98
2;3;FSP6239;I;32;974587742;Tysk I;Hele landet;Akershus;Asker videregående skole;3,9;7
2;3;FSP6239;I;32;974587602;Tysk I;Hele landet;Akershus;Bjørkelangen videregående skole;*;*
2;3;FSP6239;I;32;974587831;Tysk I;Hele landet;Akershus;Bleiker videregående skole;2,8;9
2;3;FSP6239;I;32;974587890;Tysk I;Hele landet;Akershus;Dønski videregående skole;*;*
2;3;FSP6239;I;32;988843709;Tysk I;Hele landet;Akershus;Frogn videregående skole;*;*
2;3;FSP6239;I;32;974587645;Tysk I;Hele landet;Akershus;Jessheim videregående skole;*;*
2;3;FSP6239;I;32;974587750;Tysk I;Hele landet;Akershus;Lillestrøm videregående skole;3,8;9
2;3;FSP6239;I;32;974587610;Tysk I;Hele landet;Akershus;Lørenskog videregående skole;3,8;17
2;3;FSP6239;I;32;991815325;Tysk I;Hele landet;Akershus;Mailand videregående skole;*;*
2;3;FSP6239;I;32;974587599;Tysk I;Hele landet;Akershus;Nesbru videregående skole;*;*
2;3;FSP6239;I;32;974587580;Tysk I;Hele landet;Akershus;Roald Amundsen videregående skole;3,7;6
2;3;FSP6239;I;32;974587866;Tysk I;Hele landet;Akershus;Rosenvilde videregående skole;*;*
2;3;FSP6239;I;32;974587769;Tysk I;Hele landet;Akershus;Rælingen videregående skole;*;*
2;3;FSP6239;I;32;988835064;Tysk I;Hele landet;Akershus;Sandvika videregående skole;2,9;18
2;3;FSP6239;I;32;974587718;Tysk I;Hele landet;Akershus;Stabekk videregående skole;*;*
2;3;FSP6239;I;32;874587842;Tysk I;Hele landet;Akershus;Sørumsand videregående skole;*;*
2;2;FSP6239;I;33;33;Tysk I;Hele landet;Buskerud;Alle skoler;3,6;62
2;3;FSP6239;I;33;986737162;Tysk I;Hele landet;Buskerud;Briskeby videregående skole AS;*;*
2;3;FSP6239;I;33;874605972;Tysk I;Hele landet;Buskerud;Drammen videregående skole;3,3;25
2;3;FSP6239;I;33;974605988;Tysk I;Hele landet;Buskerud;Eiker videregående skole;4,3;6
2;3;FSP6239;I;33;974605929;Tysk I;Hele landet;Buskerud;Hønefoss videregående skole;3,7;14
2;3;FSP6239;I;33;974605996;Tysk I;Hele landet;Buskerud;Kongsberg videregående skole;*;*
2;3;FSP6239;I;33;974605961;Tysk I;Hele landet;Buskerud;St Hallvard videregående skole;3,2;9
2;2;FSP6239;I;56;56;Tysk I;Hele landet;Finnmark - Finnmárku - Finmarkku;Alle skoler;*;*
2;3;FSP6239;I;56;874622702;Tysk I;Hele landet;Finnmark - Finnmárku - Finmarkku;Hammerfest videregående skole;*;*
2;2;FSP6239;I;34;34;Tysk I;Hele landet;Innlandet;Alle skoler;3,8;63
2;3;FSP6239;I;34;974571900;Tysk I;Hele landet;Innlandet;Elverum videregående skole;*;*
2;3;FSP6239;I;34;974571919;Tysk I;Hele landet;Innlandet;Hamar katedralskole;3,3;11
2;3;FSP6239;I;34;986147667;Tysk I;Hele landet;Innlandet;Norges Toppidrettsgymnas Kongsvinger AS;4,3;14
2;3;FSP6239;I;34;873600152;Tysk I;Hele landet;Innlandet;Norges Toppidrettsgymnas Lillehammer AS;3,9;17
2;3;FSP6239;I;34;974572079;Tysk I;Hele landet;Innlandet;Stange videregående skole;*;*
2;3;FSP6239;I;34;974572028;Tysk I;Hele landet;Innlandet;Trysil videregående skole;*;*
2;3;FSP6239;I;34;913391470;Tysk I;Hele landet;Innlandet;Wang Hamar AS;3,1;8
2;2;FSP6239;I;15;15;Tysk I;Hele landet;Møre og Romsdal;Alle skoler;3,8;35
2;3;FSP6239;I;15;974576473;Tysk I;Hele landet;Møre og Romsdal;Atlanten videregående skole;4,2;10
2;3;FSP6239;I;15;974576422;Tysk I;Hele landet;Møre og Romsdal;Molde videregående skole;3,6;9
2;3;FSP6239;I;15;974577267;Tysk I;Hele landet;Møre og Romsdal;Spjelkavik videregående skole;3,6;9
2;3;FSP6239;I;15;974576503;Tysk I;Hele landet;Møre og Romsdal;Ålesund videregående skole;3,7;7
2;2;FSP6239;I;18;18;Tysk I;Hele landet;Nordland - Nordlánnda;Alle skoler;3,6;50
2;3;FSP6239;I;18;974621215;Tysk I;Hele landet;Nordland - Nordlánnda;Bodin videregående skole;3,4;15
2;3;FSP6239;I;18;974621223;Tysk I;Hele landet;Nordland - Nordlánnda;Bodø videregående skole;3,2;9
2;3;FSP6239;I;18;974621282;Tysk I;Hele landet;Nordland - Nordlánnda;Knut Hamsun videregående skole Joarkkaskåvllå;*;*
2;3;FSP6239;I;18;974041707;Tysk I;Hele landet;Nordland - Nordlánnda;Narvik videregående skole;3,3;6
2;3;FSP6239;I;18;916694490;Tysk I;Hele landet;Nordland - Nordlánnda;Norges Toppidrettsgymnas Bodø AS;4,6;8
2;3;FSP6239;I;18;874621382;Tysk I;Hele landet;Nordland - Nordlánnda;Sandnessjøen videregående skole;3,3;6
2;3;FSP6239;I;18;974621053;Tysk I;Hele landet;Nordland - Nordlánnda;Sortland videregående skole avd Sortland;*;*
2;2;FSP6239;I;3;3;Tysk I;Hele landet;Oslo;Alle skoler;3,7;103
2;3;FSP6239;I;3;887664102;Tysk I;Hele landet;Oslo;Akademiet Oslo AS;*;*
2;3;FSP6239;I;3;974591006;Tysk I;Hele landet;Oslo;Bjerke videregående skole;3,1;14
2;3;FSP6239;I;3;912703312;Tysk I;Hele landet;Oslo;Blindern videregående skole;3,8;8
2;3;FSP6239;I;3;912001709;Tysk I;Hele landet;Oslo;Edvard Munch videregående skole;4,6;7
2;3;FSP6239;I;3;974590891;Tysk I;Hele landet;Oslo;Hartvig Nissens skole;*;*
2;3;FSP6239;I;3;974192020;Tysk I;Hele landet;Oslo;Heltberg private gymnas;*;*
2;3;FSP6239;I;3;999173926;Tysk I;Hele landet;Oslo;Kongshavn videregående skole;*;*
2;3;FSP6239;I;3;974117797;Tysk I;Hele landet;Oslo;Kristelig gymnasium AS videregående skole;*;*
2;3;FSP6239;I;3;974590913;Tysk I;Hele landet;Oslo;Lambertseter videregående skole;4,6;8
2;3;FSP6239;I;3;974590883;Tysk I;Hele landet;Oslo;Oslo Handelsgymnasium;3,7;26
2;3;FSP6239;I;3;974590948;Tysk I;Hele landet;Oslo;Persbråten videregående skole;4,2;6
2;3;FSP6239;I;3;974591065;Tysk I;Hele landet;Oslo;Stovner videregående skole;*;*
2;3;FSP6239;I;3;974590972;Tysk I;Hele landet;Oslo;Ulsrud videregående skole;*;*
2;3;FSP6239;I;3;917527067;Tysk I;Hele landet;Oslo;Valle Hovin videregående skole;3,8;6
2;3;FSP6239;I;3;925607797;Tysk I;Hele landet;Oslo;Vika videregående skole;*;*
2;3;FSP6239;I;3;971816317;Tysk I;Hele landet;Oslo;Wang videregående Skole/ Wang Toppidrett;3,3;7
2;2;FSP6239;I;11;11;Tysk I;Hele landet;Rogaland;Alle skoler;*;*
2;3;FSP6239;I;11;913385632;Tysk I;Hele landet;Rogaland;Bryne vidaregåande skule;*;*
2;3;FSP6239;I;11;971816287;Tysk I;Hele landet;Rogaland;Haugesund Toppidrettsgymnas AS;*;*
2;2;FSP6239;I;40;40;Tysk I;Hele landet;Telemark;Alle skoler;3,8;34
2;3;FSP6239;I;40;974567997;Tysk I;Hele landet;Telemark;Bø vidaregåande skule;4,2;11
2;3;FSP6239;I;40;974568020;Tysk I;Hele landet;Telemark;Porsgrunn videregående skole;3,3;16
2;3;FSP6239;I;40;974568039;Tysk I;Hele landet;Telemark;Skien videregående skole;4,3;7
2;2;FSP6239;I;55;55;Tysk I;Hele landet;Troms - Romsa - Tromssa ;Alle skoler;3,4;31
2;3;FSP6239;I;55;974546671;Tysk I;Hele landet;Troms - Romsa - Tromssa ;Heggen videregående skole;2,8;12
2;3;FSP6239;I;55;974546744;Tysk I;Hele landet;Troms - Romsa - Tromssa ;Kongsbakken videregående skole;5;8
2;3;FSP6239;I;55;974546698;Tysk I;Hele landet;Troms - Romsa - Tromssa ;Senja videregående skole avd Finnfjordbotn;*;*
2;3;FSP6239;I;55;974546760;Tysk I;Hele landet;Troms - Romsa - Tromssa ;Stangnes Rå videregående skole avd Stangnes;*;*
2;3;FSP6239;I;55;974546868;Tysk I;Hele landet;Troms - Romsa - Tromssa ;Tromsdalen videregående skole;*;*
2;2;FSP6239;I;50;50;Tysk I;Hele landet;Trøndelag - Trööndelage;Alle skoler;4,1;42
2;3;FSP6239;I;50;974557991;Tysk I;Hele landet;Trøndelag - Trööndelage;Heimdal videregående skole;*;*
2;3;FSP6239;I;50;974560704;Tysk I;Hele landet;Trøndelag - Trööndelage;Levanger videregående skole;*;*
2;3;FSP6239;I;50;874558362;Tysk I;Hele landet;Trøndelag - Trööndelage;Melhus videregående skole;*;*
2;3;FSP6239;I;50;974560763;Tysk I;Hele landet;Trøndelag - Trööndelage;Meråker videregående skole;*;*
2;3;FSP6239;I;50;996772810;Tysk I;Hele landet;Trøndelag - Trööndelage;Strinda videregående skole;4,1;15
2;3;FSP6239;I;50;995415372;Tysk I;Hele landet;Trøndelag - Trööndelage;Thora Storm videregående skole;*;*
2;3;FSP6239;I;50;974557908;Tysk I;Hele landet;Trøndelag - Trööndelage;Trondheim katedralskole;*;*
2;3;FSP6239;I;50;974560747;Tysk I;Hele landet;Trøndelag - Trööndelage;Verdal videregående skole;*;*
2;3;FSP6239;I;50;974560739;Tysk I;Hele landet;Trøndelag - Trööndelage;Ytre Namdal videregående skole;4,8;6
2;2;FSP6239;I;39;39;Tysk I;Hele landet;Vestfold;Alle skoler;3,7;83
2;3;FSP6239;I;39;974574993;Tysk I;Hele landet;Vestfold;Greveskogen videregående skole;3,3;13
2;3;FSP6239;I;39;923261354;Tysk I;Hele landet;Vestfold;Horten videregående skole;4;21
2;3;FSP6239;I;39;974575051;Tysk I;Hele landet;Vestfold;Melsom videregående skole;*;*
2;3;FSP6239;I;39;974575000;Tysk I;Hele landet;Vestfold;Nøtterøy videregående skole;4,2;12
2;3;FSP6239;I;39;974575116;Tysk I;Hele landet;Vestfold;Sande videregående skole;*;*
2;3;FSP6239;I;39;974575019;Tysk I;Hele landet;Vestfold;Sandefjord videregående skole;3,1;27
2;3;FSP6239;I;39;974575027;Tysk I;Hele landet;Vestfold;Thor Heyerdahl videregående skole;*;*
2;2;FSP6239;I;46;46;Tysk I;Hele landet;Vestland;Alle skoler;3,5;32
2;3;FSP6239;I;46;974557126;Tysk I;Hele landet;Vestland;Bømlo vidaregåande skule;*;*
2;3;FSP6239;I;46;974571110;Tysk I;Hele landet;Vestland;Førde vidaregåande skule;3,8;8
2;3;FSP6239;I;46;974557096;Tysk I;Hele landet;Vestland;Langhaugen videregående skole;*;*
2;3;FSP6239;I;46;922148805;Tysk I;Hele landet;Vestland;Norges Toppidrettsgymnas Bergen AS;*;*
2;3;FSP6239;I;46;974556995;Tysk I;Hele landet;Vestland;Os gymnas;*;*
2;3;FSP6239;I;46;974557029;Tysk I;Hele landet;Vestland;Stord vidaregåande skule;*;*
2;3;FSP6239;I;46;974557061;Tysk I;Hele landet;Vestland;Tertnes vidaregåande skule;*;*
2;2;FSP6239;I;31;31;Tysk I;Hele landet;Østfold;Alle skoler;3;32
2;3;FSP6239;I;31;974544504;Tysk I;Hele landet;Østfold;Askim videregående skole;*;*
2;3;FSP6239;I;31;974544466;Tysk I;Hele landet;Østfold;Frederik Ii videregående skole;2,3;6
2;3;FSP6239;I;31;974544563;Tysk I;Hele landet;Østfold;Halden videregående skole;3,5;6
2;3;FSP6239;I;31;974544539;Tysk I;Hele landet;Østfold;Kirkeparken videregående skole;2,9;8
2;3;FSP6239;I;31;974544547;Tysk I;Hele landet;Østfold;Malakoff videregående skole;*;*
2;3;FSP6239;I;31;874544582;Tysk I;Hele landet;Østfold;St. Olav videregående skole;3;6
2;0;FSP6242;Alle;0;Alle;Tysk II;Hele landet;Alle fylker;Alle skoler;3,9;1 624
2;1;FSP6242;I;0;I;Tysk II;Hele landet;Alle fylker;Alle skoler;3,9;1 624
2;2;FSP6242;I;42;42;Tysk II;Hele landet;Agder;Alle skoler;3,9;90
2;3;FSP6242;I;42;974573873;Tysk II;Hele landet;Agder;Arendal videregående skole avd Tyholmen;*;*
2;3;FSP6242;I;42;974117738;Tysk II;Hele landet;Agder;Drottningborg Vgs AS;*;*
2;3;FSP6242;I;42;874595012;Tysk II;Hele landet;Agder;Eilert Sundt videregående skole Studiested Farsund;*;*
2;3;FSP6242;I;42;974595141;Tysk II;Hele landet;Agder;Flekkefjord videregående skole Studiested Flekkefjord;4,4;10
2;3;FSP6242;I;42;974594994;Tysk II;Hele landet;Agder;Kristiansand katedralskole Gimle;4,2;11
2;3;FSP6242;I;42;973149776;Tysk II;Hele landet;Agder;Kvs-Lyngdal AS;*;*
2;3;FSP6242;I;42;974573857;Tysk II;Hele landet;Agder;Lillesand videregående skole;*;*
2;3;FSP6242;I;42;974595125;Tysk II;Hele landet;Agder;Mandal videregående skole;3,5;10
2;3;FSP6242;I;42;874573892;Tysk II;Hele landet;Agder;Setesdal vidaregåande skule;*;*
2;3;FSP6242;I;42;874595152;Tysk II;Hele landet;Agder;Tangen videregående skole;3,6;7
2;3;FSP6242;I;42;974573865;Tysk II;Hele landet;Agder;Tvedestrand videregående skole;3,2;13
2;3;FSP6242;I;42;974595044;Tysk II;Hele landet;Agder;Vennesla videregående skole;4,4;7
2;3;FSP6242;I;42;974595001;Tysk II;Hele landet;Agder;Vågsbygd videregående skole;*;*
2;2;FSP6242;I;32;32;Tysk II;Hele landet;Akershus;Alle skoler;3,8;283
2;3;FSP6242;I;32;974587742;Tysk II;Hele landet;Akershus;Asker videregående skole;4,1;19
2;3;FSP6242;I;32;974587637;Tysk II;Hele landet;Akershus;Bjertnes videregående skole;4,6;14
2;3;FSP6242;I;32;974587602;Tysk II;Hele landet;Akershus;Bjørkelangen videregående skole;3,8;8
2;3;FSP6242;I;32;974587890;Tysk II;Hele landet;Akershus;Dønski videregående skole;2,4;8
2;3;FSP6242;I;32;974587726;Tysk II;Hele landet;Akershus;Eikeli videregående skole;4;6
2;3;FSP6242;I;32;988843709;Tysk II;Hele landet;Akershus;Frogn videregående skole;3,5;6
2;3;FSP6242;I;32;913459598;Tysk II;Hele landet;Akershus;Hoppensprett Akademiet Vgs Jessheim AS;*;*
2;3;FSP6242;I;32;974587645;Tysk II;Hele landet;Akershus;Jessheim videregående skole;3,2;13
2;3;FSP6242;I;32;974587750;Tysk II;Hele landet;Akershus;Lillestrøm videregående skole;4,2;19
2;3;FSP6242;I;32;974587610;Tysk II;Hele landet;Akershus;Lørenskog videregående skole;4,8;12
2;3;FSP6242;I;32;991815325;Tysk II;Hele landet;Akershus;Mailand videregående skole;*;*
2;3;FSP6242;I;32;974587734;Tysk II;Hele landet;Akershus;Nadderud videregående skole;4,6;19
2;3;FSP6242;I;32;988084948;Tysk II;Hele landet;Akershus;Nannestad videregående skole;2,3;13
2;3;FSP6242;I;32;974587599;Tysk II;Hele landet;Akershus;Nesbru videregående skole;2,9;7
2;3;FSP6242;I;32;990672962;Tysk II;Hele landet;Akershus;Norges Toppidrettsgymnas Bærum AS;*;*
2;3;FSP6242;I;32;974587580;Tysk II;Hele landet;Akershus;Roald Amundsen videregående skole;3,6;10
2;3;FSP6242;I;32;974587866;Tysk II;Hele landet;Akershus;Rosenvilde videregående skole;4,1;18
2;3;FSP6242;I;32;974587823;Tysk II;Hele landet;Akershus;Rud videregående skole;*;*
2;3;FSP6242;I;32;974587769;Tysk II;Hele landet;Akershus;Rælingen videregående skole;*;*
2;3;FSP6242;I;32;974605953;Tysk II;Hele landet;Akershus;Røyken videregående skole;3,5;6
2;3;FSP6242;I;32;988835064;Tysk II;Hele landet;Akershus;Sandvika videregående skole;3;19
2;3;FSP6242;I;32;974587629;Tysk II;Hele landet;Akershus;Skedsmo videregående skole;3,3;6
2;3;FSP6242;I;32;974587696;Tysk II;Hele landet;Akershus;Ski videregående skole;*;*
2;3;FSP6242;I;32;974587718;Tysk II;Hele landet;Akershus;Stabekk videregående skole;*;*
2;3;FSP6242;I;32;874587842;Tysk II;Hele landet;Akershus;Sørumsand videregående skole;*;*
2;3;FSP6242;I;32;874587702;Tysk II;Hele landet;Akershus;Valler videregående skole;3,9;11
2;3;FSP6242;I;32;974587815;Tysk II;Hele landet;Akershus;Vestby videregående skole;3,8;10
2;3;FSP6242;I;32;974587564;Tysk II;Hele landet;Akershus;Ås videregående skole;3,8;13
2;2;FSP6242;I;33;33;Tysk II;Hele landet;Buskerud;Alle skoler;3,8;96
2;3;FSP6242;I;33;985500568;Tysk II;Hele landet;Buskerud;Akademiet Drammen AS;*;*
2;3;FSP6242;I;33;996789845;Tysk II;Hele landet;Buskerud;Akademiet Vgs Bragernes Drammen AS;2,9;11
2;3;FSP6242;I;33;974606216;Tysk II;Hele landet;Buskerud;Buskerud videregående skole;*;*
2;3;FSP6242;I;33;874605972;Tysk II;Hele landet;Buskerud;Drammen videregående skole;3,7;20
2;3;FSP6242;I;33;974605988;Tysk II;Hele landet;Buskerud;Eiker videregående skole;*;*
2;3;FSP6242;I;33;974606194;Tysk II;Hele landet;Buskerud;Gol vidaregåande skule;3,9;11
2;3;FSP6242;I;33;974605996;Tysk II;Hele landet;Buskerud;Kongsberg videregående skole;*;*
2;3;FSP6242;I;33;974606208;Tysk II;Hele landet;Buskerud;Ringerike videregående skole;3,6;18
2;3;FSP6242;I;33;974605961;Tysk II;Hele landet;Buskerud;St Hallvard videregående skole;3,8;16
2;3;FSP6242;I;33;973255754;Tysk II;Hele landet;Buskerud;Tyrifjord videregående skole;*;*
2;2;FSP6242;I;56;56;Tysk II;Hele landet;Finnmark - Finnmárku - Finmarkku;Alle skoler;3,2;10
2;3;FSP6242;I;56;974622750;Tysk II;Hele landet;Finnmark - Finnmárku - Finmarkku;Alta videregående skole;*;*
2;3;FSP6242;I;56;874622702;Tysk II;Hele landet;Finnmark - Finnmárku - Finmarkku;Hammerfest videregående skole;*;*
2;2;FSP6242;I;34;34;Tysk II;Hele landet;Innlandet;Alle skoler;3,8;125
2;3;FSP6242;I;34;974571900;Tysk II;Hele landet;Innlandet;Elverum videregående skole;4;10
2;3;FSP6242;I;34;974597284;Tysk II;Hele landet;Innlandet;Gjøvik videregående skole;*;*
2;3;FSP6242;I;34;998513448;Tysk II;Hele landet;Innlandet;Hadeland videregående skole;4,3;15
2;3;FSP6242;I;34;974571919;Tysk II;Hele landet;Innlandet;Hamar katedralskole;3,8;36
2;3;FSP6242;I;34;974597322;Tysk II;Hele landet;Innlandet;Lena-Valle videregående skole avd Lena;*;*
2;3;FSP6242;I;34;874597252;Tysk II;Hele landet;Innlandet;Lillehammer videregående skole avd Sør;3,4;19
2;3;FSP6242;I;34;970963847;Tysk II;Hele landet;Innlandet;Nord-Østerdal videregående skole;*;*
2;3;FSP6242;I;34;986147667;Tysk II;Hele landet;Innlandet;Norges Toppidrettsgymnas Kongsvinger AS;3,5;11
2;3;FSP6242;I;34;974597373;Tysk II;Hele landet;Innlandet;Raufoss videregående skole avd Dokka;*;*
2;3;FSP6242;I;34;974571897;Tysk II;Hele landet;Innlandet;Ringsaker videregående skole;*;*
2;3;FSP6242;I;34;974571986;Tysk II;Hele landet;Innlandet;Solør videregående skole;*;*
2;3;FSP6242;I;34;974572079;Tysk II;Hele landet;Innlandet;Stange videregående skole;3,8;14
2;3;FSP6242;I;34;974597381;Tysk II;Hele landet;Innlandet;Valdres vidaregåande skule;*;*
2;2;FSP6242;I;15;15;Tysk II;Hele landet;Møre og Romsdal;Alle skoler;4,3;62
2;3;FSP6242;I;15;911770172;Tysk II;Hele landet;Møre og Romsdal;Akademiet Toppidrettsgymnas Ålesund AS;*;*
2;3;FSP6242;I;15;984800746;Tysk II;Hele landet;Møre og Romsdal;Akademiet Vgs Ålesund AS;*;*
2;3;FSP6242;I;15;974576473;Tysk II;Hele landet;Møre og Romsdal;Atlanten videregående skole;*;*
2;3;FSP6242;I;15;974576422;Tysk II;Hele landet;Møre og Romsdal;Molde videregående skole;4,7;13
2;3;FSP6242;I;15;974576562;Tysk II;Hele landet;Møre og Romsdal;Rauma videregående skole;*;*
2;3;FSP6242;I;15;974577267;Tysk II;Hele landet;Møre og Romsdal;Spjelkavik videregående skole;4,1;13
2;3;FSP6242;I;15;974576694;Tysk II;Hele landet;Møre og Romsdal;Sykkylven vidaregåande skule;4,6;7
2;3;FSP6242;I;15;874576492;Tysk II;Hele landet;Møre og Romsdal;Volda vidaregåande skule;*;*
2;3;FSP6242;I;15;974576503;Tysk II;Hele landet;Møre og Romsdal;Ålesund videregående skole;4,4;13
2;2;FSP6242;I;18;18;Tysk II;Hele landet;Nordland - Nordlánnda;Alle skoler;3,7;78
2;3;FSP6242;I;18;974621134;Tysk II;Hele landet;Nordland - Nordlánnda;Aust-Lofoten videregående skole;3,1;12
2;3;FSP6242;I;18;974621215;Tysk II;Hele landet;Nordland - Nordlánnda;Bodin videregående skole;4,2;18
2;3;FSP6242;I;18;974621223;Tysk II;Hele landet;Nordland - Nordlánnda;Bodø videregående skole;4;20
2;3;FSP6242;I;18;974621282;Tysk II;Hele landet;Nordland - Nordlánnda;Knut Hamsun videregående skole Joarkkaskåvllå;*;*
2;3;FSP6242;I;18;974621193;Tysk II;Hele landet;Nordland - Nordlánnda;Meløy videregående skole;*;*
2;3;FSP6242;I;18;974621355;Tysk II;Hele landet;Nordland - Nordlánnda;Mosjøen videregående skole;*;*
2;3;FSP6242;I;18;974041707;Tysk II;Hele landet;Nordland - Nordlánnda;Narvik videregående skole;3,3;10
2;3;FSP6242;I;18;974621304;Tysk II;Hele landet;Nordland - Nordlánnda;Polarsirkelen videregående skole;2,6;7
2;3;FSP6242;I;18;974621053;Tysk II;Hele landet;Nordland - Nordlánnda;Sortland videregående skole avd Sortland;*;*
2;3;FSP6242;I;18;974621169;Tysk II;Hele landet;Nordland - Nordlánnda;Vest-Lofoten videregående skole;*;*
2;2;FSP6242;I;3;3;Tysk II;Hele landet;Oslo;Alle skoler;4,2;150
2;3;FSP6242;I;3;887664102;Tysk II;Hele landet;Oslo;Akademiet Oslo AS;*;*
2;3;FSP6242;I;3;912703312;Tysk II;Hele landet;Oslo;Blindern videregående skole;3;10
2;3;FSP6242;I;3;912001709;Tysk II;Hele landet;Oslo;Edvard Munch videregående skole;4,3;10
2;3;FSP6242;I;3;974590999;Tysk II;Hele landet;Oslo;Elvebakken videregående skole;4,8;18
2;3;FSP6242;I;3;974590867;Tysk II;Hele landet;Oslo;Foss videregående skole;5;23
2;3;FSP6242;I;3;995821664;Tysk II;Hele landet;Oslo;Fyrstikkalleen skole;3,1;13
2;3;FSP6242;I;3;974590891;Tysk II;Hele landet;Oslo;Hartvig Nissens skole;4;8
2;3;FSP6242;I;3;974192020;Tysk II;Hele landet;Oslo;Heltberg private gymnas;*;*
2;3;FSP6242;I;3;999173926;Tysk II;Hele landet;Oslo;Kongshavn videregående skole;*;*
2;3;FSP6242;I;3;899178092;Tysk II;Hele landet;Oslo;Kuben videregående skole;*;*
2;3;FSP6242;I;3;974590913;Tysk II;Hele landet;Oslo;Lambertseter videregående skole;4;16
2;3;FSP6242;I;3;996216454;Tysk II;Hele landet;Oslo;Nydalen videregående skole;*;*
2;3;FSP6242;I;3;974590883;Tysk II;Hele landet;Oslo;Oslo Handelsgymnasium;4;6
2;3;FSP6242;I;3;874590932;Tysk II;Hele landet;Oslo;Oslo katedralskole;*;*
2;3;FSP6242;I;3;972286389;Tysk II;Hele landet;Oslo;Oslo private gymnasium AS;*;*
2;3;FSP6242;I;3;974590948;Tysk II;Hele landet;Oslo;Persbråten videregående skole;*;*
2;3;FSP6242;I;3;974591065;Tysk II;Hele landet;Oslo;Stovner videregående skole;*;*
2;3;FSP6242;I;3;974590964;Tysk II;Hele landet;Oslo;Ullern videregående skole;5,1;8
2;3;FSP6242;I;3;917527067;Tysk II;Hele landet;Oslo;Valle Hovin videregående skole;5;6
2;3;FSP6242;I;3;925607797;Tysk II;Hele landet;Oslo;Vika videregående skole;3,5;6
2;2;FSP6242;I;11;11;Tysk II;Hele landet;Rogaland;Alle skoler;4;183
2;3;FSP6242;I;11;987546603;Tysk II;Hele landet;Rogaland;Akademiet Sandnes;*;*
2;3;FSP6242;I;11;913385632;Tysk II;Hele landet;Rogaland;Bryne vidaregåande skule;4,2;6
2;3;FSP6242;I;11;974624478;Tysk II;Hele landet;Rogaland;Dalane videregående skole;3,8;6
2;3;FSP6242;I;11;971816287;Tysk II;Hele landet;Rogaland;Haugesund Toppidrettsgymnas AS;*;*
2;3;FSP6242;I;11;974624370;Tysk II;Hele landet;Rogaland;Hetland videregående skole;4,2;21
2;3;FSP6242;I;11;974624389;Tysk II;Hele landet;Rogaland;Kopervik videregående skole;*;*
2;3;FSP6242;I;11;974624664;Tysk II;Hele landet;Rogaland;Randaberg videregående skole;*;*
2;3;FSP6242;I;11;974624397;Tysk II;Hele landet;Rogaland;Sandnes videregående skole;3,8;43
2;3;FSP6242;I;11;874624632;Tysk II;Hele landet;Rogaland;Sauda vidaregåande skule;*;*
2;3;FSP6242;I;11;974624362;Tysk II;Hele landet;Rogaland;Skeisvang videregående skole;4,2;13
2;3;FSP6242;I;11;974624672;Tysk II;Hele landet;Rogaland;Sola videregående skole;*;*
2;3;FSP6242;I;11;974624427;Tysk II;Hele landet;Rogaland;St Svithun videregående skole;3,1;26
2;3;FSP6242;I;11;974624443;Tysk II;Hele landet;Rogaland;St. Olav videregående skole;5;15
2;3;FSP6242;I;11;974624400;Tysk II;Hele landet;Rogaland;Stavanger katedralskole;*;*
2;3;FSP6242;I;11;973157221;Tysk II;Hele landet;Rogaland;Tryggheim vidaregåande skule;*;*
2;3;FSP6242;I;11;974624435;Tysk II;Hele landet;Rogaland;Vardafjell videregående skole;4;7
2;3;FSP6242;I;11;994507508;Tysk II;Hele landet;Rogaland;Vågen videregående skole;4,5;8
2;3;FSP6242;I;11;988586102;Tysk II;Hele landet;Rogaland;Wang Toppidrett Stavanger AS;4;6
2;2;FSP6242;I;40;40;Tysk II;Hele landet;Telemark;Alle skoler;3,7;61
2;3;FSP6242;I;40;974567997;Tysk II;Hele landet;Telemark;Bø vidaregåande skule;4,3;9
2;3;FSP6242;I;40;974568004;Tysk II;Hele landet;Telemark;Kragerø videregående skole;*;*
2;3;FSP6242;I;40;974568020;Tysk II;Hele landet;Telemark;Porsgrunn videregående skole;3,5;19
2;3;FSP6242;I;40;874568082;Tysk II;Hele landet;Telemark;Rjukan videregående skole;*;*
2;3;FSP6242;I;40;974568039;Tysk II;Hele landet;Telemark;Skien videregående skole;3,3;17
2;3;FSP6242;I;40;974568055;Tysk II;Hele landet;Telemark;Vest-Telemark vidaregåande skule;4,4;8
2;2;FSP6242;I;55;55;Tysk II;Hele landet;Troms - Romsa - Tromssa ;Alle skoler;3,9;27
2;3;FSP6242;I;55;974546892;Tysk II;Hele landet;Troms - Romsa - Tromssa ;Breivang videregående skole;*;*
2;3;FSP6242;I;55;974546671;Tysk II;Hele landet;Troms - Romsa - Tromssa ;Heggen videregående skole;*;*
2;3;FSP6242;I;55;974546744;Tysk II;Hele landet;Troms - Romsa - Tromssa ;Kongsbakken videregående skole;4,3;11
2;3;FSP6242;I;55;974546906;Tysk II;Hele landet;Troms - Romsa - Tromssa ;Kvaløya videregående skole;*;*
2;3;FSP6242;I;55;974546698;Tysk II;Hele landet;Troms - Romsa - Tromssa ;Senja videregående skole avd Finnfjordbotn;*;*
2;3;FSP6242;I;55;974546868;Tysk II;Hele landet;Troms - Romsa - Tromssa ;Tromsdalen videregående skole;*;*
2;2;FSP6242;I;50;50;Tysk II;Hele landet;Trøndelag - Trööndelage;Alle skoler;4,1;135
2;3;FSP6242;I;50;996772772;Tysk II;Hele landet;Trøndelag - Trööndelage;Charlottenlund videregående skole;4;11
2;3;FSP6242;I;50;926694022;Tysk II;Hele landet;Trøndelag - Trööndelage;Cissi Klein videregående skole;4,7;6
2;3;FSP6242;I;50;974557975;Tysk II;Hele landet;Trøndelag - Trööndelage;Fosen videregående skole;*;*
2;3;FSP6242;I;50;974557983;Tysk II;Hele landet;Trøndelag - Trööndelage;Gauldal videregående skole;2,9;7
2;3;FSP6242;I;50;974557991;Tysk II;Hele landet;Trøndelag - Trööndelage;Heimdal videregående skole;4,6;17
2;3;FSP6242;I;50;974149699;Tysk II;Hele landet;Trøndelag - Trööndelage;Kristen videregående skole Trøndelag;4,5;10
2;3;FSP6242;I;50;874558362;Tysk II;Hele landet;Trøndelag - Trööndelage;Melhus videregående skole;*;*
2;3;FSP6242;I;50;974560763;Tysk II;Hele landet;Trøndelag - Trööndelage;Meråker videregående skole;4;6
2;3;FSP6242;I;50;974560712;Tysk II;Hele landet;Trøndelag - Trööndelage;Olav Duun videregående skole;*;*
2;3;FSP6242;I;50;974560720;Tysk II;Hele landet;Trøndelag - Trööndelage;Ole Vig videregående skole;5;6
2;3;FSP6242;I;50;974557967;Tysk II;Hele landet;Trøndelag - Trööndelage;Orkdal vidaregåande skole;3,8;12
2;3;FSP6242;I;50;974560690;Tysk II;Hele landet;Trøndelag - Trööndelage;Steinkjer videregående skole;3,3;11
2;3;FSP6242;I;50;996772810;Tysk II;Hele landet;Trøndelag - Trööndelage;Strinda videregående skole;4,2;12
2;3;FSP6242;I;50;995415372;Tysk II;Hele landet;Trøndelag - Trööndelage;Thora Storm videregående skole;*;*
2;3;FSP6242;I;50;974558386;Tysk II;Hele landet;Trøndelag - Trööndelage;Tiller videregående skole;2,8;8
2;3;FSP6242;I;50;974557908;Tysk II;Hele landet;Trøndelag - Trööndelage;Trondheim katedralskole;4,7;7
2;3;FSP6242;I;50;974560747;Tysk II;Hele landet;Trøndelag - Trööndelage;Verdal videregående skole;*;*
2;3;FSP6242;I;50;974558033;Tysk II;Hele landet;Trøndelag - Trööndelage;Åfjord videregående skole;4,9;7
2;2;FSP6242;I;39;39;Tysk II;Hele landet;Vestfold;Alle skoler;3,9;79
2;3;FSP6242;I;39;974574993;Tysk II;Hele landet;Vestfold;Greveskogen videregående skole;4;11
2;3;FSP6242;I;39;923261354;Tysk II;Hele landet;Vestfold;Horten videregående skole;4,3;15
2;3;FSP6242;I;39;974575051;Tysk II;Hele landet;Vestfold;Melsom videregående skole;*;*
2;3;FSP6242;I;39;974575000;Tysk II;Hele landet;Vestfold;Nøtterøy videregående skole;4,3;9
2;3;FSP6242;I;39;874575232;Tysk II;Hele landet;Vestfold;Re videregående skole;*;*
2;3;FSP6242;I;39;974575116;Tysk II;Hele landet;Vestfold;Sande videregående skole;3,3;6
2;3;FSP6242;I;39;974575019;Tysk II;Hele landet;Vestfold;Sandefjord videregående skole;*;*
2;3;FSP6242;I;39;974575027;Tysk II;Hele landet;Vestfold;Thor Heyerdahl videregående skole;3,7;19
2;3;FSP6242;I;39;995354071;Tysk II;Hele landet;Vestfold;Wang Tønsberg AS;4,4;8
2;2;FSP6242;I;46;46;Tysk II;Hele landet;Vestland;Alle skoler;3,9;174
2;3;FSP6242;I;46;999546560;Tysk II;Hele landet;Vestland;Amalie Skram videregående skole;5,2;18
2;3;FSP6242;I;46;974557533;Tysk II;Hele landet;Vestland;Askøy videregående skole;*;*
2;3;FSP6242;I;46;874557102;Tysk II;Hele landet;Vestland;Bergen katedralskole;4,5;11
2;3;FSP6242;I;46;974557126;Tysk II;Hele landet;Vestland;Bømlo vidaregåande skule;*;*
2;3;FSP6242;I;46;873159642;Tysk II;Hele landet;Vestland;Danielsen videregående skole;*;*
2;3;FSP6242;I;46;874571172;Tysk II;Hele landet;Vestland;Eid vidaregåande skule;*;*
2;3;FSP6242;I;46;974571161;Tysk II;Hele landet;Vestland;Firda vidaregåande skule;3,8;6
2;3;FSP6242;I;46;974571145;Tysk II;Hele landet;Vestland;Flora vidaregåande skule;*;*
2;3;FSP6242;I;46;974117959;Tysk II;Hele landet;Vestland;Framnes Kristne vidaregåande skule;4,1;12
2;3;FSP6242;I;46;974557584;Tysk II;Hele landet;Vestland;Fyllingsdalen videregående skole;*;*
2;3;FSP6242;I;46;974571110;Tysk II;Hele landet;Vestland;Førde vidaregåande skule;4;7
2;3;FSP6242;I;46;974557339;Tysk II;Hele landet;Vestland;Knarvik vidaregåande skule;*;*
2;3;FSP6242;I;46;974557096;Tysk II;Hele landet;Vestland;Langhaugen videregående skole;4,4;11
2;3;FSP6242;I;46;974571188;Tysk II;Hele landet;Vestland;Måløy vidaregåande skule;*;*
2;3;FSP6242;I;46;993527084;Tysk II;Hele landet;Vestland;Nordahl Grieg videregående skole;2,5;10
2;3;FSP6242;I;46;922148805;Tysk II;Hele landet;Vestland;Norges Toppidrettsgymnas Bergen AS;*;*
2;3;FSP6242;I;46;974557290;Tysk II;Hele landet;Vestland;Odda vidaregåande skule;*;*
2;3;FSP6242;I;46;989630008;Tysk II;Hele landet;Vestland;Olsvikåsen videregående skole;4;8
2;3;FSP6242;I;46;974556995;Tysk II;Hele landet;Vestland;Os gymnas;3,9;7
2;3;FSP6242;I;46;974557142;Tysk II;Hele landet;Vestland;Sandsli videregående skole;*;*
2;3;FSP6242;I;46;974571056;Tysk II;Hele landet;Vestland;Sogndal vidaregåande skule;*;*
2;3;FSP6242;I;46;974557029;Tysk II;Hele landet;Vestland;Stord vidaregåande skule;*;*
2;3;FSP6242;I;46;974571153;Tysk II;Hele landet;Vestland;Stryn vidaregåande skule;3,6;9
2;3;FSP6242;I;46;974557061;Tysk II;Hele landet;Vestland;Tertnes vidaregåande skule;3,5;21
2;3;FSP6242;I;46;816031982;Tysk II;Hele landet;Vestland;Voss gymnas;*;*
2;3;FSP6242;I;46;974557487;Tysk II;Hele landet;Vestland;Årstad videregående skole;*;*
2;3;FSP6242;I;46;974557479;Tysk II;Hele landet;Vestland;Åsane vidaregåande skule;*;*
2;2;FSP6242;I;31;31;Tysk II;Hele landet;Østfold;Alle skoler;3,6;71
2;3;FSP6242;I;31;974544504;Tysk II;Hele landet;Østfold;Askim videregående skole;3,6;10
2;3;FSP6242;I;31;974544466;Tysk II;Hele landet;Østfold;Frederik Ii videregående skole;3,2;13
2;3;FSP6242;I;31;974544490;Tysk II;Hele landet;Østfold;Greåker videregående skole;*;*
2;3;FSP6242;I;31;974544563;Tysk II;Hele landet;Østfold;Halden videregående skole;3,7;19
2;3;FSP6242;I;31;974544520;Tysk II;Hele landet;Østfold;Kalnes videregående skole;*;*
2;3;FSP6242;I;31;974544539;Tysk II;Hele landet;Østfold;Kirkeparken videregående skole;3,9;12
2;3;FSP6242;I;31;974544512;Tysk II;Hele landet;Østfold;Mysen videregående skole;3,1;11
2;3;FSP6242;I;31;874544582;Tysk II;Hele landet;Østfold;St. Olav videregående skole;*;*
2;0;FSP6246;Alle;0;Alle;Tysk I+II;Hele landet;Alle fylker;Alle skoler;3,2;405
2;1;FSP6246;I;0;I;Tysk I+II;Hele landet;Alle fylker;Alle skoler;3,2;405
2;2;FSP6246;I;42;42;Tysk I+II;Hele landet;Agder;Alle skoler;3,3;32
2;3;FSP6246;I;42;974573881;Tysk I+II;Hele landet;Agder;Dahlske videregående skole;*;*
2;3;FSP6246;I;42;974595141;Tysk I+II;Hele landet;Agder;Flekkefjord videregående skole Studiested Flekkefjord;*;*
2;3;FSP6246;I;42;974595117;Tysk I+II;Hele landet;Agder;Kvadraturen videregående skole;*;*
2;3;FSP6246;I;42;874595152;Tysk I+II;Hele landet;Agder;Tangen videregående skole;3,3;13
2;3;FSP6246;I;42;974595044;Tysk I+II;Hele landet;Agder;Vennesla videregående skole;*;*
2;3;FSP6246;I;42;974595001;Tysk I+II;Hele landet;Agder;Vågsbygd videregående skole;3,5;6
2;2;FSP6246;I;32;32;Tysk I+II;Hele landet;Akershus;Alle skoler;3;65
2;3;FSP6246;I;32;974587602;Tysk I+II;Hele landet;Akershus;Bjørkelangen videregående skole;4;7
2;3;FSP6246;I;32;974587831;Tysk I+II;Hele landet;Akershus;Bleiker videregående skole;*;*
2;3;FSP6246;I;32;974587890;Tysk I+II;Hele landet;Akershus;Dønski videregående skole;*;*
2;3;FSP6246;I;32;988843709;Tysk I+II;Hele landet;Akershus;Frogn videregående skole;*;*
2;3;FSP6246;I;32;974587645;Tysk I+II;Hele landet;Akershus;Jessheim videregående skole;2,8;12
2;3;FSP6246;I;32;974587750;Tysk I+II;Hele landet;Akershus;Lillestrøm videregående skole;*;*
2;3;FSP6246;I;32;988084948;Tysk I+II;Hele landet;Akershus;Nannestad videregående skole;2;6
2;3;FSP6246;I;32;974587580;Tysk I+II;Hele landet;Akershus;Roald Amundsen videregående skole;*;*
2;3;FSP6246;I;32;974587866;Tysk I+II;Hele landet;Akershus;Rosenvilde videregående skole;3;9
2;3;FSP6246;I;32;988835064;Tysk I+II;Hele landet;Akershus;Sandvika videregående skole;*;*
2;3;FSP6246;I;32;974587629;Tysk I+II;Hele landet;Akershus;Skedsmo videregående skole;*;*
2;3;FSP6246;I;32;974587696;Tysk I+II;Hele landet;Akershus;Ski videregående skole;*;*
2;3;FSP6246;I;32;874587842;Tysk I+II;Hele landet;Akershus;Sørumsand videregående skole;2,5;6
2;3;FSP6246;I;32;874587702;Tysk I+II;Hele landet;Akershus;Valler videregående skole;*;*
2;3;FSP6246;I;32;974587815;Tysk I+II;Hele landet;Akershus;Vestby videregående skole;*;*
2;3;FSP6246;I;32;974587564;Tysk I+II;Hele landet;Akershus;Ås videregående skole;*;*
2;2;FSP6246;I;33;33;Tysk I+II;Hele landet;Buskerud;Alle skoler;3,3;28
2;3;FSP6246;I;33;974606216;Tysk I+II;Hele landet;Buskerud;Buskerud videregående skole;*;*
2;3;FSP6246;I;33;874605972;Tysk I+II;Hele landet;Buskerud;Drammen videregående skole;3,6;7
2;3;FSP6246;I;33;974606194;Tysk I+II;Hele landet;Buskerud;Gol vidaregåande skule;3,2;6
2;3;FSP6246;I;33;974605996;Tysk I+II;Hele landet;Buskerud;Kongsberg videregående skole;*;*
2;3;FSP6246;I;33;974606232;Tysk I+II;Hele landet;Buskerud;Numedal videregående skole;*;*
2;3;FSP6246;I;33;974605961;Tysk I+II;Hele landet;Buskerud;St Hallvard videregående skole;*;*
2;2;FSP6246;I;56;56;Tysk I+II;Hele landet;Finnmark - Finnmárku - Finmarkku;Alle skoler;*;*
2;3;FSP6246;I;56;874622702;Tysk I+II;Hele landet;Finnmark - Finnmárku - Finmarkku;Hammerfest videregående skole;*;*
2;2;FSP6246;I;34;34;Tysk I+II;Hele landet;Innlandet;Alle skoler;3,2;36
2;3;FSP6246;I;34;974571900;Tysk I+II;Hele landet;Innlandet;Elverum videregående skole;*;*
2;3;FSP6246;I;34;974571919;Tysk I+II;Hele landet;Innlandet;Hamar katedralskole;4;7
2;3;FSP6246;I;34;974597322;Tysk I+II;Hele landet;Innlandet;Lena-Valle videregående skole avd Lena;*;*
2;3;FSP6246;I;34;874597252;Tysk I+II;Hele landet;Innlandet;Lillehammer videregående skole avd Sør;*;*
2;3;FSP6246;I;34;970963847;Tysk I+II;Hele landet;Innlandet;Nord-Østerdal videregående skole;*;*
2;3;FSP6246;I;34;974571897;Tysk I+II;Hele landet;Innlandet;Ringsaker videregående skole;*;*
2;3;FSP6246;I;34;974572079;Tysk I+II;Hele landet;Innlandet;Stange videregående skole;2,6;7
2;3;FSP6246;I;34;974572028;Tysk I+II;Hele landet;Innlandet;Trysil videregående skole;*;*
2;3;FSP6246;I;34;974597381;Tysk I+II;Hele landet;Innlandet;Valdres vidaregåande skule;*;*
2;3;FSP6246;I;34;974597233;Tysk I+II;Hele landet;Innlandet;Vinstra vidaregåande skule;2,9;9
2;2;FSP6246;I;15;15;Tysk I+II;Hele landet;Møre og Romsdal;Alle skoler;*;*
2;3;FSP6246;I;15;974576422;Tysk I+II;Hele landet;Møre og Romsdal;Molde videregående skole;*;*
2;3;FSP6246;I;15;974576562;Tysk I+II;Hele landet;Møre og Romsdal;Rauma videregående skole;*;*
2;3;FSP6246;I;15;974577267;Tysk I+II;Hele landet;Møre og Romsdal;Spjelkavik videregående skole;*;*
2;2;FSP6246;I;18;18;Tysk I+II;Hele landet;Nordland - Nordlánnda;Alle skoler;3,2;13
2;3;FSP6246;I;18;974621223;Tysk I+II;Hele landet;Nordland - Nordlánnda;Bodø videregående skole;*;*
2;3;FSP6246;I;18;974621037;Tysk I+II;Hele landet;Nordland - Nordlánnda;Hadsel videregående skole;*;*
2;3;FSP6246;I;18;974621282;Tysk I+II;Hele landet;Nordland - Nordlánnda;Knut Hamsun videregående skole Joarkkaskåvllå;*;*
2;3;FSP6246;I;18;974621193;Tysk I+II;Hele landet;Nordland - Nordlánnda;Meløy videregående skole;*;*
2;3;FSP6246;I;18;974041707;Tysk I+II;Hele landet;Nordland - Nordlánnda;Narvik videregående skole;*;*
2;3;FSP6246;I;18;974621053;Tysk I+II;Hele landet;Nordland - Nordlánnda;Sortland videregående skole avd Sortland;*;*
2;3;FSP6246;I;18;974621169;Tysk I+II;Hele landet;Nordland - Nordlánnda;Vest-Lofoten videregående skole;*;*
2;2;FSP6246;I;3;3;Tysk I+II;Hele landet;Oslo;Alle skoler;3,1;30
2;3;FSP6246;I;3;912703312;Tysk I+II;Hele landet;Oslo;Blindern videregående skole;*;*
2;3;FSP6246;I;3;912001709;Tysk I+II;Hele landet;Oslo;Edvard Munch videregående skole;*;*
2;3;FSP6246;I;3;974590867;Tysk I+II;Hele landet;Oslo;Foss videregående skole;*;*
2;3;FSP6246;I;3;974590891;Tysk I+II;Hele landet;Oslo;Hartvig Nissens skole;4;7
2;3;FSP6246;I;3;974590956;Tysk I+II;Hele landet;Oslo;Hellerud videregående skole;*;*
2;3;FSP6246;I;3;974192020;Tysk I+II;Hele landet;Oslo;Heltberg private gymnas;*;*
2;3;FSP6246;I;3;999173926;Tysk I+II;Hele landet;Oslo;Kongshavn videregående skole;*;*
2;3;FSP6246;I;3;974590883;Tysk I+II;Hele landet;Oslo;Oslo Handelsgymnasium;*;*
2;3;FSP6246;I;3;974590948;Tysk I+II;Hele landet;Oslo;Persbråten videregående skole;2,2;6
2;3;FSP6246;I;3;974591065;Tysk I+II;Hele landet;Oslo;Stovner videregående skole;*;*
2;2;FSP6246;I;11;11;Tysk I+II;Hele landet;Rogaland;Alle skoler;3,5;21
2;3;FSP6246;I;11;913385632;Tysk I+II;Hele landet;Rogaland;Bryne vidaregåande skule;*;*
2;3;FSP6246;I;11;974624664;Tysk I+II;Hele landet;Rogaland;Randaberg videregående skole;*;*
2;3;FSP6246;I;11;974624397;Tysk I+II;Hele landet;Rogaland;Sandnes videregående skole;*;*
2;3;FSP6246;I;11;974624362;Tysk I+II;Hele landet;Rogaland;Skeisvang videregående skole;*;*
2;3;FSP6246;I;11;994507508;Tysk I+II;Hele landet;Rogaland;Vågen videregående skole;3,2;10
2;2;FSP6246;I;40;40;Tysk I+II;Hele landet;Telemark;Alle skoler;3,1;16
2;3;FSP6246;I;40;974568004;Tysk I+II;Hele landet;Telemark;Kragerø videregående skole;*;*
2;3;FSP6246;I;40;974568020;Tysk I+II;Hele landet;Telemark;Porsgrunn videregående skole;2,9;7
2;3;FSP6246;I;40;974568039;Tysk I+II;Hele landet;Telemark;Skien videregående skole;*;*
2;2;FSP6246;I;55;55;Tysk I+II;Hele landet;Troms - Romsa - Tromssa ;Alle skoler;3;25
2;3;FSP6246;I;55;974546892;Tysk I+II;Hele landet;Troms - Romsa - Tromssa ;Breivang videregående skole;*;*
2;3;FSP6246;I;55;974546671;Tysk I+II;Hele landet;Troms - Romsa - Tromssa ;Heggen videregående skole;*;*
2;3;FSP6246;I;55;974546744;Tysk I+II;Hele landet;Troms - Romsa - Tromssa ;Kongsbakken videregående skole;*;*
2;3;FSP6246;I;55;974546906;Tysk I+II;Hele landet;Troms - Romsa - Tromssa ;Kvaløya videregående skole;*;*
2;3;FSP6246;I;55;930724785;Tysk I+II;Hele landet;Troms - Romsa - Tromssa ;Nettskolen Troms;3;8
2;3;FSP6246;I;55;974546760;Tysk I+II;Hele landet;Troms - Romsa - Tromssa ;Stangnes Rå videregående skole avd Stangnes;*;*
2;2;FSP6246;I;50;50;Tysk I+II;Hele landet;Trøndelag - Trööndelage;Alle skoler;3,4;37
2;3;FSP6246;I;50;974557975;Tysk I+II;Hele landet;Trøndelag - Trööndelage;Fosen videregående skole;*;*
2;3;FSP6246;I;50;974557991;Tysk I+II;Hele landet;Trøndelag - Trööndelage;Heimdal videregående skole;4,3;7
2;3;FSP6246;I;50;974149699;Tysk I+II;Hele landet;Trøndelag - Trööndelage;Kristen videregående skole Trøndelag;3,3;7
2;3;FSP6246;I;50;974560712;Tysk I+II;Hele landet;Trøndelag - Trööndelage;Olav Duun videregående skole;*;*
2;3;FSP6246;I;50;974557967;Tysk I+II;Hele landet;Trøndelag - Trööndelage;Orkdal vidaregåande skole;*;*
2;3;FSP6246;I;50;996772810;Tysk I+II;Hele landet;Trøndelag - Trööndelage;Strinda videregående skole;3;8
2;3;FSP6246;I;50;974560747;Tysk I+II;Hele landet;Trøndelag - Trööndelage;Verdal videregående skole;*;*
2;3;FSP6246;I;50;974560739;Tysk I+II;Hele landet;Trøndelag - Trööndelage;Ytre Namdal videregående skole;3,7;6
2;2;FSP6246;I;39;39;Tysk I+II;Hele landet;Vestfold;Alle skoler;3,4;37
2;3;FSP6246;I;39;974574993;Tysk I+II;Hele landet;Vestfold;Greveskogen videregående skole;*;*
2;3;FSP6246;I;39;874575062;Tysk I+II;Hele landet;Vestfold;Holmestrand videregående skole;*;*
2;3;FSP6246;I;39;923261354;Tysk I+II;Hele landet;Vestfold;Horten videregående skole;*;*
2;3;FSP6246;I;39;974575051;Tysk I+II;Hele landet;Vestfold;Melsom videregående skole;*;*
2;3;FSP6246;I;39;974575000;Tysk I+II;Hele landet;Vestfold;Nøtterøy videregående skole;*;*
2;3;FSP6246;I;39;974575116;Tysk I+II;Hele landet;Vestfold;Sande videregående skole;*;*
2;3;FSP6246;I;39;974575019;Tysk I+II;Hele landet;Vestfold;Sandefjord videregående skole;3,2;10
2;3;FSP6246;I;39;974575027;Tysk I+II;Hele landet;Vestfold;Thor Heyerdahl videregående skole;3,5;10
2;2;FSP6246;I;46;46;Tysk I+II;Hele landet;Vestland;Alle skoler;3,3;41
2;3;FSP6246;I;46;999546560;Tysk I+II;Hele landet;Vestland;Amalie Skram videregående skole;*;*
2;3;FSP6246;I;46;974557509;Tysk I+II;Hele landet;Vestland;Austrheim vidaregåande skule;*;*
2;3;FSP6246;I;46;874557102;Tysk I+II;Hele landet;Vestland;Bergen katedralskole;*;*
2;3;FSP6246;I;46;874571172;Tysk I+II;Hele landet;Vestland;Eid vidaregåande skule;*;*
2;3;FSP6246;I;46;974117959;Tysk I+II;Hele landet;Vestland;Framnes Kristne vidaregåande skule;*;*
2;3;FSP6246;I;46;974557339;Tysk I+II;Hele landet;Vestland;Knarvik vidaregåande skule;2,8;8
2;3;FSP6246;I;46;974557096;Tysk I+II;Hele landet;Vestland;Langhaugen videregående skole;*;*
2;3;FSP6246;I;46;974556995;Tysk I+II;Hele landet;Vestland;Os gymnas;3,4;7
2;3;FSP6246;I;46;974557568;Tysk I+II;Hele landet;Vestland;Sotra vidaregåande skule;*;*
2;3;FSP6246;I;46;974557061;Tysk I+II;Hele landet;Vestland;Tertnes vidaregåande skule;*;*
2;2;FSP6246;I;31;31;Tysk I+II;Hele landet;Østfold;Alle skoler;2,9;15
2;3;FSP6246;I;31;974544466;Tysk I+II;Hele landet;Østfold;Frederik Ii videregående skole;*;*
2;3;FSP6246;I;31;974544563;Tysk I+II;Hele landet;Østfold;Halden videregående skole;*;*
2;3;FSP6246;I;31;974544539;Tysk I+II;Hele landet;Østfold;Kirkeparken videregående skole;*;*
2;3;FSP6246;I;31;974544547;Tysk I+II;Hele landet;Østfold;Malakoff videregående skole;*;*
2;3;FSP6246;I;31;874544582;Tysk I+II;Hele landet;Østfold;St. Olav videregående skole;*;*
2;0;FSP6262;Alle;0;Alle;Arabisk II;Hele landet;Alle fylker;Alle skoler;*;*
2;1;FSP6262;I;0;I;Arabisk II;Hele landet;Alle fylker;Alle skoler;*;*
2;2;FSP6262;I;3;3;Arabisk II;Hele landet;Oslo;Alle skoler;*;*
2;3;FSP6262;I;3;995821664;Arabisk II;Hele landet;Oslo;Fyrstikkalleen skole;*;*
2;3;FSP6262;I;3;974591065;Arabisk II;Hele landet;Oslo;Stovner videregående skole;*;*
2;0;FSP6272;Alle;0;Alle;Bosnisk II;Hele landet;Alle fylker;Alle skoler;*;*
2;1;FSP6272;I;0;I;Bosnisk II;Hele landet;Alle fylker;Alle skoler;*;*
2;2;FSP6272;I;32;32;Bosnisk II;Hele landet;Akershus;Alle skoler;*;*
2;3;FSP6272;I;32;974587629;Bosnisk II;Hele landet;Akershus;Skedsmo videregående skole;*;*
2;0;FSP6282;Alle;0;Alle;Dari II;Hele landet;Alle fylker;Alle skoler;*;*
2;1;FSP6282;I;0;I;Dari II;Hele landet;Alle fylker;Alle skoler;*;*
2;2;FSP6282;I;3;3;Dari II;Hele landet;Oslo;Alle skoler;*;*
2;3;FSP6282;I;3;974590956;Dari II;Hele landet;Oslo;Hellerud videregående skole;*;*
2;0;FSP6289;Alle;0;Alle;Kinesisk I;Hele landet;Alle fylker;Alle skoler;4,5;35
2;1;FSP6289;I;0;I;Kinesisk I;Hele landet;Alle fylker;Alle skoler;4,5;35
2;2;FSP6289;I;32;32;Kinesisk I;Hele landet;Akershus;Alle skoler;*;*
2;3;FSP6289;I;32;974587610;Kinesisk I;Hele landet;Akershus;Lørenskog videregående skole;*;*
2;2;FSP6289;I;3;3;Kinesisk I;Hele landet;Oslo;Alle skoler;3,8;16
2;3;FSP6289;I;3;974590999;Kinesisk I;Hele landet;Oslo;Elvebakken videregående skole;3,8;16
2;2;FSP6289;I;50;50;Kinesisk I;Hele landet;Trøndelag - Trööndelage;Alle skoler;*;*
2;3;FSP6289;I;50;974557908;Kinesisk I;Hele landet;Trøndelag - Trööndelage;Trondheim katedralskole;*;*
2;2;FSP6289;I;46;46;Kinesisk I;Hele landet;Vestland;Alle skoler;5,3;10
2;3;FSP6289;I;46;999546560;Kinesisk I;Hele landet;Vestland;Amalie Skram videregående skole;5,3;10
2;0;FSP6292;Alle;0;Alle;Kinesisk II;Hele landet;Alle fylker;Alle skoler;*;*
2;1;FSP6292;I;0;I;Kinesisk II;Hele landet;Alle fylker;Alle skoler;*;*
2;2;FSP6292;I;3;3;Kinesisk II;Hele landet;Oslo;Alle skoler;*;*
2;3;FSP6292;I;3;974590999;Kinesisk II;Hele landet;Oslo;Elvebakken videregående skole;*;*
2;0;FSP6329;Alle;0;Alle;Polsk I;Hele landet;Alle fylker;Alle skoler;*;*
2;1;FSP6329;I;0;I;Polsk I;Hele landet;Alle fylker;Alle skoler;*;*
2;2;FSP6329;I;32;32;Polsk I;Hele landet;Akershus;Alle skoler;*;*
2;3;FSP6329;I;32;974587602;Polsk I;Hele landet;Akershus;Bjørkelangen videregående skole;*;*
2;0;FSP6362;Alle;0;Alle;Tyrkisk II;Hele landet;Alle fylker;Alle skoler;*;*
2;1;FSP6362;I;0;I;Tyrkisk II;Hele landet;Alle fylker;Alle skoler;*;*
2;2;FSP6362;I;3;3;Tyrkisk II;Hele landet;Oslo;Alle skoler;*;*
2;3;FSP6362;I;3;974591065;Tyrkisk II;Hele landet;Oslo;Stovner videregående skole;*;*
2;0;FSP6372;Alle;0;Alle;Urdu II;Hele landet;Alle fylker;Alle skoler;*;*
2;1;FSP6372;I;0;I;Urdu II;Hele landet;Alle fylker;Alle skoler;*;*
2;2;FSP6372;I;3;3;Urdu II;Hele landet;Oslo;Alle skoler;*;*
2;3;FSP6372;I;3;974590956;Urdu II;Hele landet;Oslo;Hellerud videregående skole;*;*
2;3;FSP6372;I;3;974591065;Urdu II;Hele landet;Oslo;Stovner videregående skole;*;*
2;0;KEF1108;Alle;0;Alle;Finsk som andrespråk, vg3 studieforberedende utdanningsprogram, skriftlig;Hele landet;Alle fylker;Alle skoler;*;*
2;1;KEF1108;I;0;I;Finsk som andrespråk, vg3 studieforberedende utdanningsprogram, skriftlig;Hele landet;Alle fylker;Alle skoler;*;*
2;2;KEF1108;I;56;56;Finsk som andrespråk, vg3 studieforberedende utdanningsprogram, skriftlig;Hele landet;Finnmark - Finnmárku - Finmarkku;Alle skoler;*;*
2;3;KEF1108;I;56;914837367;Finsk som andrespråk, vg3 studieforberedende utdanningsprogram, skriftlig;Hele landet;Finnmark - Finnmárku - Finmarkku;Båtsfjord private videregående skole AS;*;*
2;3;KEF1108;I;56;974622718;Finsk som andrespråk, vg3 studieforberedende utdanningsprogram, skriftlig;Hele landet;Finnmark - Finnmárku - Finmarkku;Vadsø videregående skole;*;*
2;0;MAT1011;Alle;0;Alle;Matematikk 1P;Hele landet;Alle fylker;Alle skoler;*;*
2;1;MAT1011;I;0;I;Matematikk 1P;Hele landet;Alle fylker;Alle skoler;*;*
2;2;MAT1011;I;34;34;Matematikk 1P;Hele landet;Innlandet;Alle skoler;*;*
2;3;MAT1011;I;34;994881019;Matematikk 1P;Hele landet;Innlandet;Karriere Innlandet;*;*
2;0;MAT1019;Alle;0;Alle;Matematikk 1P;Hele landet;Alle fylker;Alle skoler;2,6;1 216
2;1;MAT1019;I;0;I;Matematikk 1P;Hele landet;Alle fylker;Alle skoler;2,6;1 216
2;2;MAT1019;I;42;42;Matematikk 1P;Hele landet;Agder;Alle skoler;3,4;43
2;3;MAT1019;I;42;974594994;Matematikk 1P;Hele landet;Agder;Kristiansand katedralskole Gimle;3,3;14
2;3;MAT1019;I;42;974595117;Matematikk 1P;Hele landet;Agder;Kvadraturen videregående skole;3,8;10
2;3;MAT1019;I;42;974595125;Matematikk 1P;Hele landet;Agder;Mandal videregående skole;3,9;7
2;3;MAT1019;I;42;974573814;Matematikk 1P;Hele landet;Agder;Sam Eyde videregående skole;2,8;12
2;2;MAT1019;I;32;32;Matematikk 1P;Hele landet;Akershus;Alle skoler;2,5;177
2;3;MAT1019;I;32;974587742;Matematikk 1P;Hele landet;Akershus;Asker videregående skole;*;*
2;3;MAT1019;I;32;974587602;Matematikk 1P;Hele landet;Akershus;Bjørkelangen videregående skole;3;8
2;3;MAT1019;I;32;974587831;Matematikk 1P;Hele landet;Akershus;Bleiker videregående skole;3,6;13
2;3;MAT1019;I;32;974587882;Matematikk 1P;Hele landet;Akershus;Drømtorp videregående skole;*;*
2;3;MAT1019;I;32;974587890;Matematikk 1P;Hele landet;Akershus;Dønski videregående skole;*;*
2;3;MAT1019;I;32;988843709;Matematikk 1P;Hele landet;Akershus;Frogn videregående skole;1,9;12
2;3;MAT1019;I;32;913459598;Matematikk 1P;Hele landet;Akershus;Hoppensprett Akademiet Vgs Jessheim AS;*;*
2;3;MAT1019;I;32;974587645;Matematikk 1P;Hele landet;Akershus;Jessheim videregående skole;2,7;12
2;3;MAT1019;I;32;974587750;Matematikk 1P;Hele landet;Akershus;Lillestrøm videregående skole;3,1;14
2;3;MAT1019;I;32;974587610;Matematikk 1P;Hele landet;Akershus;Lørenskog videregående skole;2,7;13
2;3;MAT1019;I;32;991815325;Matematikk 1P;Hele landet;Akershus;Mailand videregående skole;*;*
2;3;MAT1019;I;32;988084948;Matematikk 1P;Hele landet;Akershus;Nannestad videregående skole;2,1;7
2;3;MAT1019;I;32;974587599;Matematikk 1P;Hele landet;Akershus;Nesbru videregående skole;2,2;11
2;3;MAT1019;I;32;974587580;Matematikk 1P;Hele landet;Akershus;Roald Amundsen videregående skole;2,3;8
2;3;MAT1019;I;32;974587866;Matematikk 1P;Hele landet;Akershus;Rosenvilde videregående skole;2,3;11
2;3;MAT1019;I;32;974587769;Matematikk 1P;Hele landet;Akershus;Rælingen videregående skole;2;11
2;3;MAT1019;I;32;974605953;Matematikk 1P;Hele landet;Akershus;Røyken videregående skole;*;*
2;3;MAT1019;I;32;988835064;Matematikk 1P;Hele landet;Akershus;Sandvika videregående skole;1,9;10
2;3;MAT1019;I;32;874587842;Matematikk 1P;Hele landet;Akershus;Sørumsand videregående skole;2,4;14
2;3;MAT1019;I;32;974587564;Matematikk 1P;Hele landet;Akershus;Ås videregående skole;*;*
2;2;MAT1019;I;33;33;Matematikk 1P;Hele landet;Buskerud;Alle skoler;2,9;93
2;3;MAT1019;I;33;996789845;Matematikk 1P;Hele landet;Buskerud;Akademiet Vgs Bragernes Drammen AS;*;*
2;3;MAT1019;I;33;874605972;Matematikk 1P;Hele landet;Buskerud;Drammen videregående skole;2;22
2;3;MAT1019;I;33;974605988;Matematikk 1P;Hele landet;Buskerud;Eiker videregående skole;*;*
2;3;MAT1019;I;33;974605996;Matematikk 1P;Hele landet;Buskerud;Kongsberg videregående skole;3,8;29
2;3;MAT1019;I;33;974606232;Matematikk 1P;Hele landet;Buskerud;Numedal videregående skole;*;*
2;3;MAT1019;I;33;974606208;Matematikk 1P;Hele landet;Buskerud;Ringerike videregående skole;2,3;11
2;3;MAT1019;I;33;974605961;Matematikk 1P;Hele landet;Buskerud;St Hallvard videregående skole;3,1;15
2;3;MAT1019;I;33;973255754;Matematikk 1P;Hele landet;Buskerud;Tyrifjord videregående skole;*;*
2;3;MAT1019;I;33;974605937;Matematikk 1P;Hele landet;Buskerud;Åssiden videregående skole;*;*
2;2;MAT1019;I;56;56;Matematikk 1P;Hele landet;Finnmark - Finnmárku - Finmarkku;Alle skoler;2,2;13
2;3;MAT1019;I;56;974622750;Matematikk 1P;Hele landet;Finnmark - Finnmárku - Finmarkku;Alta videregående skole;*;*
2;3;MAT1019;I;56;974760061;Matematikk 1P;Hele landet;Finnmark - Finnmárku - Finmarkku;Samisk videregående skole Karasjok;*;*
2;3;MAT1019;I;56;974622718;Matematikk 1P;Hele landet;Finnmark - Finnmárku - Finmarkku;Vadsø videregående skole;*;*
2;2;MAT1019;I;34;34;Matematikk 1P;Hele landet;Innlandet;Alle skoler;2,5;130
2;3;MAT1019;I;34;920330754;Matematikk 1P;Hele landet;Innlandet;Create - Lillehammer Kreative videregående skole AS;2,7;10
2;3;MAT1019;I;34;974597284;Matematikk 1P;Hele landet;Innlandet;Gjøvik videregående skole;2,1;9
2;3;MAT1019;I;34;998513448;Matematikk 1P;Hele landet;Innlandet;Hadeland videregående skole;2,6;16
2;3;MAT1019;I;34;974571919;Matematikk 1P;Hele landet;Innlandet;Hamar katedralskole;3,2;13
2;3;MAT1019;I;34;974597322;Matematikk 1P;Hele landet;Innlandet;Lena-Valle videregående skole avd Lena;3,2;11
2;3;MAT1019;I;34;874597252;Matematikk 1P;Hele landet;Innlandet;Lillehammer videregående skole avd Sør;*;*
2;3;MAT1019;I;34;970963847;Matematikk 1P;Hele landet;Innlandet;Nord-Østerdal videregående skole;*;*
2;3;MAT1019;I;34;974597373;Matematikk 1P;Hele landet;Innlandet;Raufoss videregående skole avd Dokka;*;*
2;3;MAT1019;I;34;974571897;Matematikk 1P;Hele landet;Innlandet;Ringsaker videregående skole;*;*
2;3;MAT1019;I;34;974571943;Matematikk 1P;Hele landet;Innlandet;Sentrum videregående skole;*;*
2;3;MAT1019;I;34;974571986;Matematikk 1P;Hele landet;Innlandet;Solør videregående skole;*;*
2;3;MAT1019;I;34;974572079;Matematikk 1P;Hele landet;Innlandet;Stange videregående skole;2,6;7
2;3;MAT1019;I;34;974571935;Matematikk 1P;Hele landet;Innlandet;Storhamar videregående skole;2,4;12
2;3;MAT1019;I;34;974597381;Matematikk 1P;Hele landet;Innlandet;Valdres vidaregåande skule;*;*
2;3;MAT1019;I;34;974597233;Matematikk 1P;Hele landet;Innlandet;Vinstra vidaregåande skule;*;*
2;3;MAT1019;I;34;913391470;Matematikk 1P;Hele landet;Innlandet;Wang Hamar AS;2,9;13
2;2;MAT1019;I;15;15;Matematikk 1P;Hele landet;Møre og Romsdal;Alle skoler;2,8;40
2;3;MAT1019;I;15;984800746;Matematikk 1P;Hele landet;Møre og Romsdal;Akademiet Vgs Ålesund AS;*;*
2;3;MAT1019;I;15;974576473;Matematikk 1P;Hele landet;Møre og Romsdal;Atlanten videregående skole;3,2;6
2;3;MAT1019;I;15;974576546;Matematikk 1P;Hele landet;Møre og Romsdal;Romsdal videregående skole;2,7;17
2;3;MAT1019;I;15;974577267;Matematikk 1P;Hele landet;Møre og Romsdal;Spjelkavik videregående skole;*;*
2;3;MAT1019;I;15;974576430;Matematikk 1P;Hele landet;Møre og Romsdal;Ulstein vidaregåande skule;2,9;9
2;2;MAT1019;I;18;18;Matematikk 1P;Hele landet;Nordland - Nordlánnda;Alle skoler;3;52
2;3;MAT1019;I;18;974621215;Matematikk 1P;Hele landet;Nordland - Nordlánnda;Bodin videregående skole;3,2;17
2;3;MAT1019;I;18;974621193;Matematikk 1P;Hele landet;Nordland - Nordlánnda;Meløy videregående skole;2,9;12
2;3;MAT1019;I;18;974621355;Matematikk 1P;Hele landet;Nordland - Nordlánnda;Mosjøen videregående skole;2,9;14
2;3;MAT1019;I;18;974621274;Matematikk 1P;Hele landet;Nordland - Nordlánnda;Saltdal videregående skole;2,7;9
2;2;MAT1019;I;3;3;Matematikk 1P;Hele landet;Oslo;Alle skoler;2,5;126
2;3;MAT1019;I;3;990574898;Matematikk 1P;Hele landet;Oslo;Bjørnholt videregående skole;*;*
2;3;MAT1019;I;3;912703312;Matematikk 1P;Hele landet;Oslo;Blindern videregående skole;2,1;14
2;3;MAT1019;I;3;912001709;Matematikk 1P;Hele landet;Oslo;Edvard Munch videregående skole;4,1;15
2;3;MAT1019;I;3;873626372;Matematikk 1P;Hele landet;Oslo;Eikelund videregående skole;*;*
2;3;MAT1019;I;3;974590999;Matematikk 1P;Hele landet;Oslo;Elvebakken videregående skole;*;*
2;3;MAT1019;I;3;995821664;Matematikk 1P;Hele landet;Oslo;Fyrstikkalleen skole;*;*
2;3;MAT1019;I;3;974590891;Matematikk 1P;Hele landet;Oslo;Hartvig Nissens skole;2,4;7
2;3;MAT1019;I;3;974590956;Matematikk 1P;Hele landet;Oslo;Hellerud videregående skole;*;*
2;3;MAT1019;I;3;999173926;Matematikk 1P;Hele landet;Oslo;Kongshavn videregående skole;*;*
2;3;MAT1019;I;3;899178092;Matematikk 1P;Hele landet;Oslo;Kuben videregående skole;*;*
2;3;MAT1019;I;3;974590913;Matematikk 1P;Hele landet;Oslo;Lambertseter videregående skole;3,5;11
2;3;MAT1019;I;3;974590883;Matematikk 1P;Hele landet;Oslo;Oslo Handelsgymnasium;2,2;19
2;3;MAT1019;I;3;974590948;Matematikk 1P;Hele landet;Oslo;Persbråten videregående skole;*;*
2;3;MAT1019;I;3;974591065;Matematikk 1P;Hele landet;Oslo;Stovner videregående skole;*;*
2;3;MAT1019;I;3;974590964;Matematikk 1P;Hele landet;Oslo;Ullern videregående skole;*;*
2;3;MAT1019;I;3;925607797;Matematikk 1P;Hele landet;Oslo;Vika videregående skole;2,6;9
2;3;MAT1019;I;3;971816317;Matematikk 1P;Hele landet;Oslo;Wang videregående Skole/ Wang Toppidrett;3,3;7
2;2;MAT1019;I;11;11;Matematikk 1P;Hele landet;Rogaland;Alle skoler;2,5;35
2;3;MAT1019;I;11;987546603;Matematikk 1P;Hele landet;Rogaland;Akademiet Sandnes;*;*
2;3;MAT1019;I;11;913385632;Matematikk 1P;Hele landet;Rogaland;Bryne vidaregåande skule;2,7;6
2;3;MAT1019;I;11;974624478;Matematikk 1P;Hele landet;Rogaland;Dalane videregående skole;*;*
2;3;MAT1019;I;11;974624370;Matematikk 1P;Hele landet;Rogaland;Hetland videregående skole;3,1;12
2;3;MAT1019;I;11;974624664;Matematikk 1P;Hele landet;Rogaland;Randaberg videregående skole;*;*
2;3;MAT1019;I;11;974624397;Matematikk 1P;Hele landet;Rogaland;Sandnes videregående skole;2,9;7
2;2;MAT1019;I;40;40;Matematikk 1P;Hele landet;Telemark;Alle skoler;2,6;36
2;3;MAT1019;I;40;974567997;Matematikk 1P;Hele landet;Telemark;Bø vidaregåande skule;*;*
2;3;MAT1019;I;40;974568004;Matematikk 1P;Hele landet;Telemark;Kragerø videregående skole;*;*
2;3;MAT1019;I;40;974568020;Matematikk 1P;Hele landet;Telemark;Porsgrunn videregående skole;*;*
2;3;MAT1019;I;40;874568082;Matematikk 1P;Hele landet;Telemark;Rjukan videregående skole;*;*
2;3;MAT1019;I;40;974568039;Matematikk 1P;Hele landet;Telemark;Skien videregående skole;2,7;14
2;2;MAT1019;I;55;55;Matematikk 1P;Hele landet;Troms - Romsa - Tromssa ;Alle skoler;2,5;33
2;3;MAT1019;I;55;974546744;Matematikk 1P;Hele landet;Troms - Romsa - Tromssa ;Kongsbakken videregående skole;2,8;16
2;3;MAT1019;I;55;974546957;Matematikk 1P;Hele landet;Troms - Romsa - Tromssa ;Nord-Troms videregående skole avd Nordreisa;*;*
2;3;MAT1019;I;55;974546698;Matematikk 1P;Hele landet;Troms - Romsa - Tromssa ;Senja videregående skole avd Finnfjordbotn;*;*
2;3;MAT1019;I;55;974546868;Matematikk 1P;Hele landet;Troms - Romsa - Tromssa ;Tromsdalen videregående skole;2,1;11
2;2;MAT1019;I;50;50;Matematikk 1P;Hele landet;Trøndelag - Trööndelage;Alle skoler;2,5;83
2;3;MAT1019;I;50;996772772;Matematikk 1P;Hele landet;Trøndelag - Trööndelage;Charlottenlund videregående skole;2,5;17
2;3;MAT1019;I;50;974557983;Matematikk 1P;Hele landet;Trøndelag - Trööndelage;Gauldal videregående skole;2,2;6
2;3;MAT1019;I;50;974557991;Matematikk 1P;Hele landet;Trøndelag - Trööndelage;Heimdal videregående skole;2,8;10
2;3;MAT1019;I;50;974149699;Matematikk 1P;Hele landet;Trøndelag - Trööndelage;Kristen videregående skole Trøndelag;3,3;8
2;3;MAT1019;I;50;874558362;Matematikk 1P;Hele landet;Trøndelag - Trööndelage;Melhus videregående skole;*;*
2;3;MAT1019;I;50;974560720;Matematikk 1P;Hele landet;Trøndelag - Trööndelage;Ole Vig videregående skole;2,2;16
2;3;MAT1019;I;50;996772810;Matematikk 1P;Hele landet;Trøndelag - Trööndelage;Strinda videregående skole;2,2;16
2;3;MAT1019;I;50;974560747;Matematikk 1P;Hele landet;Trøndelag - Trööndelage;Verdal videregående skole;*;*
2;2;MAT1019;I;39;39;Matematikk 1P;Hele landet;Vestfold;Alle skoler;2,3;110
2;3;MAT1019;I;39;974574993;Matematikk 1P;Hele landet;Vestfold;Greveskogen videregående skole;1,8;13
2;3;MAT1019;I;39;874575062;Matematikk 1P;Hele landet;Vestfold;Holmestrand videregående skole;*;*
2;3;MAT1019;I;39;974575051;Matematikk 1P;Hele landet;Vestfold;Melsom videregående skole;*;*
2;3;MAT1019;I;39;974575000;Matematikk 1P;Hele landet;Vestfold;Nøtterøy videregående skole;2,9;10
2;3;MAT1019;I;39;874575232;Matematikk 1P;Hele landet;Vestfold;Re videregående skole;2,5;20
2;3;MAT1019;I;39;974575116;Matematikk 1P;Hele landet;Vestfold;Sande videregående skole;2,1;7
2;3;MAT1019;I;39;974575019;Matematikk 1P;Hele landet;Vestfold;Sandefjord videregående skole;1,8;24
2;3;MAT1019;I;39;974575027;Matematikk 1P;Hele landet;Vestfold;Thor Heyerdahl videregående skole;2,5;29
2;2;MAT1019;I;46;46;Matematikk 1P;Hele landet;Vestland;Alle skoler;2,7;154
2;3;MAT1019;I;46;974557533;Matematikk 1P;Hele landet;Vestland;Askøy videregående skole;*;*
2;3;MAT1019;I;46;874557102;Matematikk 1P;Hele landet;Vestland;Bergen katedralskole;2,7;7
2;3;MAT1019;I;46;974557126;Matematikk 1P;Hele landet;Vestland;Bømlo vidaregåande skule;*;*
2;3;MAT1019;I;46;873159642;Matematikk 1P;Hele landet;Vestland;Danielsen videregående skole;*;*
2;3;MAT1019;I;46;974117959;Matematikk 1P;Hele landet;Vestland;Framnes Kristne vidaregåande skule;*;*
2;3;MAT1019;I;46;974557584;Matematikk 1P;Hele landet;Vestland;Fyllingsdalen videregående skole;2,7;9
2;3;MAT1019;I;46;974557339;Matematikk 1P;Hele landet;Vestland;Knarvik vidaregåande skule;2,3;9
2;3;MAT1019;I;46;974557045;Matematikk 1P;Hele landet;Vestland;Kvam vidaregåande skule;*;*
2;3;MAT1019;I;46;974557096;Matematikk 1P;Hele landet;Vestland;Langhaugen videregående skole;2,9;7
2;3;MAT1019;I;46;985076308;Matematikk 1P;Hele landet;Vestland;Metis videregående AS;2,7;23
2;3;MAT1019;I;46;974571188;Matematikk 1P;Hele landet;Vestland;Måløy vidaregåande skule;*;*
2;3;MAT1019;I;46;993527084;Matematikk 1P;Hele landet;Vestland;Nordahl Grieg videregående skole;3,3;8
2;3;MAT1019;I;46;922148805;Matematikk 1P;Hele landet;Vestland;Norges Toppidrettsgymnas Bergen AS;2,9;13
2;3;MAT1019;I;46;974557290;Matematikk 1P;Hele landet;Vestland;Odda vidaregåande skule;1,8;9
2;3;MAT1019;I;46;989630008;Matematikk 1P;Hele landet;Vestland;Olsvikåsen videregående skole;*;*
2;3;MAT1019;I;46;974571056;Matematikk 1P;Hele landet;Vestland;Sogndal vidaregåande skule;*;*
2;3;MAT1019;I;46;974557029;Matematikk 1P;Hele landet;Vestland;Stord vidaregåande skule;*;*
2;3;MAT1019;I;46;974571153;Matematikk 1P;Hele landet;Vestland;Stryn vidaregåande skule;2,3;6
2;3;MAT1019;I;46;816031982;Matematikk 1P;Hele landet;Vestland;Voss gymnas;*;*
2;3;MAT1019;I;46;974557479;Matematikk 1P;Hele landet;Vestland;Åsane vidaregåande skule;2,6;7
2;2;MAT1019;I;31;31;Matematikk 1P;Hele landet;Østfold;Alle skoler;2,5;91
2;3;MAT1019;I;31;974544504;Matematikk 1P;Hele landet;Østfold;Askim videregående skole;2,1;11
2;3;MAT1019;I;31;974544466;Matematikk 1P;Hele landet;Østfold;Frederik Ii videregående skole;2,1;13
2;3;MAT1019;I;31;974544490;Matematikk 1P;Hele landet;Østfold;Greåker videregående skole;*;*
2;3;MAT1019;I;31;974544563;Matematikk 1P;Hele landet;Østfold;Halden videregående skole;2,6;17
2;3;MAT1019;I;31;913279727;Matematikk 1P;Hele landet;Østfold;Hans Nielsen Hauge videregående skole;2,7;12
2;3;MAT1019;I;31;974544520;Matematikk 1P;Hele landet;Østfold;Kalnes videregående skole;*;*
2;3;MAT1019;I;31;974544539;Matematikk 1P;Hele landet;Østfold;Kirkeparken videregående skole;3,3;15
2;3;MAT1019;I;31;974544547;Matematikk 1P;Hele landet;Østfold;Malakoff videregående skole;2;14
2;3;MAT1019;I;31;874544582;Matematikk 1P;Hele landet;Østfold;St. Olav videregående skole;*;*
2;0;MAT1021;Alle;0;Alle;Matematikk 1T;Hele landet;Alle fylker;Alle skoler;3,3;1 155
2;1;MAT1021;I;0;I;Matematikk 1T;Hele landet;Alle fylker;Alle skoler;3,3;1 155
2;2;MAT1021;I;42;42;Matematikk 1T;Hele landet;Agder;Alle skoler;3,2;55
2;3;MAT1021;I;42;974573881;Matematikk 1T;Hele landet;Agder;Dahlske videregående skole;2,9;10
2;3;MAT1021;I;42;974594994;Matematikk 1T;Hele landet;Agder;Kristiansand katedralskole Gimle;3,4;15
2;3;MAT1021;I;42;974573857;Matematikk 1T;Hele landet;Agder;Lillesand videregående skole;*;*
2;3;MAT1021;I;42;974573806;Matematikk 1T;Hele landet;Agder;Risør videregående skole;*;*
2;3;MAT1021;I;42;974595060;Matematikk 1T;Hele landet;Agder;Sirdal videregående skole;2,8;14
2;3;MAT1021;I;42;874595152;Matematikk 1T;Hele landet;Agder;Tangen videregående skole;4,7;6
2;3;MAT1021;I;42;974595001;Matematikk 1T;Hele landet;Agder;Vågsbygd videregående skole;*;*
2;2;MAT1021;I;32;32;Matematikk 1T;Hele landet;Akershus;Alle skoler;3,3;245
2;3;MAT1021;I;32;974587742;Matematikk 1T;Hele landet;Akershus;Asker videregående skole;4,3;10
2;3;MAT1021;I;32;974587602;Matematikk 1T;Hele landet;Akershus;Bjørkelangen videregående skole;*;*
2;3;MAT1021;I;32;974587890;Matematikk 1T;Hele landet;Akershus;Dønski videregående skole;*;*
2;3;MAT1021;I;32;988843709;Matematikk 1T;Hele landet;Akershus;Frogn videregående skole;*;*
2;3;MAT1021;I;32;913459598;Matematikk 1T;Hele landet;Akershus;Hoppensprett Akademiet Vgs Jessheim AS;*;*
2;3;MAT1021;I;32;974587645;Matematikk 1T;Hele landet;Akershus;Jessheim videregående skole;1,8;8
2;3;MAT1021;I;32;974587750;Matematikk 1T;Hele landet;Akershus;Lillestrøm videregående skole;3,3;14
2;3;MAT1021;I;32;974587610;Matematikk 1T;Hele landet;Akershus;Lørenskog videregående skole;3,7;12
2;3;MAT1021;I;32;991815325;Matematikk 1T;Hele landet;Akershus;Mailand videregående skole;*;*
2;3;MAT1021;I;32;974587734;Matematikk 1T;Hele landet;Akershus;Nadderud videregående skole;4,1;10
2;3;MAT1021;I;32;988084948;Matematikk 1T;Hele landet;Akershus;Nannestad videregående skole;2,9;9
2;3;MAT1021;I;32;974587653;Matematikk 1T;Hele landet;Akershus;Nes videregående skole;*;*
2;3;MAT1021;I;32;974587599;Matematikk 1T;Hele landet;Akershus;Nesbru videregående skole;3,5;11
2;3;MAT1021;I;32;974587580;Matematikk 1T;Hele landet;Akershus;Roald Amundsen videregående skole;*;*
2;3;MAT1021;I;32;974587866;Matematikk 1T;Hele landet;Akershus;Rosenvilde videregående skole;2;7
2;3;MAT1021;I;32;974587823;Matematikk 1T;Hele landet;Akershus;Rud videregående skole;4,6;10
2;3;MAT1021;I;32;974587769;Matematikk 1T;Hele landet;Akershus;Rælingen videregående skole;*;*
2;3;MAT1021;I;32;974605953;Matematikk 1T;Hele landet;Akershus;Røyken videregående skole;*;*
2;3;MAT1021;I;32;988835064;Matematikk 1T;Hele landet;Akershus;Sandvika videregående skole;3,2;29
2;3;MAT1021;I;32;974587696;Matematikk 1T;Hele landet;Akershus;Ski videregående skole;3,9;10
2;3;MAT1021;I;32;974587718;Matematikk 1T;Hele landet;Akershus;Stabekk videregående skole;*;*
2;3;MAT1021;I;32;874587842;Matematikk 1T;Hele landet;Akershus;Sørumsand videregående skole;3;7
2;3;MAT1021;I;32;874587702;Matematikk 1T;Hele landet;Akershus;Valler videregående skole;4,3;25
2;3;MAT1021;I;32;974587815;Matematikk 1T;Hele landet;Akershus;Vestby videregående skole;2,8;9
2;3;MAT1021;I;32;825308512;Matematikk 1T;Hele landet;Akershus;Wang Romerike AS;*;*
2;3;MAT1021;I;32;974587564;Matematikk 1T;Hele landet;Akershus;Ås videregående skole;3,1;13
2;2;MAT1021;I;33;33;Matematikk 1T;Hele landet;Buskerud;Alle skoler;3,1;62
2;3;MAT1021;I;33;996789845;Matematikk 1T;Hele landet;Buskerud;Akademiet Vgs Bragernes Drammen AS;*;*
2;3;MAT1021;I;33;874605972;Matematikk 1T;Hele landet;Buskerud;Drammen videregående skole;3,5;15
2;3;MAT1021;I;33;974176122;Matematikk 1T;Hele landet;Buskerud;Norges Toppidrettsgymnas Geilo AS;3;18
2;3;MAT1021;I;33;974606232;Matematikk 1T;Hele landet;Buskerud;Numedal videregående skole;*;*
2;3;MAT1021;I;33;974606208;Matematikk 1T;Hele landet;Buskerud;Ringerike videregående skole;*;*
2;3;MAT1021;I;33;974605961;Matematikk 1T;Hele landet;Buskerud;St Hallvard videregående skole;2,5;8
2;3;MAT1021;I;33;973255754;Matematikk 1T;Hele landet;Buskerud;Tyrifjord videregående skole;*;*
2;2;MAT1021;I;56;56;Matematikk 1T;Hele landet;Finnmark - Finnmárku - Finmarkku;Alle skoler;2,5;6
2;3;MAT1021;I;56;974622734;Matematikk 1T;Hele landet;Finnmark - Finnmárku - Finmarkku;Nordkapp videregående skole;*;*
2;3;MAT1021;I;56;974760061;Matematikk 1T;Hele landet;Finnmark - Finnmárku - Finmarkku;Samisk videregående skole Karasjok;*;*
2;3;MAT1021;I;56;974622718;Matematikk 1T;Hele landet;Finnmark - Finnmárku - Finmarkku;Vadsø videregående skole;*;*
2;3;MAT1021;I;56;974622777;Matematikk 1T;Hele landet;Finnmark - Finnmárku - Finmarkku;Vardø videregående skole;*;*
2;2;MAT1021;I;34;34;Matematikk 1T;Hele landet;Innlandet;Alle skoler;3,4;86
2;3;MAT1021;I;34;974571900;Matematikk 1T;Hele landet;Innlandet;Elverum videregående skole;3,5;12
2;3;MAT1021;I;34;974597284;Matematikk 1T;Hele landet;Innlandet;Gjøvik videregående skole;4,2;6
2;3;MAT1021;I;34;998513448;Matematikk 1T;Hele landet;Innlandet;Hadeland videregående skole;3,6;20
2;3;MAT1021;I;34;974597322;Matematikk 1T;Hele landet;Innlandet;Lena-Valle videregående skole avd Lena;*;*
2;3;MAT1021;I;34;874597252;Matematikk 1T;Hele landet;Innlandet;Lillehammer videregående skole avd Sør;4;8
2;3;MAT1021;I;34;970963847;Matematikk 1T;Hele landet;Innlandet;Nord-Østerdal videregående skole;*;*
2;3;MAT1021;I;34;986147667;Matematikk 1T;Hele landet;Innlandet;Norges Toppidrettsgymnas Kongsvinger AS;2,8;20
2;3;MAT1021;I;34;974571897;Matematikk 1T;Hele landet;Innlandet;Ringsaker videregående skole;*;*
2;3;MAT1021;I;34;974572079;Matematikk 1T;Hele landet;Innlandet;Stange videregående skole;*;*
2;3;MAT1021;I;34;974572028;Matematikk 1T;Hele landet;Innlandet;Trysil videregående skole;*;*
2;3;MAT1021;I;34;974597381;Matematikk 1T;Hele landet;Innlandet;Valdres vidaregåande skule;*;*
2;3;MAT1021;I;34;974597233;Matematikk 1T;Hele landet;Innlandet;Vinstra vidaregåande skule;*;*
2;2;MAT1021;I;15;15;Matematikk 1T;Hele landet;Møre og Romsdal;Alle skoler;3,5;32
2;3;MAT1021;I;15;984800746;Matematikk 1T;Hele landet;Møre og Romsdal;Akademiet Vgs Ålesund AS;3,8;6
2;3;MAT1021;I;15;974576473;Matematikk 1T;Hele landet;Møre og Romsdal;Atlanten videregående skole;*;*
2;3;MAT1021;I;15;974577267;Matematikk 1T;Hele landet;Møre og Romsdal;Spjelkavik videregående skole;*;*
2;3;MAT1021;I;15;974576694;Matematikk 1T;Hele landet;Møre og Romsdal;Sykkylven vidaregåande skule;3,5;8
2;3;MAT1021;I;15;974576430;Matematikk 1T;Hele landet;Møre og Romsdal;Ulstein vidaregåande skule;*;*
2;3;MAT1021;I;15;874576492;Matematikk 1T;Hele landet;Møre og Romsdal;Volda vidaregåande skule;4,1;7
2;2;MAT1021;I;18;18;Matematikk 1T;Hele landet;Nordland - Nordlánnda;Alle skoler;3,7;39
2;3;MAT1021;I;18;974621215;Matematikk 1T;Hele landet;Nordland - Nordlánnda;Bodin videregående skole;3,5;10
2;3;MAT1021;I;18;974621193;Matematikk 1T;Hele landet;Nordland - Nordlánnda;Meløy videregående skole;4,1;8
2;3;MAT1021;I;18;974041707;Matematikk 1T;Hele landet;Nordland - Nordlánnda;Narvik videregående skole;3,9;13
2;3;MAT1021;I;18;974621274;Matematikk 1T;Hele landet;Nordland - Nordlánnda;Saltdal videregående skole;3;8
2;2;MAT1021;I;3;3;Matematikk 1T;Hele landet;Oslo;Alle skoler;3,7;153
2;3;MAT1021;I;3;974591006;Matematikk 1T;Hele landet;Oslo;Bjerke videregående skole;2,9;13
2;3;MAT1021;I;3;990574898;Matematikk 1T;Hele landet;Oslo;Bjørnholt videregående skole;*;*
2;3;MAT1021;I;3;912703312;Matematikk 1T;Hele landet;Oslo;Blindern videregående skole;3;12
2;3;MAT1021;I;3;912001709;Matematikk 1T;Hele landet;Oslo;Edvard Munch videregående skole;3,1;16
2;3;MAT1021;I;3;974590999;Matematikk 1T;Hele landet;Oslo;Elvebakken videregående skole;4,8;16
2;3;MAT1021;I;3;974590891;Matematikk 1T;Hele landet;Oslo;Hartvig Nissens skole;*;*
2;3;MAT1021;I;3;999173926;Matematikk 1T;Hele landet;Oslo;Kongshavn videregående skole;*;*
2;3;MAT1021;I;3;974117797;Matematikk 1T;Hele landet;Oslo;Kristelig gymnasium AS videregående skole;4,3;19
2;3;MAT1021;I;3;974590913;Matematikk 1T;Hele landet;Oslo;Lambertseter videregående skole;*;*
2;3;MAT1021;I;3;974590883;Matematikk 1T;Hele landet;Oslo;Oslo Handelsgymnasium;*;*
2;3;MAT1021;I;3;974590948;Matematikk 1T;Hele landet;Oslo;Persbråten videregående skole;*;*
2;3;MAT1021;I;3;974591065;Matematikk 1T;Hele landet;Oslo;Stovner videregående skole;*;*
2;3;MAT1021;I;3;974590964;Matematikk 1T;Hele landet;Oslo;Ullern videregående skole;3,5;11
2;3;MAT1021;I;3;917527067;Matematikk 1T;Hele landet;Oslo;Valle Hovin videregående skole;4,4;21
2;3;MAT1021;I;3;925607797;Matematikk 1T;Hele landet;Oslo;Vika videregående skole;2,8;9
2;3;MAT1021;I;3;971816317;Matematikk 1T;Hele landet;Oslo;Wang videregående Skole/ Wang Toppidrett;4,3;11
2;2;MAT1021;I;11;11;Matematikk 1T;Hele landet;Rogaland;Alle skoler;3,5;77
2;3;MAT1021;I;11;913385632;Matematikk 1T;Hele landet;Rogaland;Bryne vidaregåande skule;2,8;6
2;3;MAT1021;I;11;974624478;Matematikk 1T;Hele landet;Rogaland;Dalane videregående skole;*;*
2;3;MAT1021;I;11;974624648;Matematikk 1T;Hele landet;Rogaland;Godalen videregående skole;*;*
2;3;MAT1021;I;11;974624389;Matematikk 1T;Hele landet;Rogaland;Kopervik videregående skole;*;*
2;3;MAT1021;I;11;874624632;Matematikk 1T;Hele landet;Rogaland;Sauda vidaregåande skule;2,5;6
2;3;MAT1021;I;11;974624443;Matematikk 1T;Hele landet;Rogaland;St. Olav videregående skole;3,9;26
2;3;MAT1021;I;11;974624400;Matematikk 1T;Hele landet;Rogaland;Stavanger katedralskole;4,6;8
2;3;MAT1021;I;11;974624435;Matematikk 1T;Hele landet;Rogaland;Vardafjell videregående skole;2,6;10
2;2;MAT1021;I;40;40;Matematikk 1T;Hele landet;Telemark;Alle skoler;3,2;26
2;3;MAT1021;I;40;974567997;Matematikk 1T;Hele landet;Telemark;Bø vidaregåande skule;3,5;6
2;3;MAT1021;I;40;974568004;Matematikk 1T;Hele landet;Telemark;Kragerø videregående skole;*;*
2;3;MAT1021;I;40;974568020;Matematikk 1T;Hele landet;Telemark;Porsgrunn videregående skole;*;*
2;3;MAT1021;I;40;974568039;Matematikk 1T;Hele landet;Telemark;Skien videregående skole;2,8;8
2;2;MAT1021;I;55;55;Matematikk 1T;Hele landet;Troms - Romsa - Tromssa ;Alle skoler;3,1;39
2;3;MAT1021;I;55;974546671;Matematikk 1T;Hele landet;Troms - Romsa - Tromssa ;Heggen videregående skole;*;*
2;3;MAT1021;I;55;974546744;Matematikk 1T;Hele landet;Troms - Romsa - Tromssa ;Kongsbakken videregående skole;3,7;9
2;3;MAT1021;I;55;974546922;Matematikk 1T;Hele landet;Troms - Romsa - Tromssa ;Nordkjosbotn videregående skole;*;*
2;3;MAT1021;I;55;991575731;Matematikk 1T;Hele landet;Troms - Romsa - Tromssa ;Norges Toppidrettsgymnas Tromsø AS;3,6;14
2;3;MAT1021;I;55;974546698;Matematikk 1T;Hele landet;Troms - Romsa - Tromssa ;Senja videregående skole avd Finnfjordbotn;*;*
2;3;MAT1021;I;55;974546809;Matematikk 1T;Hele landet;Troms - Romsa - Tromssa ;Sjøvegan videregående skole;*;*
2;3;MAT1021;I;55;974546868;Matematikk 1T;Hele landet;Troms - Romsa - Tromssa ;Tromsdalen videregående skole;*;*
2;2;MAT1021;I;50;50;Matematikk 1T;Hele landet;Trøndelag - Trööndelage;Alle skoler;3;42
2;3;MAT1021;I;50;996772772;Matematikk 1T;Hele landet;Trøndelag - Trööndelage;Charlottenlund videregående skole;2,8;8
2;3;MAT1021;I;50;974557991;Matematikk 1T;Hele landet;Trøndelag - Trööndelage;Heimdal videregående skole;3,5;10
2;3;MAT1021;I;50;874558362;Matematikk 1T;Hele landet;Trøndelag - Trööndelage;Melhus videregående skole;*;*
2;3;MAT1021;I;50;874560782;Matematikk 1T;Hele landet;Trøndelag - Trööndelage;Mære landbruksskole;2,3;16
2;3;MAT1021;I;50;974560747;Matematikk 1T;Hele landet;Trøndelag - Trööndelage;Verdal videregående skole;*;*
2;2;MAT1021;I;39;39;Matematikk 1T;Hele landet;Vestfold;Alle skoler;3,4;55
2;3;MAT1021;I;39;974574993;Matematikk 1T;Hele landet;Vestfold;Greveskogen videregående skole;*;*
2;3;MAT1021;I;39;923261354;Matematikk 1T;Hele landet;Vestfold;Horten videregående skole;3,5;14
2;3;MAT1021;I;39;974575000;Matematikk 1T;Hele landet;Vestfold;Nøtterøy videregående skole;4,3;6
2;3;MAT1021;I;39;874575232;Matematikk 1T;Hele landet;Vestfold;Re videregående skole;*;*
2;3;MAT1021;I;39;974575019;Matematikk 1T;Hele landet;Vestfold;Sandefjord videregående skole;2,7;18
2;3;MAT1021;I;39;995354071;Matematikk 1T;Hele landet;Vestfold;Wang Tønsberg AS;4,9;8
2;2;MAT1021;I;46;46;Matematikk 1T;Hele landet;Vestland;Alle skoler;2,9;191
2;3;MAT1021;I;46;974557533;Matematikk 1T;Hele landet;Vestland;Askøy videregående skole;2,6;10
2;3;MAT1021;I;46;874557102;Matematikk 1T;Hele landet;Vestland;Bergen katedralskole;4,1;14
2;3;MAT1021;I;46;988602671;Matematikk 1T;Hele landet;Vestland;Bergen private gymnas AS;3,1;35
2;3;MAT1021;I;46;974557126;Matematikk 1T;Hele landet;Vestland;Bømlo vidaregåande skule;*;*
2;3;MAT1021;I;46;874571172;Matematikk 1T;Hele landet;Vestland;Eid vidaregåande skule;*;*
2;3;MAT1021;I;46;874557552;Matematikk 1T;Hele landet;Vestland;Fusa vidaregåande skule;*;*
2;3;MAT1021;I;46;974557584;Matematikk 1T;Hele landet;Vestland;Fyllingsdalen videregående skole;*;*
2;3;MAT1021;I;46;974557045;Matematikk 1T;Hele landet;Vestland;Kvam vidaregåande skule;*;*
2;3;MAT1021;I;46;974557096;Matematikk 1T;Hele landet;Vestland;Langhaugen videregående skole;4,3;8
2;3;MAT1021;I;46;985076308;Matematikk 1T;Hele landet;Vestland;Metis videregående AS;3,1;26
2;3;MAT1021;I;46;974571188;Matematikk 1T;Hele landet;Vestland;Måløy vidaregåande skule;1,9;15
2;3;MAT1021;I;46;993527084;Matematikk 1T;Hele landet;Vestland;Nordahl Grieg videregående skole;2,6;9
2;3;MAT1021;I;46;974557290;Matematikk 1T;Hele landet;Vestland;Odda vidaregåande skule;3;6
2;3;MAT1021;I;46;989630008;Matematikk 1T;Hele landet;Vestland;Olsvikåsen videregående skole;2;6
2;3;MAT1021;I;46;974571056;Matematikk 1T;Hele landet;Vestland;Sogndal vidaregåande skule;*;*
2;3;MAT1021;I;46;916794304;Matematikk 1T;Hele landet;Vestland;St. Paul gymnas;2,5;28
2;3;MAT1021;I;46;974557029;Matematikk 1T;Hele landet;Vestland;Stord vidaregåande skule;*;*
2;3;MAT1021;I;46;816031982;Matematikk 1T;Hele landet;Vestland;Voss gymnas;2,3;7
2;3;MAT1021;I;46;974557487;Matematikk 1T;Hele landet;Vestland;Årstad videregående skole;*;*
2;2;MAT1021;I;31;31;Matematikk 1T;Hele landet;Østfold;Alle skoler;3,2;47
2;3;MAT1021;I;31;974544504;Matematikk 1T;Hele landet;Østfold;Askim videregående skole;*;*
2;3;MAT1021;I;31;974544466;Matematikk 1T;Hele landet;Østfold;Frederik Ii videregående skole;*;*
2;3;MAT1021;I;31;974544482;Matematikk 1T;Hele landet;Østfold;Glemmen videregående skole;3,9;14
2;3;MAT1021;I;31;974544490;Matematikk 1T;Hele landet;Østfold;Greåker videregående skole;2,3;7
2;3;MAT1021;I;31;913279727;Matematikk 1T;Hele landet;Østfold;Hans Nielsen Hauge videregående skole;3,5;15
2;3;MAT1021;I;31;974544520;Matematikk 1T;Hele landet;Østfold;Kalnes videregående skole;*;*
2;3;MAT1021;I;31;874544582;Matematikk 1T;Hele landet;Østfold;St. Olav videregående skole;*;*
2;1;MAT1021;U;0;U;Matematikk 1T;Utlandet;Alle fylker;Alle skoler;*;*
2;2;MAT1021;U;25;25;Matematikk 1T;Utlandet;Utlandet;Alle skoler;*;*
2;3;MAT1021;U;25;U90099009;Matematikk 1T;Utlandet;Utlandet;Den norske skole - Costa Blanca;*;*
2;0;MAT1023;Alle;0;Alle;Matematikk 2P;Hele landet;Alle fylker;Alle skoler;3;5 028
2;1;MAT1023;I;0;I;Matematikk 2P;Hele landet;Alle fylker;Alle skoler;3;5 028
2;2;MAT1023;I;42;42;Matematikk 2P;Hele landet;Agder;Alle skoler;3,2;279
2;3;MAT1023;I;42;982759846;Matematikk 2P;Hele landet;Agder;Akademiet Kristiansand AS;*;*
2;3;MAT1023;I;42;974573873;Matematikk 2P;Hele landet;Agder;Arendal videregående skole avd Tyholmen;3,1;26
2;3;MAT1023;I;42;974573881;Matematikk 2P;Hele landet;Agder;Dahlske videregående skole;2,3;9
2;3;MAT1023;I;42;974117738;Matematikk 2P;Hele landet;Agder;Drottningborg Vgs AS;3,8;19
2;3;MAT1023;I;42;874595012;Matematikk 2P;Hele landet;Agder;Eilert Sundt videregående skole Studiested Farsund;3,7;9
2;3;MAT1023;I;42;974595141;Matematikk 2P;Hele landet;Agder;Flekkefjord videregående skole Studiested Flekkefjord;3,5;16
2;3;MAT1023;I;42;974594994;Matematikk 2P;Hele landet;Agder;Kristiansand katedralskole Gimle;3,2;62
2;3;MAT1023;I;42;974595117;Matematikk 2P;Hele landet;Agder;Kvadraturen videregående skole;4,1;14
2;3;MAT1023;I;42;973149776;Matematikk 2P;Hele landet;Agder;Kvs-Lyngdal AS;*;*
2;3;MAT1023;I;42;974573857;Matematikk 2P;Hele landet;Agder;Lillesand videregående skole;2,9;7
2;3;MAT1023;I;42;974595125;Matematikk 2P;Hele landet;Agder;Mandal videregående skole;3,9;11
2;3;MAT1023;I;42;974573806;Matematikk 2P;Hele landet;Agder;Risør videregående skole;3;7
2;3;MAT1023;I;42;974573814;Matematikk 2P;Hele landet;Agder;Sam Eyde videregående skole;2,6;20
2;3;MAT1023;I;42;928112535;Matematikk 2P;Hele landet;Agder;Smi-Skolen i Agder;*;*
2;3;MAT1023;I;42;874595152;Matematikk 2P;Hele landet;Agder;Tangen videregående skole;2,6;19
2;3;MAT1023;I;42;974595044;Matematikk 2P;Hele landet;Agder;Vennesla videregående skole;*;*
2;3;MAT1023;I;42;974595001;Matematikk 2P;Hele landet;Agder;Vågsbygd videregående skole;2,7;30
2;2;MAT1023;I;32;32;Matematikk 2P;Hele landet;Akershus;Alle skoler;3;697
2;3;MAT1023;I;32;931696068;Matematikk 2P;Hele landet;Akershus;Akademiet Vgs Sandvika AS;*;*
2;3;MAT1023;I;32;974587742;Matematikk 2P;Hele landet;Akershus;Asker videregående skole;3,8;30
2;3;MAT1023;I;32;974587637;Matematikk 2P;Hele landet;Akershus;Bjertnes videregående skole;3;21
2;3;MAT1023;I;32;974587602;Matematikk 2P;Hele landet;Akershus;Bjørkelangen videregående skole;3;10
2;3;MAT1023;I;32;974587882;Matematikk 2P;Hele landet;Akershus;Drømtorp videregående skole;2,2;11
2;3;MAT1023;I;32;974587890;Matematikk 2P;Hele landet;Akershus;Dønski videregående skole;2,4;20
2;3;MAT1023;I;32;974587661;Matematikk 2P;Hele landet;Akershus;Eidsvoll videregående skole;*;*
2;3;MAT1023;I;32;974587726;Matematikk 2P;Hele landet;Akershus;Eikeli videregående skole;2,6;24
2;3;MAT1023;I;32;988843709;Matematikk 2P;Hele landet;Akershus;Frogn videregående skole;3;25
2;3;MAT1023;I;32;913459598;Matematikk 2P;Hele landet;Akershus;Hoppensprett Akademiet Vgs Jessheim AS;*;*
2;3;MAT1023;I;32;974587645;Matematikk 2P;Hele landet;Akershus;Jessheim videregående skole;2,5;32
2;3;MAT1023;I;32;974587750;Matematikk 2P;Hele landet;Akershus;Lillestrøm videregående skole;3,5;44
2;3;MAT1023;I;32;974587610;Matematikk 2P;Hele landet;Akershus;Lørenskog videregående skole;2,9;45
2;3;MAT1023;I;32;991815325;Matematikk 2P;Hele landet;Akershus;Mailand videregående skole;3,3;11
2;3;MAT1023;I;32;974587734;Matematikk 2P;Hele landet;Akershus;Nadderud videregående skole;4,1;10
2;3;MAT1023;I;32;988084948;Matematikk 2P;Hele landet;Akershus;Nannestad videregående skole;2,5;32
2;3;MAT1023;I;32;974587653;Matematikk 2P;Hele landet;Akershus;Nes videregående skole;*;*
2;3;MAT1023;I;32;974587599;Matematikk 2P;Hele landet;Akershus;Nesbru videregående skole;2,4;15
2;3;MAT1023;I;32;974587572;Matematikk 2P;Hele landet;Akershus;Nesodden videregående skole;3,3;15
2;3;MAT1023;I;32;990672962;Matematikk 2P;Hele landet;Akershus;Norges Toppidrettsgymnas Bærum AS;3,4;37
2;3;MAT1023;I;32;974587580;Matematikk 2P;Hele landet;Akershus;Roald Amundsen videregående skole;3,5;32
2;3;MAT1023;I;32;974587866;Matematikk 2P;Hele landet;Akershus;Rosenvilde videregående skole;2,7;29
2;3;MAT1023;I;32;974587823;Matematikk 2P;Hele landet;Akershus;Rud videregående skole;4,1;14
2;3;MAT1023;I;32;974587769;Matematikk 2P;Hele landet;Akershus;Rælingen videregående skole;2,8;19
2;3;MAT1023;I;32;974605953;Matematikk 2P;Hele landet;Akershus;Røyken videregående skole;2,3;20
2;3;MAT1023;I;32;988835064;Matematikk 2P;Hele landet;Akershus;Sandvika videregående skole;3;29
2;3;MAT1023;I;32;974587629;Matematikk 2P;Hele landet;Akershus;Skedsmo videregående skole;3,2;28
2;3;MAT1023;I;32;974587696;Matematikk 2P;Hele landet;Akershus;Ski videregående skole;*;*
2;3;MAT1023;I;32;974587718;Matematikk 2P;Hele landet;Akershus;Stabekk videregående skole;3,9;9
2;3;MAT1023;I;32;874587842;Matematikk 2P;Hele landet;Akershus;Sørumsand videregående skole;2,6;16
2;3;MAT1023;I;32;874587702;Matematikk 2P;Hele landet;Akershus;Valler videregående skole;3,9;7
2;3;MAT1023;I;32;974587815;Matematikk 2P;Hele landet;Akershus;Vestby videregående skole;2,5;33
2;3;MAT1023;I;32;825308512;Matematikk 2P;Hele landet;Akershus;Wang Romerike AS;3,1;22
2;3;MAT1023;I;32;974587564;Matematikk 2P;Hele landet;Akershus;Ås videregående skole;2,8;32
2;2;MAT1023;I;33;33;Matematikk 2P;Hele landet;Buskerud;Alle skoler;3;314
2;3;MAT1023;I;33;985500568;Matematikk 2P;Hele landet;Buskerud;Akademiet Drammen AS;*;*
2;3;MAT1023;I;33;988938424;Matematikk 2P;Hele landet;Buskerud;Akademiet Ypsilon videregående skole AS;4;16
2;3;MAT1023;I;33;974606216;Matematikk 2P;Hele landet;Buskerud;Buskerud videregående skole;2,1;15
2;3;MAT1023;I;33;874605972;Matematikk 2P;Hele landet;Buskerud;Drammen videregående skole;2,7;93
2;3;MAT1023;I;33;974605988;Matematikk 2P;Hele landet;Buskerud;Eiker videregående skole;3,3;17
2;3;MAT1023;I;33;974606194;Matematikk 2P;Hele landet;Buskerud;Gol vidaregåande skule;3,5;15
2;3;MAT1023;I;33;974605929;Matematikk 2P;Hele landet;Buskerud;Hønefoss videregående skole;*;*
2;3;MAT1023;I;33;974605996;Matematikk 2P;Hele landet;Buskerud;Kongsberg videregående skole;3,1;36
2;3;MAT1023;I;33;974606135;Matematikk 2P;Hele landet;Buskerud;Lier videregående skole;*;*
2;3;MAT1023;I;33;974176122;Matematikk 2P;Hele landet;Buskerud;Norges Toppidrettsgymnas Geilo AS;3,7;13
2;3;MAT1023;I;33;974606232;Matematikk 2P;Hele landet;Buskerud;Numedal videregående skole;*;*
2;3;MAT1023;I;33;974606208;Matematikk 2P;Hele landet;Buskerud;Ringerike videregående skole;2,7;44
2;3;MAT1023;I;33;974605961;Matematikk 2P;Hele landet;Buskerud;St Hallvard videregående skole;3,1;38
2;3;MAT1023;I;33;973255754;Matematikk 2P;Hele landet;Buskerud;Tyrifjord videregående skole;*;*
2;3;MAT1023;I;33;974605937;Matematikk 2P;Hele landet;Buskerud;Åssiden videregående skole;*;*
2;2;MAT1023;I;56;56;Matematikk 2P;Hele landet;Finnmark - Finnmárku - Finmarkku;Alle skoler;2,8;63
2;3;MAT1023;I;56;974622750;Matematikk 2P;Hele landet;Finnmark - Finnmárku - Finmarkku;Alta videregående skole;2,1;19
2;3;MAT1023;I;56;874622702;Matematikk 2P;Hele landet;Finnmark - Finnmárku - Finmarkku;Hammerfest videregående skole;2,9;9
2;3;MAT1023;I;56;974622726;Matematikk 2P;Hele landet;Finnmark - Finnmárku - Finmarkku;Kirkenes videregående skole;2,9;14
2;3;MAT1023;I;56;974622742;Matematikk 2P;Hele landet;Finnmark - Finnmárku - Finmarkku;Lakselv videregående skole;*;*
2;3;MAT1023;I;56;974622734;Matematikk 2P;Hele landet;Finnmark - Finnmárku - Finmarkku;Nordkapp videregående skole;*;*
2;3;MAT1023;I;56;974622718;Matematikk 2P;Hele landet;Finnmark - Finnmárku - Finmarkku;Vadsø videregående skole;3,4;11
2;2;MAT1023;I;34;34;Matematikk 2P;Hele landet;Innlandet;Alle skoler;3,1;366
2;3;MAT1023;I;34;974571900;Matematikk 2P;Hele landet;Innlandet;Elverum videregående skole;3,2;25
2;3;MAT1023;I;34;974597195;Matematikk 2P;Hele landet;Innlandet;Gausdal videregående skole;4,5;12
2;3;MAT1023;I;34;974597284;Matematikk 2P;Hele landet;Innlandet;Gjøvik videregående skole;2,9;30
2;3;MAT1023;I;34;998513448;Matematikk 2P;Hele landet;Innlandet;Hadeland videregående skole;3;32
2;3;MAT1023;I;34;974571919;Matematikk 2P;Hele landet;Innlandet;Hamar katedralskole;3,4;28
2;3;MAT1023;I;34;974597322;Matematikk 2P;Hele landet;Innlandet;Lena-Valle videregående skole avd Lena;3,4;19
2;3;MAT1023;I;34;974597241;Matematikk 2P;Hele landet;Innlandet;Lillehammer videregående skole avd Nord;*;*
2;3;MAT1023;I;34;874597252;Matematikk 2P;Hele landet;Innlandet;Lillehammer videregående skole avd Sør;2,8;38
2;3;MAT1023;I;34;974597209;Matematikk 2P;Hele landet;Innlandet;Nord-Gudbrandsdal vidaregåande skule;*;*
2;3;MAT1023;I;34;970963847;Matematikk 2P;Hele landet;Innlandet;Nord-Østerdal videregående skole;2,7;12
2;3;MAT1023;I;34;986147667;Matematikk 2P;Hele landet;Innlandet;Norges Toppidrettsgymnas Kongsvinger AS;3,7;16
2;3;MAT1023;I;34;873600152;Matematikk 2P;Hele landet;Innlandet;Norges Toppidrettsgymnas Lillehammer AS;3,1;40
2;3;MAT1023;I;34;974597373;Matematikk 2P;Hele landet;Innlandet;Raufoss videregående skole avd Dokka;*;*
2;3;MAT1023;I;34;974571897;Matematikk 2P;Hele landet;Innlandet;Ringsaker videregående skole;3;14
2;3;MAT1023;I;34;974571943;Matematikk 2P;Hele landet;Innlandet;Sentrum videregående skole;2,5;10
2;3;MAT1023;I;34;974572117;Matematikk 2P;Hele landet;Innlandet;Sentrum videregående skole avd Skarnes;*;*
2;3;MAT1023;I;34;974572079;Matematikk 2P;Hele landet;Innlandet;Stange videregående skole;3;24
2;3;MAT1023;I;34;974571935;Matematikk 2P;Hele landet;Innlandet;Storhamar videregående skole;*;*
2;3;MAT1023;I;34;974572028;Matematikk 2P;Hele landet;Innlandet;Trysil videregående skole;2,9;8
2;3;MAT1023;I;34;974597381;Matematikk 2P;Hele landet;Innlandet;Valdres vidaregåande skule;2,3;14
2;3;MAT1023;I;34;974597233;Matematikk 2P;Hele landet;Innlandet;Vinstra vidaregåande skule;*;*
2;3;MAT1023;I;34;913391470;Matematikk 2P;Hele landet;Innlandet;Wang Hamar AS;3,9;23
2;2;MAT1023;I;15;15;Matematikk 2P;Hele landet;Møre og Romsdal;Alle skoler;3,3;260
2;3;MAT1023;I;15;911770172;Matematikk 2P;Hele landet;Møre og Romsdal;Akademiet Toppidrettsgymnas Ålesund AS;*;*
2;3;MAT1023;I;15;984800746;Matematikk 2P;Hele landet;Møre og Romsdal;Akademiet Vgs Ålesund AS;*;*
2;3;MAT1023;I;15;974576473;Matematikk 2P;Hele landet;Møre og Romsdal;Atlanten videregående skole;3,5;28
2;3;MAT1023;I;15;974576716;Matematikk 2P;Hele landet;Møre og Romsdal;Haram vidaregåande skule;*;*
2;3;MAT1023;I;15;974576422;Matematikk 2P;Hele landet;Møre og Romsdal;Molde videregående skole;2,8;53
2;3;MAT1023;I;15;974576562;Matematikk 2P;Hele landet;Møre og Romsdal;Rauma videregående skole;4,3;9
2;3;MAT1023;I;15;974576546;Matematikk 2P;Hele landet;Møre og Romsdal;Romsdal videregående skole;3,8;25
2;3;MAT1023;I;15;974577267;Matematikk 2P;Hele landet;Møre og Romsdal;Spjelkavik videregående skole;3,4;32
2;3;MAT1023;I;15;974576686;Matematikk 2P;Hele landet;Møre og Romsdal;Stranda vidaregåande skule;2,5;12
2;3;MAT1023;I;15;974576651;Matematikk 2P;Hele landet;Møre og Romsdal;Surnadal vidaregåande skule;*;*
2;3;MAT1023;I;15;974576430;Matematikk 2P;Hele landet;Møre og Romsdal;Ulstein vidaregåande skule;3;26
2;3;MAT1023;I;15;874576492;Matematikk 2P;Hele landet;Møre og Romsdal;Volda vidaregåande skule;3,9;24
2;3;MAT1023;I;15;974576503;Matematikk 2P;Hele landet;Møre og Romsdal;Ålesund videregående skole;3,6;25
2;2;MAT1023;I;18;18;Matematikk 2P;Hele landet;Nordland - Nordlánnda;Alle skoler;2,8;247
2;3;MAT1023;I;18;974621134;Matematikk 2P;Hele landet;Nordland - Nordlánnda;Aust-Lofoten videregående skole;2,8;12
2;3;MAT1023;I;18;974621215;Matematikk 2P;Hele landet;Nordland - Nordlánnda;Bodin videregående skole;2,7;43
2;3;MAT1023;I;18;974621223;Matematikk 2P;Hele landet;Nordland - Nordlánnda;Bodø videregående skole;3,2;32
2;3;MAT1023;I;18;974621401;Matematikk 2P;Hele landet;Nordland - Nordlánnda;Brønnøysund videregående skole;3;12
2;3;MAT1023;I;18;974621290;Matematikk 2P;Hele landet;Nordland - Nordlánnda;Fauske videregående skole;3;19
2;3;MAT1023;I;18;974621037;Matematikk 2P;Hele landet;Nordland - Nordlánnda;Hadsel videregående skole;3,2;9
2;3;MAT1023;I;18;974621282;Matematikk 2P;Hele landet;Nordland - Nordlánnda;Knut Hamsun videregående skole Joarkkaskåvllå;*;*
2;3;MAT1023;I;18;973494694;Matematikk 2P;Hele landet;Nordland - Nordlánnda;Kristen videregående skole Nordland Sti;2,4;13
2;3;MAT1023;I;18;974621193;Matematikk 2P;Hele landet;Nordland - Nordlánnda;Meløy videregående skole;*;*
2;3;MAT1023;I;18;974621355;Matematikk 2P;Hele landet;Nordland - Nordlánnda;Mosjøen videregående skole;*;*
2;3;MAT1023;I;18;974041707;Matematikk 2P;Hele landet;Nordland - Nordlánnda;Narvik videregående skole;3,1;34
2;3;MAT1023;I;18;974621304;Matematikk 2P;Hele landet;Nordland - Nordlánnda;Polarsirkelen videregående skole;2,6;19
2;3;MAT1023;I;18;874621382;Matematikk 2P;Hele landet;Nordland - Nordlánnda;Sandnessjøen videregående skole;3;10
2;3;MAT1023;I;18;974621053;Matematikk 2P;Hele landet;Nordland - Nordlánnda;Sortland videregående skole avd Sortland;2,7;10
2;3;MAT1023;I;18;974621169;Matematikk 2P;Hele landet;Nordland - Nordlánnda;Vest-Lofoten videregående skole;2,1;22
2;2;MAT1023;I;3;3;Matematikk 2P;Hele landet;Oslo;Alle skoler;3,1;640
2;3;MAT1023;I;3;887664102;Matematikk 2P;Hele landet;Oslo;Akademiet Oslo AS;2,5;23
2;3;MAT1023;I;3;974591006;Matematikk 2P;Hele landet;Oslo;Bjerke videregående skole;2,4;26
2;3;MAT1023;I;3;990574898;Matematikk 2P;Hele landet;Oslo;Bjørnholt videregående skole;1,6;23
2;3;MAT1023;I;3;912703312;Matematikk 2P;Hele landet;Oslo;Blindern videregående skole;3,1;35
2;3;MAT1023;I;3;912001709;Matematikk 2P;Hele landet;Oslo;Edvard Munch videregående skole;4;50
2;3;MAT1023;I;3;974590999;Matematikk 2P;Hele landet;Oslo;Elvebakken videregående skole;4,6;47
2;3;MAT1023;I;3;974590867;Matematikk 2P;Hele landet;Oslo;Foss videregående skole;4,1;22
2;3;MAT1023;I;3;995821664;Matematikk 2P;Hele landet;Oslo;Fyrstikkalleen skole;2,5;19
2;3;MAT1023;I;3;974590891;Matematikk 2P;Hele landet;Oslo;Hartvig Nissens skole;3;42
2;3;MAT1023;I;3;974590956;Matematikk 2P;Hele landet;Oslo;Hellerud videregående skole;2,3;12
2;3;MAT1023;I;3;974192020;Matematikk 2P;Hele landet;Oslo;Heltberg private gymnas;2,1;11
2;3;MAT1023;I;3;912001008;Matematikk 2P;Hele landet;Oslo;Hersleb videregående skole;1,8;14
2;3;MAT1023;I;3;999173926;Matematikk 2P;Hele landet;Oslo;Kongshavn videregående skole;2,7;19
2;3;MAT1023;I;3;873626402;Matematikk 2P;Hele landet;Oslo;Kongsskogen videregående skole;*;*
2;3;MAT1023;I;3;974117797;Matematikk 2P;Hele landet;Oslo;Kristelig gymnasium AS videregående skole;3;28
2;3;MAT1023;I;3;899178092;Matematikk 2P;Hele landet;Oslo;Kuben videregående skole;2,6;34
2;3;MAT1023;I;3;974590913;Matematikk 2P;Hele landet;Oslo;Lambertseter videregående skole;3,4;33
2;3;MAT1023;I;3;996216454;Matematikk 2P;Hele landet;Oslo;Nydalen videregående skole;4,2;13
2;3;MAT1023;I;3;974590883;Matematikk 2P;Hele landet;Oslo;Oslo Handelsgymnasium;2,6;26
2;3;MAT1023;I;3;874590932;Matematikk 2P;Hele landet;Oslo;Oslo katedralskole;3,6;13
2;3;MAT1023;I;3;974590948;Matematikk 2P;Hele landet;Oslo;Persbråten videregående skole;3,5;26
2;3;MAT1023;I;3;974591065;Matematikk 2P;Hele landet;Oslo;Stovner videregående skole;1,8;16
2;3;MAT1023;I;3;974590964;Matematikk 2P;Hele landet;Oslo;Ullern videregående skole;*;*
2;3;MAT1023;I;3;974590972;Matematikk 2P;Hele landet;Oslo;Ulsrud videregående skole;2,2;26
2;3;MAT1023;I;3;917527067;Matematikk 2P;Hele landet;Oslo;Valle Hovin videregående skole;3,5;16
2;3;MAT1023;I;3;925607797;Matematikk 2P;Hele landet;Oslo;Vika videregående skole;3,3;27
2;3;MAT1023;I;3;971816317;Matematikk 2P;Hele landet;Oslo;Wang videregående Skole/ Wang Toppidrett;3,5;20
2;2;MAT1023;I;11;11;Matematikk 2P;Hele landet;Rogaland;Alle skoler;3,2;301
2;3;MAT1023;I;11;987546603;Matematikk 2P;Hele landet;Rogaland;Akademiet Sandnes;2,5;11
2;3;MAT1023;I;11;974624532;Matematikk 2P;Hele landet;Rogaland;Bergeland videregående skole;*;*
2;3;MAT1023;I;11;913385632;Matematikk 2P;Hele landet;Rogaland;Bryne vidaregåande skule;3,7;10
2;3;MAT1023;I;11;974624478;Matematikk 2P;Hele landet;Rogaland;Dalane videregående skole;*;*
2;3;MAT1023;I;11;971816287;Matematikk 2P;Hele landet;Rogaland;Haugesund Toppidrettsgymnas AS;3,6;8
2;3;MAT1023;I;11;974624370;Matematikk 2P;Hele landet;Rogaland;Hetland videregående skole;3,3;40
2;3;MAT1023;I;11;974624389;Matematikk 2P;Hele landet;Rogaland;Kopervik videregående skole;3;21
2;3;MAT1023;I;11;874117722;Matematikk 2P;Hele landet;Rogaland;Lundeneset Vgs;*;*
2;3;MAT1023;I;11;874624772;Matematikk 2P;Hele landet;Rogaland;Møllehagen skolesenter grunnskole og videregående skole;*;*
2;3;MAT1023;I;11;913404793;Matematikk 2P;Hele landet;Rogaland;Norheim Vgs AS;3,3;9
2;3;MAT1023;I;11;974624664;Matematikk 2P;Hele landet;Rogaland;Randaberg videregående skole;1,8;9
2;3;MAT1023;I;11;974624397;Matematikk 2P;Hele landet;Rogaland;Sandnes videregående skole;3,6;25
2;3;MAT1023;I;11;874624632;Matematikk 2P;Hele landet;Rogaland;Sauda vidaregåande skule;3,8;6
2;3;MAT1023;I;11;974624362;Matematikk 2P;Hele landet;Rogaland;Skeisvang videregående skole;3,3;29
2;3;MAT1023;I;11;974624672;Matematikk 2P;Hele landet;Rogaland;Sola videregående skole;2,1;21
2;3;MAT1023;I;11;974624427;Matematikk 2P;Hele landet;Rogaland;St Svithun videregående skole;3;26
2;3;MAT1023;I;11;974624443;Matematikk 2P;Hele landet;Rogaland;St. Olav videregående skole;3,6;8
2;3;MAT1023;I;11;974624400;Matematikk 2P;Hele landet;Rogaland;Stavanger katedralskole;3,4;8
2;3;MAT1023;I;11;974624419;Matematikk 2P;Hele landet;Rogaland;Strand videregående skole;3,3;12
2;3;MAT1023;I;11;973157221;Matematikk 2P;Hele landet;Rogaland;Tryggheim vidaregåande skule;3,8;13
2;3;MAT1023;I;11;974624435;Matematikk 2P;Hele landet;Rogaland;Vardafjell videregående skole;3,1;12
2;3;MAT1023;I;11;988586102;Matematikk 2P;Hele landet;Rogaland;Wang Toppidrett Stavanger AS;*;*
2;2;MAT1023;I;40;40;Matematikk 2P;Hele landet;Telemark;Alle skoler;2,7;112
2;3;MAT1023;I;40;974568098;Matematikk 2P;Hele landet;Telemark;Bamble videregående skole;2,9;11
2;3;MAT1023;I;40;974567997;Matematikk 2P;Hele landet;Telemark;Bø vidaregåande skule;2,7;24
2;3;MAT1023;I;40;974568071;Matematikk 2P;Hele landet;Telemark;Hjalmar Johansen videregående skole;*;*
2;3;MAT1023;I;40;974568004;Matematikk 2P;Hele landet;Telemark;Kragerø videregående skole;4;6
2;3;MAT1023;I;40;974085062;Matematikk 2P;Hele landet;Telemark;Kvitsund gymnas;*;*
2;3;MAT1023;I;40;974568020;Matematikk 2P;Hele landet;Telemark;Porsgrunn videregående skole;2,4;21
2;3;MAT1023;I;40;874568082;Matematikk 2P;Hele landet;Telemark;Rjukan videregående skole;*;*
2;3;MAT1023;I;40;974568039;Matematikk 2P;Hele landet;Telemark;Skien videregående skole;2,8;42
2;3;MAT1023;I;40;974568055;Matematikk 2P;Hele landet;Telemark;Vest-Telemark vidaregåande skule;*;*
2;2;MAT1023;I;55;55;Matematikk 2P;Hele landet;Troms - Romsa - Tromssa ;Alle skoler;3;172
2;3;MAT1023;I;55;974546817;Matematikk 2P;Hele landet;Troms - Romsa - Tromssa ;Bardufoss videregående skole;2,3;10
2;3;MAT1023;I;55;974546892;Matematikk 2P;Hele landet;Troms - Romsa - Tromssa ;Breivang videregående skole;*;*
2;3;MAT1023;I;55;974546671;Matematikk 2P;Hele landet;Troms - Romsa - Tromssa ;Heggen videregående skole;2,7;37
2;3;MAT1023;I;55;974546744;Matematikk 2P;Hele landet;Troms - Romsa - Tromssa ;Kongsbakken videregående skole;3,3;44
2;3;MAT1023;I;55;974546906;Matematikk 2P;Hele landet;Troms - Romsa - Tromssa ;Kvaløya videregående skole;*;*
2;3;MAT1023;I;55;929440706;Matematikk 2P;Hele landet;Troms - Romsa - Tromssa ;Longyearbyen skole Videregående Avdeling;*;*
2;3;MAT1023;I;55;974546922;Matematikk 2P;Hele landet;Troms - Romsa - Tromssa ;Nordkjosbotn videregående skole;2,6;7
2;3;MAT1023;I;55;974546957;Matematikk 2P;Hele landet;Troms - Romsa - Tromssa ;Nord-Troms videregående skole avd Nordreisa;2,6;8
2;3;MAT1023;I;55;991575731;Matematikk 2P;Hele landet;Troms - Romsa - Tromssa ;Norges Toppidrettsgymnas Tromsø AS;*;*
2;3;MAT1023;I;55;974546698;Matematikk 2P;Hele landet;Troms - Romsa - Tromssa ;Senja videregående skole avd Finnfjordbotn;*;*
2;3;MAT1023;I;55;974546760;Matematikk 2P;Hele landet;Troms - Romsa - Tromssa ;Stangnes Rå videregående skole avd Stangnes;2,6;10
2;3;MAT1023;I;55;974546868;Matematikk 2P;Hele landet;Troms - Romsa - Tromssa ;Tromsdalen videregående skole;3,1;17
2;2;MAT1023;I;50;50;Matematikk 2P;Hele landet;Trøndelag - Trööndelage;Alle skoler;3,2;423
2;3;MAT1023;I;50;971816279;Matematikk 2P;Hele landet;Trøndelag - Trööndelage;Bybroen videregående skole AS;*;*
2;3;MAT1023;I;50;984477112;Matematikk 2P;Hele landet;Trøndelag - Trööndelage;Byåsen videregående skole;2,9;41
2;3;MAT1023;I;50;996772772;Matematikk 2P;Hele landet;Trøndelag - Trööndelage;Charlottenlund videregående skole;3;55
2;3;MAT1023;I;50;926694022;Matematikk 2P;Hele landet;Trøndelag - Trööndelage;Cissi Klein videregående skole;3,8;9
2;3;MAT1023;I;50;974557975;Matematikk 2P;Hele landet;Trøndelag - Trööndelage;Fosen videregående skole;*;*
2;3;MAT1023;I;50;974557983;Matematikk 2P;Hele landet;Trøndelag - Trööndelage;Gauldal videregående skole;*;*
2;3;MAT1023;I;50;974557991;Matematikk 2P;Hele landet;Trøndelag - Trööndelage;Heimdal videregående skole;3,6;37
2;3;MAT1023;I;50;974560798;Matematikk 2P;Hele landet;Trøndelag - Trööndelage;Inderøy videregående skole;3,4;12
2;3;MAT1023;I;50;974149699;Matematikk 2P;Hele landet;Trøndelag - Trööndelage;Kristen videregående skole Trøndelag;*;*
2;3;MAT1023;I;50;974560704;Matematikk 2P;Hele landet;Trøndelag - Trööndelage;Levanger videregående skole;3,7;19
2;3;MAT1023;I;50;974558378;Matematikk 2P;Hele landet;Trøndelag - Trööndelage;Malvik videregående skole;3;48
2;3;MAT1023;I;50;874558362;Matematikk 2P;Hele landet;Trøndelag - Trööndelage;Melhus videregående skole;2,6;9
2;3;MAT1023;I;50;874560782;Matematikk 2P;Hele landet;Trøndelag - Trööndelage;Mære landbruksskole;*;*
2;3;MAT1023;I;50;974560720;Matematikk 2P;Hele landet;Trøndelag - Trööndelage;Ole Vig videregående skole;2,9;12
2;3;MAT1023;I;50;974557967;Matematikk 2P;Hele landet;Trøndelag - Trööndelage;Orkdal vidaregåande skole;3,1;25
2;3;MAT1023;I;50;932343150;Matematikk 2P;Hele landet;Trøndelag - Trööndelage;Sommerschild skole;*;*
2;3;MAT1023;I;50;974560690;Matematikk 2P;Hele landet;Trøndelag - Trööndelage;Steinkjer videregående skole;2,5;6
2;3;MAT1023;I;50;996772810;Matematikk 2P;Hele landet;Trøndelag - Trööndelage;Strinda videregående skole;3,2;28
2;3;MAT1023;I;50;995415372;Matematikk 2P;Hele landet;Trøndelag - Trööndelage;Thora Storm videregående skole;4,8;20
2;3;MAT1023;I;50;974558386;Matematikk 2P;Hele landet;Trøndelag - Trööndelage;Tiller videregående skole;2,6;14
2;3;MAT1023;I;50;974557908;Matematikk 2P;Hele landet;Trøndelag - Trööndelage;Trondheim katedralskole;3,5;40
2;3;MAT1023;I;50;974560747;Matematikk 2P;Hele landet;Trøndelag - Trööndelage;Verdal videregående skole;*;*
2;3;MAT1023;I;50;974560739;Matematikk 2P;Hele landet;Trøndelag - Trööndelage;Ytre Namdal videregående skole;2,3;6
2;2;MAT1023;I;39;39;Matematikk 2P;Hele landet;Vestfold;Alle skoler;3;305
2;3;MAT1023;I;39;974575086;Matematikk 2P;Hele landet;Vestfold;Færder videregående skole;*;*
2;3;MAT1023;I;39;974574993;Matematikk 2P;Hele landet;Vestfold;Greveskogen videregående skole;2,8;46
2;3;MAT1023;I;39;874575062;Matematikk 2P;Hele landet;Vestfold;Holmestrand videregående skole;*;*
2;3;MAT1023;I;39;923261354;Matematikk 2P;Hele landet;Vestfold;Horten videregående skole;3,1;32
2;3;MAT1023;I;39;974575051;Matematikk 2P;Hele landet;Vestfold;Melsom videregående skole;*;*
2;3;MAT1023;I;39;974575000;Matematikk 2P;Hele landet;Vestfold;Nøtterøy videregående skole;3,5;23
2;3;MAT1023;I;39;874575232;Matematikk 2P;Hele landet;Vestfold;Re videregående skole;3,5;39
2;3;MAT1023;I;39;974575116;Matematikk 2P;Hele landet;Vestfold;Sande videregående skole;3,3;18
2;3;MAT1023;I;39;974575019;Matematikk 2P;Hele landet;Vestfold;Sandefjord videregående skole;3;82
2;3;MAT1023;I;39;974575027;Matematikk 2P;Hele landet;Vestfold;Thor Heyerdahl videregående skole;2,8;47
2;3;MAT1023;I;39;995354071;Matematikk 2P;Hele landet;Vestfold;Wang Tønsberg AS;3,7;7
2;2;MAT1023;I;46;46;Matematikk 2P;Hele landet;Vestland;Alle skoler;3;552
2;3;MAT1023;I;46;999546560;Matematikk 2P;Hele landet;Vestland;Amalie Skram videregående skole;5;8
2;3;MAT1023;I;46;974557444;Matematikk 2P;Hele landet;Vestland;Arna vidaregåande skule;*;*
2;3;MAT1023;I;46;974557533;Matematikk 2P;Hele landet;Vestland;Askøy videregående skole;2,6;11
2;3;MAT1023;I;46;874557102;Matematikk 2P;Hele landet;Vestland;Bergen katedralskole;3,7;29
2;3;MAT1023;I;46;988602671;Matematikk 2P;Hele landet;Vestland;Bergen private gymnas AS;2,5;38
2;3;MAT1023;I;46;974557126;Matematikk 2P;Hele landet;Vestland;Bømlo vidaregåande skule;*;*
2;3;MAT1023;I;46;873159642;Matematikk 2P;Hele landet;Vestland;Danielsen videregående skole;4,1;7
2;3;MAT1023;I;46;874571172;Matematikk 2P;Hele landet;Vestland;Eid vidaregåande skule;2,7;6
2;3;MAT1023;I;46;974571161;Matematikk 2P;Hele landet;Vestland;Firda vidaregåande skule;3,4;16
2;3;MAT1023;I;46;974571145;Matematikk 2P;Hele landet;Vestland;Flora vidaregåande skule;3;16
2;3;MAT1023;I;46;974117959;Matematikk 2P;Hele landet;Vestland;Framnes Kristne vidaregåande skule;3,9;20
2;3;MAT1023;I;46;974557584;Matematikk 2P;Hele landet;Vestland;Fyllingsdalen videregående skole;2,4;22
2;3;MAT1023;I;46;974571110;Matematikk 2P;Hele landet;Vestland;Førde vidaregåande skule;2,6;25
2;3;MAT1023;I;46;974557339;Matematikk 2P;Hele landet;Vestland;Knarvik vidaregåande skule;2,3;16
2;3;MAT1023;I;46;974117967;Matematikk 2P;Hele landet;Vestland;Kongshaug Musikkgymnas;3,7;19
2;3;MAT1023;I;46;974557282;Matematikk 2P;Hele landet;Vestland;Kvinnherad vidaregåande skule;2,7;14
2;3;MAT1023;I;46;974557096;Matematikk 2P;Hele landet;Vestland;Langhaugen videregående skole;3,9;25
2;3;MAT1023;I;46;985076308;Matematikk 2P;Hele landet;Vestland;Metis videregående AS;2,4;16
2;3;MAT1023;I;46;974571188;Matematikk 2P;Hele landet;Vestland;Måløy vidaregåande skule;*;*
2;3;MAT1023;I;46;993527084;Matematikk 2P;Hele landet;Vestland;Nordahl Grieg videregående skole;2,6;22
2;3;MAT1023;I;46;974557290;Matematikk 2P;Hele landet;Vestland;Odda vidaregåande skule;2,3;6
2;3;MAT1023;I;46;989630008;Matematikk 2P;Hele landet;Vestland;Olsvikåsen videregående skole;3;47
2;3;MAT1023;I;46;974557150;Matematikk 2P;Hele landet;Vestland;Osterøy vidaregåande skule;2,9;7
2;3;MAT1023;I;46;974557142;Matematikk 2P;Hele landet;Vestland;Sandsli videregående skole;2,9;11
2;3;MAT1023;I;46;974571056;Matematikk 2P;Hele landet;Vestland;Sogndal vidaregåande skule;2,9;16
2;3;MAT1023;I;46;974557568;Matematikk 2P;Hele landet;Vestland;Sotra vidaregåande skule;*;*
2;3;MAT1023;I;46;916794304;Matematikk 2P;Hele landet;Vestland;St. Paul gymnas;2,3;32
2;3;MAT1023;I;46;974557029;Matematikk 2P;Hele landet;Vestland;Stord vidaregåande skule;3,1;18
2;3;MAT1023;I;46;974571153;Matematikk 2P;Hele landet;Vestland;Stryn vidaregåande skule;*;*
2;3;MAT1023;I;46;974557061;Matematikk 2P;Hele landet;Vestland;Tertnes vidaregåande skule;2,8;59
2;3;MAT1023;I;46;816031982;Matematikk 2P;Hele landet;Vestland;Voss gymnas;2,9;12
2;3;MAT1023;I;46;974557487;Matematikk 2P;Hele landet;Vestland;Årstad videregående skole;3,2;6
2;3;MAT1023;I;46;974557479;Matematikk 2P;Hele landet;Vestland;Åsane vidaregåande skule;3,5;11
2;2;MAT1023;I;31;31;Matematikk 2P;Hele landet;Østfold;Alle skoler;2,7;297
2;3;MAT1023;I;31;988519480;Matematikk 2P;Hele landet;Østfold;Akademiet Fredrikstad AS Privat videregående skole;2,5;22
2;3;MAT1023;I;31;974544504;Matematikk 2P;Hele landet;Østfold;Askim videregående skole;2,5;45
2;3;MAT1023;I;31;974544466;Matematikk 2P;Hele landet;Østfold;Frederik Ii videregående skole;2,6;58
2;3;MAT1023;I;31;974544482;Matematikk 2P;Hele landet;Østfold;Glemmen videregående skole;2,7;21
2;3;MAT1023;I;31;974544490;Matematikk 2P;Hele landet;Østfold;Greåker videregående skole;*;*
2;3;MAT1023;I;31;974544563;Matematikk 2P;Hele landet;Østfold;Halden videregående skole;2,6;19
2;3;MAT1023;I;31;974544520;Matematikk 2P;Hele landet;Østfold;Kalnes videregående skole;*;*
2;3;MAT1023;I;31;974544539;Matematikk 2P;Hele landet;Østfold;Kirkeparken videregående skole;3,5;30
2;3;MAT1023;I;31;974544547;Matematikk 2P;Hele landet;Østfold;Malakoff videregående skole;1,4;14
2;3;MAT1023;I;31;974544512;Matematikk 2P;Hele landet;Østfold;Mysen videregående skole;3,1;20
2;3;MAT1023;I;31;874544582;Matematikk 2P;Hele landet;Østfold;St. Olav videregående skole;2,7;29
2;3;MAT1023;I;31;986779795;Matematikk 2P;Hele landet;Østfold;Wang Fredrikstad AS;4,1;15
2;1;MAT1023;U;0;U;Matematikk 2P;Utlandet;Alle fylker;Alle skoler;3,3;23
2;2;MAT1023;U;25;25;Matematikk 2P;Utlandet;Utlandet;Alle skoler;3,3;23
2;3;MAT1023;U;25;U90099009;Matematikk 2P;Utlandet;Utlandet;Den norske skole - Costa Blanca;3,2;10
2;3;MAT1023;U;25;U90099017;Matematikk 2P;Utlandet;Utlandet;Den norske skole - Gran Canaria;3,4;13
2;0;MAT1111;Alle;0;Alle;Matematikk 1P-Y BA;Hele landet;Alle fylker;Alle skoler;2,6;130
2;1;MAT1111;I;0;I;Matematikk 1P-Y BA;Hele landet;Alle fylker;Alle skoler;2,6;130
2;2;MAT1111;I;42;42;Matematikk 1P-Y BA;Hele landet;Agder;Alle skoler;2,2;12
2;3;MAT1111;I;42;974573814;Matematikk 1P-Y BA;Hele landet;Agder;Sam Eyde videregående skole;2,2;12
2;2;MAT1111;I;56;56;Matematikk 1P-Y BA;Hele landet;Finnmark - Finnmárku - Finmarkku;Alle skoler;2,9;7
2;3;MAT1111;I;56;974760061;Matematikk 1P-Y BA;Hele landet;Finnmark - Finnmárku - Finmarkku;Samisk videregående skole Karasjok;2,9;7
2;2;MAT1111;I;34;34;Matematikk 1P-Y BA;Hele landet;Innlandet;Alle skoler;*;*
2;3;MAT1111;I;34;970963847;Matematikk 1P-Y BA;Hele landet;Innlandet;Nord-Østerdal videregående skole;*;*
2;3;MAT1111;I;34;974597373;Matematikk 1P-Y BA;Hele landet;Innlandet;Raufoss videregående skole avd Dokka;*;*
2;3;MAT1111;I;34;974597233;Matematikk 1P-Y BA;Hele landet;Innlandet;Vinstra vidaregåande skule;*;*
2;2;MAT1111;I;18;18;Matematikk 1P-Y BA;Hele landet;Nordland - Nordlánnda;Alle skoler;2,3;25
2;3;MAT1111;I;18;974621304;Matematikk 1P-Y BA;Hele landet;Nordland - Nordlánnda;Polarsirkelen videregående skole;2,3;25
2;2;MAT1111;I;11;11;Matematikk 1P-Y BA;Hele landet;Rogaland;Alle skoler;2,6;22
2;3;MAT1111;I;11;913385632;Matematikk 1P-Y BA;Hele landet;Rogaland;Bryne vidaregåande skule;1,8;12
2;3;MAT1111;I;11;916612095;Matematikk 1P-Y BA;Hele landet;Rogaland;Hauge videregående skole;*;*
2;3;MAT1111;I;11;973157221;Matematikk 1P-Y BA;Hele landet;Rogaland;Tryggheim vidaregåande skule;*;*
2;2;MAT1111;I;40;40;Matematikk 1P-Y BA;Hele landet;Telemark;Alle skoler;1,9;8
2;3;MAT1111;I;40;974568152;Matematikk 1P-Y BA;Hele landet;Telemark;Skogmo videregående skole;1,9;8
2;2;MAT1111;I;55;55;Matematikk 1P-Y BA;Hele landet;Troms - Romsa - Tromssa ;Alle skoler;*;*
2;3;MAT1111;I;55;974546906;Matematikk 1P-Y BA;Hele landet;Troms - Romsa - Tromssa ;Kvaløya videregående skole;*;*
2;2;MAT1111;I;50;50;Matematikk 1P-Y BA;Hele landet;Trøndelag - Trööndelage;Alle skoler;2,9;15
2;3;MAT1111;I;50;996772772;Matematikk 1P-Y BA;Hele landet;Trøndelag - Trööndelage;Charlottenlund videregående skole;*;*
2;3;MAT1111;I;50;974560747;Matematikk 1P-Y BA;Hele landet;Trøndelag - Trööndelage;Verdal videregående skole;*;*
2;2;MAT1111;I;39;39;Matematikk 1P-Y BA;Hele landet;Vestfold;Alle skoler;2;6
2;3;MAT1111;I;39;874575232;Matematikk 1P-Y BA;Hele landet;Vestfold;Re videregående skole;2;6
2;2;MAT1111;I;46;46;Matematikk 1P-Y BA;Hele landet;Vestland;Alle skoler;2,7;11
2;3;MAT1111;I;46;974557029;Matematikk 1P-Y BA;Hele landet;Vestland;Stord vidaregåande skule;*;*
2;3;MAT1111;I;46;974557479;Matematikk 1P-Y BA;Hele landet;Vestland;Åsane vidaregåande skule;*;*
2;2;MAT1111;I;31;31;Matematikk 1P-Y BA;Hele landet;Østfold;Alle skoler;2,2;13
2;3;MAT1111;I;31;874544442;Matematikk 1P-Y BA;Hele landet;Østfold;Borg videregående skole;*;*
2;3;MAT1111;I;31;974544547;Matematikk 1P-Y BA;Hele landet;Østfold;Malakoff videregående skole;*;*
2;0;MAT1113;Alle;0;Alle;Matematikk 1P-Y EL;Hele landet;Alle fylker;Alle skoler;3,6;329
2;1;MAT1113;I;0;I;Matematikk 1P-Y EL;Hele landet;Alle fylker;Alle skoler;3,6;329
2;2;MAT1113;I;42;42;Matematikk 1P-Y EL;Hele landet;Agder;Alle skoler;4,4;49
2;3;MAT1113;I;42;974573881;Matematikk 1P-Y EL;Hele landet;Agder;Dahlske videregående skole;4,3;15
2;3;MAT1113;I;42;874595012;Matematikk 1P-Y EL;Hele landet;Agder;Eilert Sundt videregående skole Studiested Farsund;4,7;7
2;3;MAT1113;I;42;974595117;Matematikk 1P-Y EL;Hele landet;Agder;Kvadraturen videregående skole;4,4;16
2;3;MAT1113;I;42;974595044;Matematikk 1P-Y EL;Hele landet;Agder;Vennesla videregående skole;4,3;11
2;2;MAT1113;I;32;32;Matematikk 1P-Y EL;Hele landet;Akershus;Alle skoler;3,4;18
2;3;MAT1113;I;32;974605953;Matematikk 1P-Y EL;Hele landet;Akershus;Røyken videregående skole;*;*
2;3;MAT1113;I;32;974587858;Matematikk 1P-Y EL;Hele landet;Akershus;Strømmen videregående skole;3,5;12
2;3;MAT1113;I;32;974587564;Matematikk 1P-Y EL;Hele landet;Akershus;Ås videregående skole;*;*
2;2;MAT1113;I;33;33;Matematikk 1P-Y EL;Hele landet;Buskerud;Alle skoler;*;*
2;3;MAT1113;I;33;974606216;Matematikk 1P-Y EL;Hele landet;Buskerud;Buskerud videregående skole;*;*
2;2;MAT1113;I;56;56;Matematikk 1P-Y EL;Hele landet;Finnmark - Finnmárku - Finmarkku;Alle skoler;*;*
2;3;MAT1113;I;56;974622718;Matematikk 1P-Y EL;Hele landet;Finnmark - Finnmárku - Finmarkku;Vadsø videregående skole;*;*
2;2;MAT1113;I;34;34;Matematikk 1P-Y EL;Hele landet;Innlandet;Alle skoler;3,4;40
2;3;MAT1113;I;34;974571900;Matematikk 1P-Y EL;Hele landet;Innlandet;Elverum videregående skole;3,9;16
2;3;MAT1113;I;34;974597241;Matematikk 1P-Y EL;Hele landet;Innlandet;Lillehammer videregående skole avd Nord;3,3;13
2;3;MAT1113;I;34;974571897;Matematikk 1P-Y EL;Hele landet;Innlandet;Ringsaker videregående skole;*;*
2;3;MAT1113;I;34;974571943;Matematikk 1P-Y EL;Hele landet;Innlandet;Sentrum videregående skole;*;*
2;2;MAT1113;I;15;15;Matematikk 1P-Y EL;Hele landet;Møre og Romsdal;Alle skoler;3,1;30
2;3;MAT1113;I;15;974576716;Matematikk 1P-Y EL;Hele landet;Møre og Romsdal;Haram vidaregåande skule;3,4;7
2;3;MAT1113;I;15;974576597;Matematikk 1P-Y EL;Hele landet;Møre og Romsdal;Ørsta vidaregåande skule;3;23
2;2;MAT1113;I;18;18;Matematikk 1P-Y EL;Hele landet;Nordland - Nordlánnda;Alle skoler;3,5;16
2;3;MAT1113;I;18;974041707;Matematikk 1P-Y EL;Hele landet;Nordland - Nordlánnda;Narvik videregående skole;3,9;8
2;3;MAT1113;I;18;974621274;Matematikk 1P-Y EL;Hele landet;Nordland - Nordlánnda;Saltdal videregående skole;3,1;8
2;2;MAT1113;I;3;3;Matematikk 1P-Y EL;Hele landet;Oslo;Alle skoler;1,8;12
2;3;MAT1113;I;3;990574898;Matematikk 1P-Y EL;Hele landet;Oslo;Bjørnholt videregående skole;*;*
2;3;MAT1113;I;3;974591022;Matematikk 1P-Y EL;Hele landet;Oslo;Etterstad videregående skole;*;*
2;2;MAT1113;I;11;11;Matematikk 1P-Y EL;Hele landet;Rogaland;Alle skoler;3;29
2;3;MAT1113;I;11;974624478;Matematikk 1P-Y EL;Hele landet;Rogaland;Dalane videregående skole;3;7
2;3;MAT1113;I;11;874624632;Matematikk 1P-Y EL;Hele landet;Rogaland;Sauda vidaregåande skule;3,1;7
2;3;MAT1113;I;11;974624672;Matematikk 1P-Y EL;Hele landet;Rogaland;Sola videregående skole;2,9;15
2;2;MAT1113;I;40;40;Matematikk 1P-Y EL;Hele landet;Telemark;Alle skoler;3,4;11
2;3;MAT1113;I;40;974568012;Matematikk 1P-Y EL;Hele landet;Telemark;Notodden videregående skole;3,4;11
2;2;MAT1113;I;55;55;Matematikk 1P-Y EL;Hele landet;Troms - Romsa - Tromssa ;Alle skoler;3,5;17
2;3;MAT1113;I;55;974546817;Matematikk 1P-Y EL;Hele landet;Troms - Romsa - Tromssa ;Bardufoss videregående skole;3,5;17
2;2;MAT1113;I;50;50;Matematikk 1P-Y EL;Hele landet;Trøndelag - Trööndelage;Alle skoler;4,2;25
2;3;MAT1113;I;50;929188829;Matematikk 1P-Y EL;Hele landet;Trøndelag - Trööndelage;Johan Bojer videregående skole;3,9;12
2;3;MAT1113;I;50;974560712;Matematikk 1P-Y EL;Hele landet;Trøndelag - Trööndelage;Olav Duun videregående skole;4,4;13
2;2;MAT1113;I;39;39;Matematikk 1P-Y EL;Hele landet;Vestfold;Alle skoler;4,2;11
2;3;MAT1113;I;39;974575019;Matematikk 1P-Y EL;Hele landet;Vestfold;Sandefjord videregående skole;4,2;11
2;2;MAT1113;I;46;46;Matematikk 1P-Y EL;Hele landet;Vestland;Alle skoler;3,9;38
2;3;MAT1113;I;46;974557126;Matematikk 1P-Y EL;Hele landet;Vestland;Bømlo vidaregåande skule;3,1;7
2;3;MAT1113;I;46;874571172;Matematikk 1P-Y EL;Hele landet;Vestland;Eid vidaregåande skule;*;*
2;3;MAT1113;I;46;974557045;Matematikk 1P-Y EL;Hele landet;Vestland;Kvam vidaregåande skule;*;*
2;3;MAT1113;I;46;974557282;Matematikk 1P-Y EL;Hele landet;Vestland;Kvinnherad vidaregåande skule;4,3;7
2;3;MAT1113;I;46;974557029;Matematikk 1P-Y EL;Hele landet;Vestland;Stord vidaregåande skule;3,5;8
2;3;MAT1113;I;46;874571032;Matematikk 1P-Y EL;Hele landet;Vestland;Årdal vidaregåande skule;4,4;9
2;2;MAT1113;I;31;31;Matematikk 1P-Y EL;Hele landet;Østfold;Alle skoler;3,5;22
2;3;MAT1113;I;31;974544482;Matematikk 1P-Y EL;Hele landet;Østfold;Glemmen videregående skole;3,7;12
2;3;MAT1113;I;31;974544547;Matematikk 1P-Y EL;Hele landet;Østfold;Malakoff videregående skole;3,2;10
2;0;MAT1115;Alle;0;Alle;Matematikk 1P-Y FD;Hele landet;Alle fylker;Alle skoler;2,1;21
2;1;MAT1115;I;0;I;Matematikk 1P-Y FD;Hele landet;Alle fylker;Alle skoler;2,1;21
2;2;MAT1115;I;32;32;Matematikk 1P-Y FD;Hele landet;Akershus;Alle skoler;2,4;13
2;3;MAT1115;I;32;974587610;Matematikk 1P-Y FD;Hele landet;Akershus;Lørenskog videregående skole;*;*
2;3;MAT1115;I;32;974587564;Matematikk 1P-Y FD;Hele landet;Akershus;Ås videregående skole;*;*
2;2;MAT1115;I;3;3;Matematikk 1P-Y FD;Hele landet;Oslo;Alle skoler;*;*
2;3;MAT1115;I;3;912001709;Matematikk 1P-Y FD;Hele landet;Oslo;Edvard Munch videregående skole;*;*
2;2;MAT1115;I;31;31;Matematikk 1P-Y FD;Hele landet;Østfold;Alle skoler;*;*
2;3;MAT1115;I;31;974158876;Matematikk 1P-Y FD;Hele landet;Østfold;Seiersborg videregående skole Fredrikstad AS;*;*
2;0;MAT1117;Alle;0;Alle;Matematikk 1P-Y HS;Hele landet;Alle fylker;Alle skoler;2,8;376
2;1;MAT1117;I;0;I;Matematikk 1P-Y HS;Hele landet;Alle fylker;Alle skoler;2,8;376
2;2;MAT1117;I;42;42;Matematikk 1P-Y HS;Hele landet;Agder;Alle skoler;3,7;7
2;3;MAT1117;I;42;974595117;Matematikk 1P-Y HS;Hele landet;Agder;Kvadraturen videregående skole;3,7;7
2;2;MAT1117;I;32;32;Matematikk 1P-Y HS;Hele landet;Akershus;Alle skoler;2,4;61
2;3;MAT1117;I;32;974587882;Matematikk 1P-Y HS;Hele landet;Akershus;Drømtorp videregående skole;*;*
2;3;MAT1117;I;32;974587645;Matematikk 1P-Y HS;Hele landet;Akershus;Jessheim videregående skole;*;*
2;3;MAT1117;I;32;991815325;Matematikk 1P-Y HS;Hele landet;Akershus;Mailand videregående skole;*;*
2;3;MAT1117;I;32;988084948;Matematikk 1P-Y HS;Hele landet;Akershus;Nannestad videregående skole;2,8;6
2;3;MAT1117;I;32;974587866;Matematikk 1P-Y HS;Hele landet;Akershus;Rosenvilde videregående skole;*;*
2;3;MAT1117;I;32;974587823;Matematikk 1P-Y HS;Hele landet;Akershus;Rud videregående skole;2,2;15
2;3;MAT1117;I;32;988835064;Matematikk 1P-Y HS;Hele landet;Akershus;Sandvika videregående skole;*;*
2;3;MAT1117;I;32;924422459;Matematikk 1P-Y HS;Hele landet;Akershus;Seiersborg videregående skole Follo AS;*;*
2;3;MAT1117;I;32;974587858;Matematikk 1P-Y HS;Hele landet;Akershus;Strømmen videregående skole;2;22
2;2;MAT1117;I;33;33;Matematikk 1P-Y HS;Hele landet;Buskerud;Alle skoler;2,3;13
2;3;MAT1117;I;33;986737162;Matematikk 1P-Y HS;Hele landet;Buskerud;Briskeby videregående skole AS;*;*
2;3;MAT1117;I;33;973255754;Matematikk 1P-Y HS;Hele landet;Buskerud;Tyrifjord videregående skole;*;*
2;3;MAT1117;I;33;974605937;Matematikk 1P-Y HS;Hele landet;Buskerud;Åssiden videregående skole;*;*
2;2;MAT1117;I;56;56;Matematikk 1P-Y HS;Hele landet;Finnmark - Finnmárku - Finmarkku;Alle skoler;2,5;6
2;3;MAT1117;I;56;974622726;Matematikk 1P-Y HS;Hele landet;Finnmark - Finnmárku - Finmarkku;Kirkenes videregående skole;*;*
2;3;MAT1117;I;56;974622718;Matematikk 1P-Y HS;Hele landet;Finnmark - Finnmárku - Finmarkku;Vadsø videregående skole;*;*
2;2;MAT1117;I;34;34;Matematikk 1P-Y HS;Hele landet;Innlandet;Alle skoler;2,7;31
2;3;MAT1117;I;34;974597284;Matematikk 1P-Y HS;Hele landet;Innlandet;Gjøvik videregående skole;*;*
2;3;MAT1117;I;34;970963847;Matematikk 1P-Y HS;Hele landet;Innlandet;Nord-Østerdal videregående skole;*;*
2;3;MAT1117;I;34;974597373;Matematikk 1P-Y HS;Hele landet;Innlandet;Raufoss videregående skole avd Dokka;*;*
2;3;MAT1117;I;34;974571897;Matematikk 1P-Y HS;Hele landet;Innlandet;Ringsaker videregående skole;3;6
2;3;MAT1117;I;34;974571943;Matematikk 1P-Y HS;Hele landet;Innlandet;Sentrum videregående skole;2,7;7
2;3;MAT1117;I;34;974571935;Matematikk 1P-Y HS;Hele landet;Innlandet;Storhamar videregående skole;2,1;10
2;2;MAT1117;I;18;18;Matematikk 1P-Y HS;Hele landet;Nordland - Nordlánnda;Alle skoler;2,2;18
2;3;MAT1117;I;18;974621223;Matematikk 1P-Y HS;Hele landet;Nordland - Nordlánnda;Bodø videregående skole;*;*
2;3;MAT1117;I;18;974621193;Matematikk 1P-Y HS;Hele landet;Nordland - Nordlánnda;Meløy videregående skole;2;9
2;3;MAT1117;I;18;974621304;Matematikk 1P-Y HS;Hele landet;Nordland - Nordlánnda;Polarsirkelen videregående skole;*;*
2;2;MAT1117;I;3;3;Matematikk 1P-Y HS;Hele landet;Oslo;Alle skoler;*;*
2;3;MAT1117;I;3;996216454;Matematikk 1P-Y HS;Hele landet;Oslo;Nydalen videregående skole;*;*
2;3;MAT1117;I;3;974591065;Matematikk 1P-Y HS;Hele landet;Oslo;Stovner videregående skole;*;*
2;2;MAT1117;I;11;11;Matematikk 1P-Y HS;Hele landet;Rogaland;Alle skoler;3,3;48
2;3;MAT1117;I;11;913385632;Matematikk 1P-Y HS;Hele landet;Rogaland;Bryne vidaregåande skule;2,9;13
2;3;MAT1117;I;11;974624516;Matematikk 1P-Y HS;Hele landet;Rogaland;Gand videregående skole;2,4;14
2;3;MAT1117;I;11;974624591;Matematikk 1P-Y HS;Hele landet;Rogaland;Karmsund videregående skole;4,1;15
2;3;MAT1117;I;11;973157221;Matematikk 1P-Y HS;Hele landet;Rogaland;Tryggheim vidaregåande skule;4,2;6
2;2;MAT1117;I;40;40;Matematikk 1P-Y HS;Hele landet;Telemark;Alle skoler;2,9;27
2;3;MAT1117;I;40;974568098;Matematikk 1P-Y HS;Hele landet;Telemark;Bamble videregående skole;*;*
2;3;MAT1117;I;40;974568187;Matematikk 1P-Y HS;Hele landet;Telemark;Nome videregående skole avd Søve;2,5;16
2;3;MAT1117;I;40;974568152;Matematikk 1P-Y HS;Hele landet;Telemark;Skogmo videregående skole;*;*
2;2;MAT1117;I;55;55;Matematikk 1P-Y HS;Hele landet;Troms - Romsa - Tromssa ;Alle skoler;*;*
2;3;MAT1117;I;55;915553354;Matematikk 1P-Y HS;Hele landet;Troms - Romsa - Tromssa ;Ishavsbyen videregående skole;2,7;6
2;3;MAT1117;I;55;974546809;Matematikk 1P-Y HS;Hele landet;Troms - Romsa - Tromssa ;Sjøvegan videregående skole;*;*
2;2;MAT1117;I;50;50;Matematikk 1P-Y HS;Hele landet;Trøndelag - Trööndelage;Alle skoler;3,2;39
2;3;MAT1117;I;50;974558017;Matematikk 1P-Y HS;Hele landet;Trøndelag - Trööndelage;Guri Kunna videregående skole avd Hitra;*;*
2;3;MAT1117;I;50;974557991;Matematikk 1P-Y HS;Hele landet;Trøndelag - Trööndelage;Heimdal videregående skole;3,3;9
2;3;MAT1117;I;50;974560720;Matematikk 1P-Y HS;Hele landet;Trøndelag - Trööndelage;Ole Vig videregående skole;3,1;8
2;3;MAT1117;I;50;974557967;Matematikk 1P-Y HS;Hele landet;Trøndelag - Trööndelage;Orkdal vidaregåande skole;*;*
2;3;MAT1117;I;50;974560690;Matematikk 1P-Y HS;Hele landet;Trøndelag - Trööndelage;Steinkjer videregående skole;3,6;12
2;3;MAT1117;I;50;995415372;Matematikk 1P-Y HS;Hele landet;Trøndelag - Trööndelage;Thora Storm videregående skole;*;*
2;3;MAT1117;I;50;974560747;Matematikk 1P-Y HS;Hele landet;Trøndelag - Trööndelage;Verdal videregående skole;*;*
2;2;MAT1117;I;39;39;Matematikk 1P-Y HS;Hele landet;Vestfold;Alle skoler;2,5;31
2;3;MAT1117;I;39;923261354;Matematikk 1P-Y HS;Hele landet;Vestfold;Horten videregående skole;*;*
2;3;MAT1117;I;39;874575232;Matematikk 1P-Y HS;Hele landet;Vestfold;Re videregående skole;3,1;15
2;3;MAT1117;I;39;974575116;Matematikk 1P-Y HS;Hele landet;Vestfold;Sande videregående skole;*;*
2;2;MAT1117;I;46;46;Matematikk 1P-Y HS;Hele landet;Vestland;Alle skoler;3;49
2;3;MAT1117;I;46;974557126;Matematikk 1P-Y HS;Hele landet;Vestland;Bømlo vidaregåande skule;*;*
2;3;MAT1117;I;46;974571137;Matematikk 1P-Y HS;Hele landet;Vestland;Dale vidaregåande skule;*;*
2;3;MAT1117;I;46;974571145;Matematikk 1P-Y HS;Hele landet;Vestland;Flora vidaregåande skule;2,9;14
2;3;MAT1117;I;46;974557584;Matematikk 1P-Y HS;Hele landet;Vestland;Fyllingsdalen videregående skole;*;*
2;3;MAT1117;I;46;974557045;Matematikk 1P-Y HS;Hele landet;Vestland;Kvam vidaregåande skule;*;*
2;3;MAT1117;I;46;993527084;Matematikk 1P-Y HS;Hele landet;Vestland;Nordahl Grieg videregående skole;*;*
2;3;MAT1117;I;46;974571056;Matematikk 1P-Y HS;Hele landet;Vestland;Sogndal vidaregåande skule;3,1;14
2;3;MAT1117;I;46;974557487;Matematikk 1P-Y HS;Hele landet;Vestland;Årstad videregående skole;*;*
2;2;MAT1117;I;31;31;Matematikk 1P-Y HS;Hele landet;Østfold;Alle skoler;3,1;36
2;3;MAT1117;I;31;974544482;Matematikk 1P-Y HS;Hele landet;Østfold;Glemmen videregående skole;3,1;14
2;3;MAT1117;I;31;974544563;Matematikk 1P-Y HS;Hele landet;Østfold;Halden videregående skole;4;11
2;3;MAT1117;I;31;974544547;Matematikk 1P-Y HS;Hele landet;Østfold;Malakoff videregående skole;2,1;11
2;0;MAT1121;Alle;0;Alle;Matematikk 1P-Y IM;Hele landet;Alle fylker;Alle skoler;3,3;58
2;1;MAT1121;I;0;I;Matematikk 1P-Y IM;Hele landet;Alle fylker;Alle skoler;3,3;58
2;2;MAT1121;I;32;32;Matematikk 1P-Y IM;Hele landet;Akershus;Alle skoler;*;*
2;3;MAT1121;I;32;991815325;Matematikk 1P-Y IM;Hele landet;Akershus;Mailand videregående skole;*;*
2;2;MAT1121;I;34;34;Matematikk 1P-Y IM;Hele landet;Innlandet;Alle skoler;*;*
2;3;MAT1121;I;34;974597284;Matematikk 1P-Y IM;Hele landet;Innlandet;Gjøvik videregående skole;*;*
2;2;MAT1121;I;15;15;Matematikk 1P-Y IM;Hele landet;Møre og Romsdal;Alle skoler;3,8;6
2;3;MAT1121;I;15;984800746;Matematikk 1P-Y IM;Hele landet;Møre og Romsdal;Akademiet Vgs Ålesund AS;*;*
2;3;MAT1121;I;15;974576430;Matematikk 1P-Y IM;Hele landet;Møre og Romsdal;Ulstein vidaregåande skule;*;*
2;2;MAT1121;I;18;18;Matematikk 1P-Y IM;Hele landet;Nordland - Nordlánnda;Alle skoler;3,1;11
2;3;MAT1121;I;18;974621215;Matematikk 1P-Y IM;Hele landet;Nordland - Nordlánnda;Bodin videregående skole;3,1;11
2;2;MAT1121;I;11;11;Matematikk 1P-Y IM;Hele landet;Rogaland;Alle skoler;3,2;13
2;3;MAT1121;I;11;974624486;Matematikk 1P-Y IM;Hele landet;Rogaland;Haugaland videregående skole;3,2;13
2;2;MAT1121;I;55;55;Matematikk 1P-Y IM;Hele landet;Troms - Romsa - Tromssa ;Alle skoler;*;*
2;3;MAT1121;I;55;974546892;Matematikk 1P-Y IM;Hele landet;Troms - Romsa - Tromssa ;Breivang videregående skole;*;*
2;2;MAT1121;I;39;39;Matematikk 1P-Y IM;Hele landet;Vestfold;Alle skoler;3,5;13
2;3;MAT1121;I;39;974574993;Matematikk 1P-Y IM;Hele landet;Vestfold;Greveskogen videregående skole;3,6;7
2;3;MAT1121;I;39;974575019;Matematikk 1P-Y IM;Hele landet;Vestfold;Sandefjord videregående skole;3,3;6
2;2;MAT1121;I;31;31;Matematikk 1P-Y IM;Hele landet;Østfold;Alle skoler;*;*
2;3;MAT1121;I;31;974544539;Matematikk 1P-Y IM;Hele landet;Østfold;Kirkeparken videregående skole;*;*
2;0;MAT1123;Alle;0;Alle;Matematikk 1P-Y NA;Hele landet;Alle fylker;Alle skoler;3;63
2;1;MAT1123;I;0;I;Matematikk 1P-Y NA;Hele landet;Alle fylker;Alle skoler;3;63
2;2;MAT1123;I;56;56;Matematikk 1P-Y NA;Hele landet;Finnmark - Finnmárku - Finmarkku;Alle skoler;2,5;21
2;3;MAT1123;I;56;974622734;Matematikk 1P-Y NA;Hele landet;Finnmark - Finnmárku - Finmarkku;Nordkapp videregående skole;2,5;21
2;2;MAT1123;I;34;34;Matematikk 1P-Y NA;Hele landet;Innlandet;Alle skoler;*;*
2;3;MAT1123;I;34;974597322;Matematikk 1P-Y NA;Hele landet;Innlandet;Lena-Valle videregående skole avd Lena;*;*
2;2;MAT1123;I;15;15;Matematikk 1P-Y NA;Hele landet;Møre og Romsdal;Alle skoler;*;*
2;3;MAT1123;I;15;974576686;Matematikk 1P-Y NA;Hele landet;Møre og Romsdal;Stranda vidaregåande skule;*;*
2;2;MAT1123;I;18;18;Matematikk 1P-Y NA;Hele landet;Nordland - Nordlánnda;Alle skoler;3,1;7
2;3;MAT1123;I;18;924480831;Matematikk 1P-Y NA;Hele landet;Nordland - Nordlánnda;Havbruksakademiet Nord AS;3,1;7
2;2;MAT1123;I;3;3;Matematikk 1P-Y NA;Hele landet;Oslo;Alle skoler;*;*
2;3;MAT1123;I;3;974591065;Matematikk 1P-Y NA;Hele landet;Oslo;Stovner videregående skole;*;*
2;2;MAT1123;I;55;55;Matematikk 1P-Y NA;Hele landet;Troms - Romsa - Tromssa ;Alle skoler;*;*
2;3;MAT1123;I;55;974546957;Matematikk 1P-Y NA;Hele landet;Troms - Romsa - Tromssa ;Nord-Troms videregående skole avd Nordreisa;*;*
2;2;MAT1123;I;50;50;Matematikk 1P-Y NA;Hele landet;Trøndelag - Trööndelage;Alle skoler;3,4;21
2;3;MAT1123;I;50;974558076;Matematikk 1P-Y NA;Hele landet;Trøndelag - Trööndelage;Skjetlein videregående skole;3,4;21
2;2;MAT1123;I;39;39;Matematikk 1P-Y NA;Hele landet;Vestfold;Alle skoler;*;*
2;3;MAT1123;I;39;974575051;Matematikk 1P-Y NA;Hele landet;Vestfold;Melsom videregående skole;*;*
2;2;MAT1123;I;31;31;Matematikk 1P-Y NA;Hele landet;Østfold;Alle skoler;*;*
2;3;MAT1123;I;31;974544520;Matematikk 1P-Y NA;Hele landet;Østfold;Kalnes videregående skole;*;*
2;0;MAT1125;Alle;0;Alle;Matematikk 1P-Y RM;Hele landet;Alle fylker;Alle skoler;2,7;82
2;1;MAT1125;I;0;I;Matematikk 1P-Y RM;Hele landet;Alle fylker;Alle skoler;2,7;82
2;2;MAT1125;I;34;34;Matematikk 1P-Y RM;Hele landet;Innlandet;Alle skoler;*;*
2;3;MAT1125;I;34;874597252;Matematikk 1P-Y RM;Hele landet;Innlandet;Lillehammer videregående skole avd Sør;*;*
2;2;MAT1125;I;15;15;Matematikk 1P-Y RM;Hele landet;Møre og Romsdal;Alle skoler;3,5;10
2;3;MAT1125;I;15;974576589;Matematikk 1P-Y RM;Hele landet;Møre og Romsdal;Kristiansund videregående skole;*;*
2;3;MAT1125;I;15;974576562;Matematikk 1P-Y RM;Hele landet;Møre og Romsdal;Rauma videregående skole;*;*
2;2;MAT1125;I;18;18;Matematikk 1P-Y RM;Hele landet;Nordland - Nordlánnda;Alle skoler;2,8;29
2;3;MAT1125;I;18;974621401;Matematikk 1P-Y RM;Hele landet;Nordland - Nordlánnda;Brønnøysund videregående skole;3,2;9
2;3;MAT1125;I;18;974621037;Matematikk 1P-Y RM;Hele landet;Nordland - Nordlánnda;Hadsel videregående skole;2,5;11
2;3;MAT1125;I;18;974621169;Matematikk 1P-Y RM;Hele landet;Nordland - Nordlánnda;Vest-Lofoten videregående skole;2,6;9
2;2;MAT1125;I;3;3;Matematikk 1P-Y RM;Hele landet;Oslo;Alle skoler;*;*
2;3;MAT1125;I;3;974591022;Matematikk 1P-Y RM;Hele landet;Oslo;Etterstad videregående skole;*;*
2;2;MAT1125;I;11;11;Matematikk 1P-Y RM;Hele landet;Rogaland;Alle skoler;2,5;13
2;3;MAT1125;I;11;974624591;Matematikk 1P-Y RM;Hele landet;Rogaland;Karmsund videregående skole;2,5;13
2;2;MAT1125;I;55;55;Matematikk 1P-Y RM;Hele landet;Troms - Romsa - Tromssa ;Alle skoler;2,6;11
2;3;MAT1125;I;55;915553354;Matematikk 1P-Y RM;Hele landet;Troms - Romsa - Tromssa ;Ishavsbyen videregående skole;*;*
2;3;MAT1125;I;55;974546698;Matematikk 1P-Y RM;Hele landet;Troms - Romsa - Tromssa ;Senja videregående skole avd Finnfjordbotn;*;*
2;3;MAT1125;I;55;974546760;Matematikk 1P-Y RM;Hele landet;Troms - Romsa - Tromssa ;Stangnes Rå videregående skole avd Stangnes;*;*
2;2;MAT1125;I;50;50;Matematikk 1P-Y RM;Hele landet;Trøndelag - Trööndelage;Alle skoler;2,9;9
2;3;MAT1125;I;50;974560720;Matematikk 1P-Y RM;Hele landet;Trøndelag - Trööndelage;Ole Vig videregående skole;2,9;9
2;2;MAT1125;I;39;39;Matematikk 1P-Y RM;Hele landet;Vestfold;Alle skoler;*;*
2;3;MAT1125;I;39;974574993;Matematikk 1P-Y RM;Hele landet;Vestfold;Greveskogen videregående skole;*;*
2;0;MAT1127;Alle;0;Alle;Matematikk 1P-Y SR;Hele landet;Alle fylker;Alle skoler;2,5;136
2;1;MAT1127;I;0;I;Matematikk 1P-Y SR;Hele landet;Alle fylker;Alle skoler;2,5;136
2;2;MAT1127;I;42;42;Matematikk 1P-Y SR;Hele landet;Agder;Alle skoler;3,3;6
2;3;MAT1127;I;42;974573806;Matematikk 1P-Y SR;Hele landet;Agder;Risør videregående skole;3,3;6
2;2;MAT1127;I;32;32;Matematikk 1P-Y SR;Hele landet;Akershus;Alle skoler;2,5;34
2;3;MAT1127;I;32;974587602;Matematikk 1P-Y SR;Hele landet;Akershus;Bjørkelangen videregående skole;*;*
2;3;MAT1127;I;32;974587882;Matematikk 1P-Y SR;Hele landet;Akershus;Drømtorp videregående skole;2,7;9
2;3;MAT1127;I;32;974587645;Matematikk 1P-Y SR;Hele landet;Akershus;Jessheim videregående skole;*;*
2;3;MAT1127;I;32;991815325;Matematikk 1P-Y SR;Hele landet;Akershus;Mailand videregående skole;*;*
2;3;MAT1127;I;32;988084948;Matematikk 1P-Y SR;Hele landet;Akershus;Nannestad videregående skole;2,1;7
2;3;MAT1127;I;32;974587769;Matematikk 1P-Y SR;Hele landet;Akershus;Rælingen videregående skole;*;*
2;3;MAT1127;I;32;974587815;Matematikk 1P-Y SR;Hele landet;Akershus;Vestby videregående skole;2,3;7
2;2;MAT1127;I;33;33;Matematikk 1P-Y SR;Hele landet;Buskerud;Alle skoler;2,6;23
2;3;MAT1127;I;33;974606135;Matematikk 1P-Y SR;Hele landet;Buskerud;Lier videregående skole;*;*
2;3;MAT1127;I;33;974606208;Matematikk 1P-Y SR;Hele landet;Buskerud;Ringerike videregående skole;*;*
2;3;MAT1127;I;33;974605910;Matematikk 1P-Y SR;Hele landet;Buskerud;Ål vidaregåande skole avd Ål;2,4;13
2;2;MAT1127;I;56;56;Matematikk 1P-Y SR;Hele landet;Finnmark - Finnmárku - Finmarkku;Alle skoler;1,7;7
2;3;MAT1127;I;56;974622750;Matematikk 1P-Y SR;Hele landet;Finnmark - Finnmárku - Finmarkku;Alta videregående skole;1,7;7
2;2;MAT1127;I;34;34;Matematikk 1P-Y SR;Hele landet;Innlandet;Alle skoler;3,1;18
2;3;MAT1127;I;34;974571919;Matematikk 1P-Y SR;Hele landet;Innlandet;Hamar katedralskole;*;*
2;3;MAT1127;I;34;874597252;Matematikk 1P-Y SR;Hele landet;Innlandet;Lillehammer videregående skole avd Sør;*;*
2;3;MAT1127;I;34;974571897;Matematikk 1P-Y SR;Hele landet;Innlandet;Ringsaker videregående skole;*;*
2;2;MAT1127;I;15;15;Matematikk 1P-Y SR;Hele landet;Møre og Romsdal;Alle skoler;*;*
2;3;MAT1127;I;15;974576430;Matematikk 1P-Y SR;Hele landet;Møre og Romsdal;Ulstein vidaregåande skule;*;*
2;2;MAT1127;I;3;3;Matematikk 1P-Y SR;Hele landet;Oslo;Alle skoler;*;*
2;3;MAT1127;I;3;974591022;Matematikk 1P-Y SR;Hele landet;Oslo;Etterstad videregående skole;*;*
2;2;MAT1127;I;40;40;Matematikk 1P-Y SR;Hele landet;Telemark;Alle skoler;*;*
2;3;MAT1127;I;40;974568098;Matematikk 1P-Y SR;Hele landet;Telemark;Bamble videregående skole;*;*
2;3;MAT1127;I;40;974568039;Matematikk 1P-Y SR;Hele landet;Telemark;Skien videregående skole;*;*
2;2;MAT1127;I;55;55;Matematikk 1P-Y SR;Hele landet;Troms - Romsa - Tromssa ;Alle skoler;*;*
2;3;MAT1127;I;55;974546698;Matematikk 1P-Y SR;Hele landet;Troms - Romsa - Tromssa ;Senja videregående skole avd Finnfjordbotn;*;*
2;2;MAT1127;I;50;50;Matematikk 1P-Y SR;Hele landet;Trøndelag - Trööndelage;Alle skoler;2,4;13
2;3;MAT1127;I;50;974560690;Matematikk 1P-Y SR;Hele landet;Trøndelag - Trööndelage;Steinkjer videregående skole;*;*
2;3;MAT1127;I;50;974560747;Matematikk 1P-Y SR;Hele landet;Trøndelag - Trööndelage;Verdal videregående skole;*;*
2;2;MAT1127;I;39;39;Matematikk 1P-Y SR;Hele landet;Vestfold;Alle skoler;2,3;6
2;3;MAT1127;I;39;974575019;Matematikk 1P-Y SR;Hele landet;Vestfold;Sandefjord videregående skole;2,3;6
2;2;MAT1127;I;46;46;Matematikk 1P-Y SR;Hele landet;Vestland;Alle skoler;2,5;22
2;3;MAT1127;I;46;974571110;Matematikk 1P-Y SR;Hele landet;Vestland;Førde vidaregåande skule;*;*
2;3;MAT1127;I;46;974557029;Matematikk 1P-Y SR;Hele landet;Vestland;Stord vidaregåande skule;*;*
2;3;MAT1127;I;46;974557479;Matematikk 1P-Y SR;Hele landet;Vestland;Åsane vidaregåande skule;2,1;11
2;0;MAT1129;Alle;0;Alle;Matematikk 1P-Y TP;Hele landet;Alle fylker;Alle skoler;2,7;349
2;1;MAT1129;I;0;I;Matematikk 1P-Y TP;Hele landet;Alle fylker;Alle skoler;2,7;349
2;2;MAT1129;I;42;42;Matematikk 1P-Y TP;Hele landet;Agder;Alle skoler;2,6;30
2;3;MAT1129;I;42;973391100;Matematikk 1P-Y TP;Hele landet;Agder;Blå Kors videregående skole Øvrebø AS;2,5;8
2;3;MAT1129;I;42;974595125;Matematikk 1P-Y TP;Hele landet;Agder;Mandal videregående skole;2,9;8
2;3;MAT1129;I;42;974573814;Matematikk 1P-Y TP;Hele landet;Agder;Sam Eyde videregående skole;2,4;14
2;2;MAT1129;I;32;32;Matematikk 1P-Y TP;Hele landet;Akershus;Alle skoler;1,9;15
2;3;MAT1129;I;32;974587661;Matematikk 1P-Y TP;Hele landet;Akershus;Eidsvoll videregående skole;1,9;8
2;3;MAT1129;I;32;974587645;Matematikk 1P-Y TP;Hele landet;Akershus;Jessheim videregående skole;*;*
2;3;MAT1129;I;32;974587564;Matematikk 1P-Y TP;Hele landet;Akershus;Ås videregående skole;*;*
2;2;MAT1129;I;34;34;Matematikk 1P-Y TP;Hele landet;Innlandet;Alle skoler;2,2;25
2;3;MAT1129;I;34;974597373;Matematikk 1P-Y TP;Hele landet;Innlandet;Raufoss videregående skole avd Dokka;*;*
2;3;MAT1129;I;34;974571897;Matematikk 1P-Y TP;Hele landet;Innlandet;Ringsaker videregående skole;*;*
2;3;MAT1129;I;34;974571986;Matematikk 1P-Y TP;Hele landet;Innlandet;Solør videregående skole;1,6;11
2;3;MAT1129;I;34;974597233;Matematikk 1P-Y TP;Hele landet;Innlandet;Vinstra vidaregåande skule;3;8
2;2;MAT1129;I;15;15;Matematikk 1P-Y TP;Hele landet;Møre og Romsdal;Alle skoler;2,6;24
2;3;MAT1129;I;15;974576554;Matematikk 1P-Y TP;Hele landet;Møre og Romsdal;Borgund vidaregåande skole;2,3;12
2;3;MAT1129;I;15;974576481;Matematikk 1P-Y TP;Hele landet;Møre og Romsdal;Herøy vidaregåande skule;2,8;12
2;2;MAT1129;I;3;3;Matematikk 1P-Y TP;Hele landet;Oslo;Alle skoler;2,3;17
2;3;MAT1129;I;3;974591022;Matematikk 1P-Y TP;Hele landet;Oslo;Etterstad videregående skole;*;*
2;3;MAT1129;I;3;899178092;Matematikk 1P-Y TP;Hele landet;Oslo;Kuben videregående skole;2,6;11
2;3;MAT1129;I;3;974591065;Matematikk 1P-Y TP;Hele landet;Oslo;Stovner videregående skole;*;*
2;2;MAT1129;I;11;11;Matematikk 1P-Y TP;Hele landet;Rogaland;Alle skoler;2,8;46
2;3;MAT1129;I;11;913385632;Matematikk 1P-Y TP;Hele landet;Rogaland;Bryne vidaregåande skule;2,8;14
2;3;MAT1129;I;11;927794187;Matematikk 1P-Y TP;Hele landet;Rogaland;Forus friskole - Vgs;*;*
2;3;MAT1129;I;11;974624516;Matematikk 1P-Y TP;Hele landet;Rogaland;Gand videregående skole;*;*
2;3;MAT1129;I;11;974557134;Matematikk 1P-Y TP;Hele landet;Rogaland;Ølen vidaregåande skule;2,9;15
2;2;MAT1129;I;40;40;Matematikk 1P-Y TP;Hele landet;Telemark;Alle skoler;1,8;26
2;3;MAT1129;I;40;974568098;Matematikk 1P-Y TP;Hele landet;Telemark;Bamble videregående skole;*;*
2;3;MAT1129;I;40;974568012;Matematikk 1P-Y TP;Hele landet;Telemark;Notodden videregående skole;1,8;13
2;3;MAT1129;I;40;974568020;Matematikk 1P-Y TP;Hele landet;Telemark;Porsgrunn videregående skole;*;*
2;3;MAT1129;I;40;974568152;Matematikk 1P-Y TP;Hele landet;Telemark;Skogmo videregående skole;*;*
2;2;MAT1129;I;55;55;Matematikk 1P-Y TP;Hele landet;Troms - Romsa - Tromssa ;Alle skoler;*;*
2;3;MAT1129;I;55;915553354;Matematikk 1P-Y TP;Hele landet;Troms - Romsa - Tromssa ;Ishavsbyen videregående skole;*;*
2;3;MAT1129;I;55;974546698;Matematikk 1P-Y TP;Hele landet;Troms - Romsa - Tromssa ;Senja videregående skole avd Finnfjordbotn;*;*
2;3;MAT1129;I;55;974546809;Matematikk 1P-Y TP;Hele landet;Troms - Romsa - Tromssa ;Sjøvegan videregående skole;*;*
2;2;MAT1129;I;50;50;Matematikk 1P-Y TP;Hele landet;Trøndelag - Trööndelage;Alle skoler;2,4;25
2;3;MAT1129;I;50;996772772;Matematikk 1P-Y TP;Hele landet;Trøndelag - Trööndelage;Charlottenlund videregående skole;2,6;11
2;3;MAT1129;I;50;974558122;Matematikk 1P-Y TP;Hele landet;Trøndelag - Trööndelage;Orkland videregående skole Løkken;2,1;14
2;2;MAT1129;I;39;39;Matematikk 1P-Y TP;Hele landet;Vestfold;Alle skoler;*;*
2;3;MAT1129;I;39;974575116;Matematikk 1P-Y TP;Hele landet;Vestfold;Sande videregående skole;*;*
2;2;MAT1129;I;46;46;Matematikk 1P-Y TP;Hele landet;Vestland;Alle skoler;3,3;118
2;3;MAT1129;I;46;974557533;Matematikk 1P-Y TP;Hele landet;Vestland;Askøy videregående skole;3,1;13
2;3;MAT1129;I;46;974557126;Matematikk 1P-Y TP;Hele landet;Vestland;Bømlo vidaregåande skule;3,1;7
2;3;MAT1129;I;46;974557339;Matematikk 1P-Y TP;Hele landet;Vestland;Knarvik vidaregåande skule;3,3;26
2;3;MAT1129;I;46;974557282;Matematikk 1P-Y TP;Hele landet;Vestland;Kvinnherad vidaregåande skule;4,2;6
2;3;MAT1129;I;46;974557355;Matematikk 1P-Y TP;Hele landet;Vestland;Laksevåg og Bergen Maritime videregående skole;4;25
2;3;MAT1129;I;46;974557290;Matematikk 1P-Y TP;Hele landet;Vestland;Odda vidaregåande skule;2,8;8
2;3;MAT1129;I;46;974557320;Matematikk 1P-Y TP;Hele landet;Vestland;Slåtthaug videregående skole;2,9;11
2;3;MAT1129;I;46;974557029;Matematikk 1P-Y TP;Hele landet;Vestland;Stord vidaregåande skule;*;*
2;3;MAT1129;I;46;974557487;Matematikk 1P-Y TP;Hele landet;Vestland;Årstad videregående skole;*;*
2;3;MAT1129;I;46;974557479;Matematikk 1P-Y TP;Hele landet;Vestland;Åsane vidaregåande skule;3;13
2;2;MAT1129;I;31;31;Matematikk 1P-Y TP;Hele landet;Østfold;Alle skoler;2,7;16
2;3;MAT1129;I;31;874544442;Matematikk 1P-Y TP;Hele landet;Østfold;Borg videregående skole;*;*
2;3;MAT1129;I;31;974117290;Matematikk 1P-Y TP;Hele landet;Østfold;Tomb videregående skole;*;*
2;0;MAT1133;Alle;0;Alle;Matematikk 1T-Y EL;Hele landet;Alle fylker;Alle skoler;2,8;12
2;1;MAT1133;I;0;I;Matematikk 1T-Y EL;Hele landet;Alle fylker;Alle skoler;2,8;12
2;2;MAT1133;I;42;42;Matematikk 1T-Y EL;Hele landet;Agder;Alle skoler;*;*
2;3;MAT1133;I;42;974573814;Matematikk 1T-Y EL;Hele landet;Agder;Sam Eyde videregående skole;*;*
2;2;MAT1133;I;11;11;Matematikk 1T-Y EL;Hele landet;Rogaland;Alle skoler;*;*
2;3;MAT1133;I;11;974624516;Matematikk 1T-Y EL;Hele landet;Rogaland;Gand videregående skole;*;*
2;0;MAT1151;Alle;0;Alle;Matematikk 2P-Y;Hele landet;Alle fylker;Alle skoler;2,7;4 527
2;1;MAT1151;I;0;I;Matematikk 2P-Y;Hele landet;Alle fylker;Alle skoler;2,7;4 527
2;2;MAT1151;I;42;42;Matematikk 2P-Y;Hele landet;Agder;Alle skoler;2,7;380
2;3;MAT1151;I;42;974573873;Matematikk 2P-Y;Hele landet;Agder;Arendal videregående skole avd Tyholmen;2,9;37
2;3;MAT1151;I;42;922100101;Matematikk 2P-Y;Hele landet;Agder;Blå Kors videregående skole Grimstad AS;2;10
2;3;MAT1151;I;42;974595168;Matematikk 2P-Y;Hele landet;Agder;Byremo videregående skole;4,3;7
2;3;MAT1151;I;42;974573881;Matematikk 2P-Y;Hele landet;Agder;Dahlske videregående skole;2,9;31
2;3;MAT1151;I;42;974117738;Matematikk 2P-Y;Hele landet;Agder;Drottningborg Vgs AS;2,7;10
2;3;MAT1151;I;42;874595012;Matematikk 2P-Y;Hele landet;Agder;Eilert Sundt videregående skole Studiested Farsund;2;11
2;3;MAT1151;I;42;974595141;Matematikk 2P-Y;Hele landet;Agder;Flekkefjord videregående skole Studiested Flekkefjord;3,1;25
2;3;MAT1151;I;42;974594994;Matematikk 2P-Y;Hele landet;Agder;Kristiansand katedralskole Gimle;2,7;15
2;3;MAT1151;I;42;974595117;Matematikk 2P-Y;Hele landet;Agder;Kvadraturen videregående skole;3;62
2;3;MAT1151;I;42;989280767;Matematikk 2P-Y;Hele landet;Agder;Kvs-Bygland AS;2,6;12
2;3;MAT1151;I;42;974573857;Matematikk 2P-Y;Hele landet;Agder;Lillesand videregående skole;2,5;15
2;3;MAT1151;I;42;974595125;Matematikk 2P-Y;Hele landet;Agder;Mandal videregående skole;2,4;37
2;3;MAT1151;I;42;994557416;Matematikk 2P-Y;Hele landet;Agder;Oasen videregående skole AS;3,3;7
2;3;MAT1151;I;42;874573892;Matematikk 2P-Y;Hele landet;Agder;Setesdal vidaregåande skule;*;*
2;3;MAT1151;I;42;974595184;Matematikk 2P-Y;Hele landet;Agder;Søgne videregående skole;*;*
2;3;MAT1151;I;42;874595152;Matematikk 2P-Y;Hele landet;Agder;Tangen videregående skole;2,6;17
2;3;MAT1151;I;42;974573865;Matematikk 2P-Y;Hele landet;Agder;Tvedestrand videregående skole;2,3;22
2;3;MAT1151;I;42;974595044;Matematikk 2P-Y;Hele landet;Agder;Vennesla videregående skole;2,9;10
2;3;MAT1151;I;42;974595001;Matematikk 2P-Y;Hele landet;Agder;Vågsbygd videregående skole;1,6;41
2;2;MAT1151;I;32;32;Matematikk 2P-Y;Hele landet;Akershus;Alle skoler;2,7;630
2;3;MAT1151;I;32;974587637;Matematikk 2P-Y;Hele landet;Akershus;Bjertnes videregående skole;3,1;16
2;3;MAT1151;I;32;974587602;Matematikk 2P-Y;Hele landet;Akershus;Bjørkelangen videregående skole;2,7;12
2;3;MAT1151;I;32;974587831;Matematikk 2P-Y;Hele landet;Akershus;Bleiker videregående skole;2,6;35
2;3;MAT1151;I;32;974587882;Matematikk 2P-Y;Hele landet;Akershus;Drømtorp videregående skole;2,7;78
2;3;MAT1151;I;32;974587661;Matematikk 2P-Y;Hele landet;Akershus;Eidsvoll videregående skole;*;*
2;3;MAT1151;I;32;825322922;Matematikk 2P-Y;Hele landet;Akershus;Feiring videregående skole AS;2,5;8
2;3;MAT1151;I;32;988843709;Matematikk 2P-Y;Hele landet;Akershus;Frogn videregående skole;3,9;17
2;3;MAT1151;I;32;974587645;Matematikk 2P-Y;Hele landet;Akershus;Jessheim videregående skole;2,5;73
2;3;MAT1151;I;32;974587777;Matematikk 2P-Y;Hele landet;Akershus;Kjelle videregående skole;*;*
2;3;MAT1151;I;32;974587610;Matematikk 2P-Y;Hele landet;Akershus;Lørenskog videregående skole;2,5;28
2;3;MAT1151;I;32;991815325;Matematikk 2P-Y;Hele landet;Akershus;Mailand videregående skole;2,7;27
2;3;MAT1151;I;32;988084948;Matematikk 2P-Y;Hele landet;Akershus;Nannestad videregående skole;2,7;15
2;3;MAT1151;I;32;974587653;Matematikk 2P-Y;Hele landet;Akershus;Nes videregående skole;2;25
2;3;MAT1151;I;32;974587599;Matematikk 2P-Y;Hele landet;Akershus;Nesbru videregående skole;4;17
2;3;MAT1151;I;32;974587572;Matematikk 2P-Y;Hele landet;Akershus;Nesodden videregående skole;3,1;18
2;3;MAT1151;I;32;974587866;Matematikk 2P-Y;Hele landet;Akershus;Rosenvilde videregående skole;3;21
2;3;MAT1151;I;32;974587823;Matematikk 2P-Y;Hele landet;Akershus;Rud videregående skole;1,8;25
2;3;MAT1151;I;32;974587769;Matematikk 2P-Y;Hele landet;Akershus;Rælingen videregående skole;2,6;37
2;3;MAT1151;I;32;974605953;Matematikk 2P-Y;Hele landet;Akershus;Røyken videregående skole;1,8;32
2;3;MAT1151;I;32;924422459;Matematikk 2P-Y;Hele landet;Akershus;Seiersborg videregående skole Follo AS;2,7;9
2;3;MAT1151;I;32;974587629;Matematikk 2P-Y;Hele landet;Akershus;Skedsmo videregående skole;3;37
2;3;MAT1151;I;32;874587842;Matematikk 2P-Y;Hele landet;Akershus;Sørumsand videregående skole;2,9;23
2;3;MAT1151;I;32;974587815;Matematikk 2P-Y;Hele landet;Akershus;Vestby videregående skole;3,1;17
2;3;MAT1151;I;32;974587564;Matematikk 2P-Y;Hele landet;Akershus;Ås videregående skole;3,3;45
2;2;MAT1151;I;33;33;Matematikk 2P-Y;Hele landet;Buskerud;Alle skoler;2,5;246
2;3;MAT1151;I;33;985500568;Matematikk 2P-Y;Hele landet;Buskerud;Akademiet Drammen AS;2,9;12
2;3;MAT1151;I;33;988938424;Matematikk 2P-Y;Hele landet;Buskerud;Akademiet Ypsilon videregående skole AS;1,8;21
2;3;MAT1151;I;33;986737162;Matematikk 2P-Y;Hele landet;Buskerud;Briskeby videregående skole AS;*;*
2;3;MAT1151;I;33;974606216;Matematikk 2P-Y;Hele landet;Buskerud;Buskerud videregående skole;2,5;24
2;3;MAT1151;I;33;874605972;Matematikk 2P-Y;Hele landet;Buskerud;Drammen videregående skole;*;*
2;3;MAT1151;I;33;974605929;Matematikk 2P-Y;Hele landet;Buskerud;Hønefoss videregående skole;2,8;13
2;3;MAT1151;I;33;974605996;Matematikk 2P-Y;Hele landet;Buskerud;Kongsberg videregående skole;2,3;45
2;3;MAT1151;I;33;974606135;Matematikk 2P-Y;Hele landet;Buskerud;Lier videregående skole;2,7;82
2;3;MAT1151;I;33;974606232;Matematikk 2P-Y;Hele landet;Buskerud;Numedal videregående skole;*;*
2;3;MAT1151;I;33;973255754;Matematikk 2P-Y;Hele landet;Buskerud;Tyrifjord videregående skole;*;*
2;3;MAT1151;I;33;974605910;Matematikk 2P-Y;Hele landet;Buskerud;Ål vidaregåande skole avd Ål;*;*
2;3;MAT1151;I;33;974605937;Matematikk 2P-Y;Hele landet;Buskerud;Åssiden videregående skole;2,1;17
2;2;MAT1151;I;56;56;Matematikk 2P-Y;Hele landet;Finnmark - Finnmárku - Finmarkku;Alle skoler;2,8;67
2;3;MAT1151;I;56;974622750;Matematikk 2P-Y;Hele landet;Finnmark - Finnmárku - Finmarkku;Alta videregående skole;2,6;14
2;3;MAT1151;I;56;874622702;Matematikk 2P-Y;Hele landet;Finnmark - Finnmárku - Finmarkku;Hammerfest videregående skole;2,5;8
2;3;MAT1151;I;56;974622726;Matematikk 2P-Y;Hele landet;Finnmark - Finnmárku - Finmarkku;Kirkenes videregående skole;2,4;10
2;3;MAT1151;I;56;974622742;Matematikk 2P-Y;Hele landet;Finnmark - Finnmárku - Finmarkku;Lakselv videregående skole;*;*
2;3;MAT1151;I;56;974759896;Matematikk 2P-Y;Hele landet;Finnmark - Finnmárku - Finmarkku;Samisk videregående skole og reindriftsskole;3,4;7
2;3;MAT1151;I;56;974064332;Matematikk 2P-Y;Hele landet;Finnmark - Finnmárku - Finmarkku;Tana videregående skole;3,2;14
2;3;MAT1151;I;56;974622718;Matematikk 2P-Y;Hele landet;Finnmark - Finnmárku - Finmarkku;Vadsø videregående skole;*;*
2;3;MAT1151;I;56;974622777;Matematikk 2P-Y;Hele landet;Finnmark - Finnmárku - Finmarkku;Vardø videregående skole;*;*
2;2;MAT1151;I;34;34;Matematikk 2P-Y;Hele landet;Innlandet;Alle skoler;2,7;282
2;3;MAT1151;I;34;974571900;Matematikk 2P-Y;Hele landet;Innlandet;Elverum videregående skole;2,9;17
2;3;MAT1151;I;34;998513448;Matematikk 2P-Y;Hele landet;Innlandet;Hadeland videregående skole;2,7;15
2;3;MAT1151;I;34;974572060;Matematikk 2P-Y;Hele landet;Innlandet;Jønsberg videregående skole;2,6;17
2;3;MAT1151;I;34;974597322;Matematikk 2P-Y;Hele landet;Innlandet;Lena-Valle videregående skole avd Lena;*;*
2;3;MAT1151;I;34;974597241;Matematikk 2P-Y;Hele landet;Innlandet;Lillehammer videregående skole avd Nord;2,6;40
2;3;MAT1151;I;34;974597209;Matematikk 2P-Y;Hele landet;Innlandet;Nord-Gudbrandsdal vidaregåande skule;3,5;13
2;3;MAT1151;I;34;970963847;Matematikk 2P-Y;Hele landet;Innlandet;Nord-Østerdal videregående skole;3;24
2;3;MAT1151;I;34;974597330;Matematikk 2P-Y;Hele landet;Innlandet;Raufoss videregående skole;2,2;20
2;3;MAT1151;I;34;974597373;Matematikk 2P-Y;Hele landet;Innlandet;Raufoss videregående skole avd Dokka;2,3;12
2;3;MAT1151;I;34;974571897;Matematikk 2P-Y;Hele landet;Innlandet;Ringsaker videregående skole;1,9;29
2;3;MAT1151;I;34;974572117;Matematikk 2P-Y;Hele landet;Innlandet;Sentrum videregående skole avd Skarnes;2,4;10
2;3;MAT1151;I;34;974571986;Matematikk 2P-Y;Hele landet;Innlandet;Solør videregående skole;2,2;11
2;3;MAT1151;I;34;974571935;Matematikk 2P-Y;Hele landet;Innlandet;Storhamar videregående skole;3,1;30
2;3;MAT1151;I;34;974572052;Matematikk 2P-Y;Hele landet;Innlandet;Storsteigen videregående skole;3,8;11
2;3;MAT1151;I;34;974597381;Matematikk 2P-Y;Hele landet;Innlandet;Valdres vidaregåande skule;2,8;14
2;3;MAT1151;I;34;974597233;Matematikk 2P-Y;Hele landet;Innlandet;Vinstra vidaregåande skule;*;*
2;3;MAT1151;I;34;974571978;Matematikk 2P-Y;Hele landet;Innlandet;Øvrebyen videregående skole;2,9;9
2;2;MAT1151;I;15;15;Matematikk 2P-Y;Hele landet;Møre og Romsdal;Alle skoler;3;217
2;3;MAT1151;I;15;984800746;Matematikk 2P-Y;Hele landet;Møre og Romsdal;Akademiet Vgs Ålesund AS;3,3;12
2;3;MAT1151;I;15;974576449;Matematikk 2P-Y;Hele landet;Møre og Romsdal;Gjermundnes vidaregåande skule;*;*
2;3;MAT1151;I;15;974576716;Matematikk 2P-Y;Hele landet;Møre og Romsdal;Haram vidaregåande skule;*;*
2;3;MAT1151;I;15;974576481;Matematikk 2P-Y;Hele landet;Møre og Romsdal;Herøy vidaregåande skule;3,2;9
2;3;MAT1151;I;15;974576708;Matematikk 2P-Y;Hele landet;Møre og Romsdal;Hustadvika vidaregåande skole;2,6;16
2;3;MAT1151;I;15;974576589;Matematikk 2P-Y;Hele landet;Møre og Romsdal;Kristiansund videregående skole;3,5;6
2;3;MAT1151;I;15;974576422;Matematikk 2P-Y;Hele landet;Møre og Romsdal;Molde videregående skole;4,2;19
2;3;MAT1151;I;15;974576546;Matematikk 2P-Y;Hele landet;Møre og Romsdal;Romsdal videregående skole;2,5;33
2;3;MAT1151;I;15;974577267;Matematikk 2P-Y;Hele landet;Møre og Romsdal;Spjelkavik videregående skole;3,2;20
2;3;MAT1151;I;15;974576570;Matematikk 2P-Y;Hele landet;Møre og Romsdal;Sunndal vidaregåande skole;3,6;11
2;3;MAT1151;I;15;974576651;Matematikk 2P-Y;Hele landet;Møre og Romsdal;Surnadal vidaregåande skule;2,6;7
2;3;MAT1151;I;15;974576694;Matematikk 2P-Y;Hele landet;Møre og Romsdal;Sykkylven vidaregåande skule;3,4;11
2;3;MAT1151;I;15;974576430;Matematikk 2P-Y;Hele landet;Møre og Romsdal;Ulstein vidaregåande skule;3,1;12
2;3;MAT1151;I;15;874576492;Matematikk 2P-Y;Hele landet;Møre og Romsdal;Volda vidaregåande skule;2,8;26
2;3;MAT1151;I;15;974576503;Matematikk 2P-Y;Hele landet;Møre og Romsdal;Ålesund videregående skole;2,6;29
2;2;MAT1151;I;18;18;Matematikk 2P-Y;Hele landet;Nordland - Nordlánnda;Alle skoler;2,7;171
2;3;MAT1151;I;18;974621029;Matematikk 2P-Y;Hele landet;Nordland - Nordlánnda;Andøy videregående skole;3,3;12
2;3;MAT1151;I;18;974621134;Matematikk 2P-Y;Hele landet;Nordland - Nordlánnda;Aust-Lofoten videregående skole;2,5;12
2;3;MAT1151;I;18;974621215;Matematikk 2P-Y;Hele landet;Nordland - Nordlánnda;Bodin videregående skole;2,2;14
2;3;MAT1151;I;18;974621223;Matematikk 2P-Y;Hele landet;Nordland - Nordlánnda;Bodø videregående skole;3;34
2;3;MAT1151;I;18;974621401;Matematikk 2P-Y;Hele landet;Nordland - Nordlánnda;Brønnøysund videregående skole;3;12
2;3;MAT1151;I;18;973494694;Matematikk 2P-Y;Hele landet;Nordland - Nordlánnda;Kristen videregående skole Nordland Sti;*;*
2;3;MAT1151;I;18;974621355;Matematikk 2P-Y;Hele landet;Nordland - Nordlánnda;Mosjøen videregående skole;3;10
2;3;MAT1151;I;18;974041707;Matematikk 2P-Y;Hele landet;Nordland - Nordlánnda;Narvik videregående skole;2,1;14
2;3;MAT1151;I;18;974621304;Matematikk 2P-Y;Hele landet;Nordland - Nordlánnda;Polarsirkelen videregående skole;3,1;26
2;3;MAT1151;I;18;974621274;Matematikk 2P-Y;Hele landet;Nordland - Nordlánnda;Saltdal videregående skole;*;*
2;3;MAT1151;I;18;874621382;Matematikk 2P-Y;Hele landet;Nordland - Nordlánnda;Sandnessjøen videregående skole;*;*
2;3;MAT1151;I;18;974621053;Matematikk 2P-Y;Hele landet;Nordland - Nordlánnda;Sortland videregående skole avd Sortland;2,4;12
2;3;MAT1151;I;18;974621169;Matematikk 2P-Y;Hele landet;Nordland - Nordlánnda;Vest-Lofoten videregående skole;2,1;12
2;2;MAT1151;I;3;3;Matematikk 2P-Y;Hele landet;Oslo;Alle skoler;2,4;321
2;3;MAT1151;I;3;887664102;Matematikk 2P-Y;Hele landet;Oslo;Akademiet Oslo AS;3,2;26
2;3;MAT1151;I;3;988938386;Matematikk 2P-Y;Hele landet;Oslo;Akademiet Vgs Bislett AS;3,3;11
2;3;MAT1151;I;3;873626372;Matematikk 2P-Y;Hele landet;Oslo;Eikelund videregående skole;2,3;10
2;3;MAT1151;I;3;974590999;Matematikk 2P-Y;Hele landet;Oslo;Elvebakken videregående skole;3,2;11
2;3;MAT1151;I;3;974591022;Matematikk 2P-Y;Hele landet;Oslo;Etterstad videregående skole;2,2;57
2;3;MAT1151;I;3;974590956;Matematikk 2P-Y;Hele landet;Oslo;Hellerud videregående skole;2,1;35
2;3;MAT1151;I;3;912001008;Matematikk 2P-Y;Hele landet;Oslo;Hersleb videregående skole;2,4;65
2;3;MAT1151;I;3;899178092;Matematikk 2P-Y;Hele landet;Oslo;Kuben videregående skole;3,1;20
2;3;MAT1151;I;3;974591065;Matematikk 2P-Y;Hele landet;Oslo;Stovner videregående skole;1,8;41
2;3;MAT1151;I;3;974590972;Matematikk 2P-Y;Hele landet;Oslo;Ulsrud videregående skole;2,3;45
2;2;MAT1151;I;11;11;Matematikk 2P-Y;Hele landet;Rogaland;Alle skoler;2,9;500
2;3;MAT1151;I;11;987546603;Matematikk 2P-Y;Hele landet;Rogaland;Akademiet Sandnes;2,9;7
2;3;MAT1151;I;11;913385632;Matematikk 2P-Y;Hele landet;Rogaland;Bryne vidaregåande skule;3;49
2;3;MAT1151;I;11;974624478;Matematikk 2P-Y;Hele landet;Rogaland;Dalane videregående skole;2,7;28
2;3;MAT1151;I;11;974624516;Matematikk 2P-Y;Hele landet;Rogaland;Gand videregående skole;2,9;63
2;3;MAT1151;I;11;974624648;Matematikk 2P-Y;Hele landet;Rogaland;Godalen videregående skole;2,9;12
2;3;MAT1151;I;11;974624486;Matematikk 2P-Y;Hele landet;Rogaland;Haugaland videregående skole;2,6;28
2;3;MAT1151;I;11;916612095;Matematikk 2P-Y;Hele landet;Rogaland;Hauge videregående skole;*;*
2;3;MAT1151;I;11;971816287;Matematikk 2P-Y;Hele landet;Rogaland;Haugesund Toppidrettsgymnas AS;3,7;6
2;3;MAT1151;I;11;990183449;Matematikk 2P-Y;Hele landet;Rogaland;Jåttå videregående skole;3,1;122
2;3;MAT1151;I;11;974624591;Matematikk 2P-Y;Hele landet;Rogaland;Karmsund videregående skole;*;*
2;3;MAT1151;I;11;974624389;Matematikk 2P-Y;Hele landet;Rogaland;Kopervik videregående skole;2,5;26
2;3;MAT1151;I;11;874117722;Matematikk 2P-Y;Hele landet;Rogaland;Lundeneset Vgs;2,3;9
2;3;MAT1151;I;11;874624772;Matematikk 2P-Y;Hele landet;Rogaland;Møllehagen skolesenter grunnskole og videregående skole;*;*
2;3;MAT1151;I;11;913404793;Matematikk 2P-Y;Hele landet;Rogaland;Norheim Vgs AS;*;*
2;3;MAT1151;I;11;974624664;Matematikk 2P-Y;Hele landet;Rogaland;Randaberg videregående skole;2,5;48
2;3;MAT1151;I;11;874624632;Matematikk 2P-Y;Hele landet;Rogaland;Sauda vidaregåande skule;4,4;8
2;3;MAT1151;I;11;974624419;Matematikk 2P-Y;Hele landet;Rogaland;Strand videregående skole;3;14
2;3;MAT1151;I;11;973157221;Matematikk 2P-Y;Hele landet;Rogaland;Tryggheim vidaregåande skule;3,4;33
2;3;MAT1151;I;11;974624435;Matematikk 2P-Y;Hele landet;Rogaland;Vardafjell videregående skole;*;*
2;3;MAT1151;I;11;974624451;Matematikk 2P-Y;Hele landet;Rogaland;Øksnevad videregående skole;*;*
2;3;MAT1151;I;11;974557134;Matematikk 2P-Y;Hele landet;Rogaland;Ølen vidaregåande skule;3,5;11
2;2;MAT1151;I;40;40;Matematikk 2P-Y;Hele landet;Telemark;Alle skoler;2,5;98
2;3;MAT1151;I;40;974568071;Matematikk 2P-Y;Hele landet;Telemark;Hjalmar Johansen videregående skole;2,1;32
2;3;MAT1151;I;40;974568004;Matematikk 2P-Y;Hele landet;Telemark;Kragerø videregående skole;2,8;16
2;3;MAT1151;I;40;974568187;Matematikk 2P-Y;Hele landet;Telemark;Nome videregående skole avd Søve;2,6;17
2;3;MAT1151;I;40;974568012;Matematikk 2P-Y;Hele landet;Telemark;Notodden videregående skole;2,3;20
2;3;MAT1151;I;40;874568082;Matematikk 2P-Y;Hele landet;Telemark;Rjukan videregående skole;2,4;7
2;3;MAT1151;I;40;974568055;Matematikk 2P-Y;Hele landet;Telemark;Vest-Telemark vidaregåande skule;3,5;6
2;2;MAT1151;I;55;55;Matematikk 2P-Y;Hele landet;Troms - Romsa - Tromssa ;Alle skoler;2,7;152
2;3;MAT1151;I;55;974546817;Matematikk 2P-Y;Hele landet;Troms - Romsa - Tromssa ;Bardufoss videregående skole;2,8;9
2;3;MAT1151;I;55;974546906;Matematikk 2P-Y;Hele landet;Troms - Romsa - Tromssa ;Kvaløya videregående skole;3,2;68
2;3;MAT1151;I;55;974117703;Matematikk 2P-Y;Hele landet;Troms - Romsa - Tromssa ;Nordborg Vgs;*;*
2;3;MAT1151;I;55;974546957;Matematikk 2P-Y;Hele landet;Troms - Romsa - Tromssa ;Nord-Troms videregående skole avd Nordreisa;2;7
2;3;MAT1151;I;55;974546698;Matematikk 2P-Y;Hele landet;Troms - Romsa - Tromssa ;Senja videregående skole avd Finnfjordbotn;3,1;16
2;3;MAT1151;I;55;974546809;Matematikk 2P-Y;Hele landet;Troms - Romsa - Tromssa ;Sjøvegan videregående skole;*;*
2;3;MAT1151;I;55;974546760;Matematikk 2P-Y;Hele landet;Troms - Romsa - Tromssa ;Stangnes Rå videregående skole avd Stangnes;2;32
2;2;MAT1151;I;50;50;Matematikk 2P-Y;Hele landet;Trøndelag - Trööndelage;Alle skoler;2,8;452
2;3;MAT1151;I;50;991025057;Matematikk 2P-Y;Hele landet;Trøndelag - Trööndelage;Aglo videregående skole;1,7;10
2;3;MAT1151;I;50;971816279;Matematikk 2P-Y;Hele landet;Trøndelag - Trööndelage;Bybroen videregående skole AS;3,2;64
2;3;MAT1151;I;50;926694022;Matematikk 2P-Y;Hele landet;Trøndelag - Trööndelage;Cissi Klein videregående skole;2,6;80
2;3;MAT1151;I;50;974557975;Matematikk 2P-Y;Hele landet;Trøndelag - Trööndelage;Fosen videregående skole;*;*
2;3;MAT1151;I;50;974557983;Matematikk 2P-Y;Hele landet;Trøndelag - Trööndelage;Gauldal videregående skole;2,3;8
2;3;MAT1151;I;50;974560771;Matematikk 2P-Y;Hele landet;Trøndelag - Trööndelage;Grong videregående skole;2,3;14
2;3;MAT1151;I;50;974558017;Matematikk 2P-Y;Hele landet;Trøndelag - Trööndelage;Guri Kunna videregående skole avd Hitra;2,6;8
2;3;MAT1151;I;50;929188829;Matematikk 2P-Y;Hele landet;Trøndelag - Trööndelage;Johan Bojer videregående skole;3;10
2;3;MAT1151;I;50;974149699;Matematikk 2P-Y;Hele landet;Trøndelag - Trööndelage;Kristen videregående skole Trøndelag;2,8;27
2;3;MAT1151;I;50;874558052;Matematikk 2P-Y;Hele landet;Trøndelag - Trööndelage;Kyrksæterøra videregående skole;*;*
2;3;MAT1151;I;50;974560704;Matematikk 2P-Y;Hele landet;Trøndelag - Trööndelage;Levanger videregående skole;2,8;8
2;3;MAT1151;I;50;973638416;Matematikk 2P-Y;Hele landet;Trøndelag - Trööndelage;Lukas videregående skole AS;1,8;10
2;3;MAT1151;I;50;874558362;Matematikk 2P-Y;Hele landet;Trøndelag - Trööndelage;Melhus videregående skole;2,7;10
2;3;MAT1151;I;50;874560782;Matematikk 2P-Y;Hele landet;Trøndelag - Trööndelage;Mære landbruksskole;2,7;9
2;3;MAT1151;I;50;974560712;Matematikk 2P-Y;Hele landet;Trøndelag - Trööndelage;Olav Duun videregående skole;3,1;26
2;3;MAT1151;I;50;974560720;Matematikk 2P-Y;Hele landet;Trøndelag - Trööndelage;Ole Vig videregående skole;2,5;28
2;3;MAT1151;I;50;974558041;Matematikk 2P-Y;Hele landet;Trøndelag - Trööndelage;Oppdal videregående skole;2,9;7
2;3;MAT1151;I;50;974557967;Matematikk 2P-Y;Hele landet;Trøndelag - Trööndelage;Orkdal vidaregåande skole;4;7
2;3;MAT1151;I;50;974558130;Matematikk 2P-Y;Hele landet;Trøndelag - Trööndelage;Røros videregående skole;3,3;8
2;3;MAT1151;I;50;974558068;Matematikk 2P-Y;Hele landet;Trøndelag - Trööndelage;Selbu videregående skole;3,6;7
2;3;MAT1151;I;50;974558076;Matematikk 2P-Y;Hele landet;Trøndelag - Trööndelage;Skjetlein videregående skole;3,1;27
2;3;MAT1151;I;50;974560690;Matematikk 2P-Y;Hele landet;Trøndelag - Trööndelage;Steinkjer videregående skole;2,9;28
2;3;MAT1151;I;50;927015919;Matematikk 2P-Y;Hele landet;Trøndelag - Trööndelage;Trøndelag nettskole;*;*
2;3;MAT1151;I;50;974560747;Matematikk 2P-Y;Hele landet;Trøndelag - Trööndelage;Verdal videregående skole;2,6;32
2;3;MAT1151;I;50;974560739;Matematikk 2P-Y;Hele landet;Trøndelag - Trööndelage;Ytre Namdal videregående skole;2,7;14
2;2;MAT1151;I;39;39;Matematikk 2P-Y;Hele landet;Vestfold;Alle skoler;2,7;197
2;3;MAT1151;I;39;974575086;Matematikk 2P-Y;Hele landet;Vestfold;Færder videregående skole;3,1;63
2;3;MAT1151;I;39;990745277;Matematikk 2P-Y;Hele landet;Vestfold;Gjennestad videregående skole;2,4;15
2;3;MAT1151;I;39;874575062;Matematikk 2P-Y;Hele landet;Vestfold;Holmestrand videregående skole;2,3;13
2;3;MAT1151;I;39;923261354;Matematikk 2P-Y;Hele landet;Vestfold;Horten videregående skole;2,6;30
2;3;MAT1151;I;39;974575051;Matematikk 2P-Y;Hele landet;Vestfold;Melsom videregående skole;2,5;17
2;3;MAT1151;I;39;974575000;Matematikk 2P-Y;Hele landet;Vestfold;Nøtterøy videregående skole;*;*
2;3;MAT1151;I;39;874575232;Matematikk 2P-Y;Hele landet;Vestfold;Re videregående skole;2,5;6
2;3;MAT1151;I;39;974575116;Matematikk 2P-Y;Hele landet;Vestfold;Sande videregående skole;*;*
2;3;MAT1151;I;39;974575019;Matematikk 2P-Y;Hele landet;Vestfold;Sandefjord videregående skole;2,7;25
2;3;MAT1151;I;39;974575027;Matematikk 2P-Y;Hele landet;Vestfold;Thor Heyerdahl videregående skole;2,4;22
2;2;MAT1151;I;46;46;Matematikk 2P-Y;Hele landet;Vestland;Alle skoler;2,8;507
2;3;MAT1151;I;46;986900055;Matematikk 2P-Y;Hele landet;Vestland;Akademiet Vgs Bergen AS;2,7;9
2;3;MAT1151;I;46;999546560;Matematikk 2P-Y;Hele landet;Vestland;Amalie Skram videregående skole;3,9;11
2;3;MAT1151;I;46;974557533;Matematikk 2P-Y;Hele landet;Vestland;Askøy videregående skole;2,2;30
2;3;MAT1151;I;46;874557102;Matematikk 2P-Y;Hele landet;Vestland;Bergen katedralskole;*;*
2;3;MAT1151;I;46;974557126;Matematikk 2P-Y;Hele landet;Vestland;Bømlo vidaregåande skule;2,6;16
2;3;MAT1151;I;46;974571137;Matematikk 2P-Y;Hele landet;Vestland;Dale vidaregåande skule;4,6;7
2;3;MAT1151;I;46;882067432;Matematikk 2P-Y;Hele landet;Vestland;Danielsen Intensivgymnas;2,6;12
2;3;MAT1151;I;46;874571172;Matematikk 2P-Y;Hele landet;Vestland;Eid vidaregåande skule;3,2;16
2;3;MAT1151;I;46;974557630;Matematikk 2P-Y;Hele landet;Vestland;Fitjar vidaregåande skule;2,4;35
2;3;MAT1151;I;46;974571145;Matematikk 2P-Y;Hele landet;Vestland;Flora vidaregåande skule;2,7;15
2;3;MAT1151;I;46;974557584;Matematikk 2P-Y;Hele landet;Vestland;Fyllingsdalen videregående skole;2,6;10
2;3;MAT1151;I;46;974571110;Matematikk 2P-Y;Hele landet;Vestland;Førde vidaregåande skule;3;22
2;3;MAT1151;I;46;974557339;Matematikk 2P-Y;Hele landet;Vestland;Knarvik vidaregåande skule;2,9;8
2;3;MAT1151;I;46;873255692;Matematikk 2P-Y;Hele landet;Vestland;Krokeide videregående skole AS;3,3;12
2;3;MAT1151;I;46;974557282;Matematikk 2P-Y;Hele landet;Vestland;Kvinnherad vidaregåande skule;*;*
2;3;MAT1151;I;46;985076308;Matematikk 2P-Y;Hele landet;Vestland;Metis videregående AS;2,5;20
2;3;MAT1151;I;46;993527084;Matematikk 2P-Y;Hele landet;Vestland;Nordahl Grieg videregående skole;2,5;11
2;3;MAT1151;I;46;974557576;Matematikk 2P-Y;Hele landet;Vestland;Os vidaregåande skule;4,1;13
2;3;MAT1151;I;46;974557142;Matematikk 2P-Y;Hele landet;Vestland;Sandsli videregående skole;2,9;17
2;3;MAT1151;I;46;974557320;Matematikk 2P-Y;Hele landet;Vestland;Slåtthaug videregående skole;2,6;48
2;3;MAT1151;I;46;974557568;Matematikk 2P-Y;Hele landet;Vestland;Sotra vidaregåande skule;2,8;24
2;3;MAT1151;I;46;916794304;Matematikk 2P-Y;Hele landet;Vestland;St. Paul gymnas;2,9;20
2;3;MAT1151;I;46;974557703;Matematikk 2P-Y;Hele landet;Vestland;Stend vidaregåande skule;4;18
2;3;MAT1151;I;46;974557029;Matematikk 2P-Y;Hele landet;Vestland;Stord vidaregåande skule;2,5;11
2;3;MAT1151;I;46;974151537;Matematikk 2P-Y;Hele landet;Vestland;Sygna Vgs;2,6;8
2;3;MAT1151;I;46;816031982;Matematikk 2P-Y;Hele landet;Vestland;Voss gymnas;3,1;18
2;3;MAT1151;I;46;916031858;Matematikk 2P-Y;Hele landet;Vestland;Voss vidaregåande skule;2,9;12
2;3;MAT1151;I;46;874571032;Matematikk 2P-Y;Hele landet;Vestland;Årdal vidaregåande skule;2,3;12
2;3;MAT1151;I;46;974557487;Matematikk 2P-Y;Hele landet;Vestland;Årstad videregående skole;2;27
2;3;MAT1151;I;46;974557479;Matematikk 2P-Y;Hele landet;Vestland;Åsane vidaregåande skule;3,1;32
2;2;MAT1151;I;31;31;Matematikk 2P-Y;Hele landet;Østfold;Alle skoler;2,5;307
2;3;MAT1151;I;31;974544504;Matematikk 2P-Y;Hele landet;Østfold;Askim videregående skole;3;21
2;3;MAT1151;I;31;874544442;Matematikk 2P-Y;Hele landet;Østfold;Borg videregående skole;2,2;11
2;3;MAT1151;I;31;974544466;Matematikk 2P-Y;Hele landet;Østfold;Frederik Ii videregående skole;2,2;25
2;3;MAT1151;I;31;974544482;Matematikk 2P-Y;Hele landet;Østfold;Glemmen videregående skole;2,7;51
2;3;MAT1151;I;31;974544490;Matematikk 2P-Y;Hele landet;Østfold;Greåker videregående skole;2,5;55
2;3;MAT1151;I;31;974544563;Matematikk 2P-Y;Hele landet;Østfold;Halden videregående skole;2,5;48
2;3;MAT1151;I;31;974544520;Matematikk 2P-Y;Hele landet;Østfold;Kalnes videregående skole;2,8;8
2;3;MAT1151;I;31;974544539;Matematikk 2P-Y;Hele landet;Østfold;Kirkeparken videregående skole;2,6;15
2;3;MAT1151;I;31;974544547;Matematikk 2P-Y;Hele landet;Østfold;Malakoff videregående skole;2,4;33
2;3;MAT1151;I;31;974544512;Matematikk 2P-Y;Hele landet;Østfold;Mysen videregående skole;2,8;8
2;3;MAT1151;I;31;974158876;Matematikk 2P-Y;Hele landet;Østfold;Seiersborg videregående skole Fredrikstad AS;2,1;9
2;3;MAT1151;I;31;874544582;Matematikk 2P-Y;Hele landet;Østfold;St. Olav videregående skole;1,6;14
2;3;MAT1151;I;31;974117290;Matematikk 2P-Y;Hele landet;Østfold;Tomb videregående skole;3,1;9
2;0;NOR1072;Alle;0;Alle;Norsk tegnspråk, vg3 studieforberedende utdanningsprogram, tekstskaping;Hele landet;Alle fylker;Alle skoler;*;*
2;1;NOR1072;I;0;I;Norsk tegnspråk, vg3 studieforberedende utdanningsprogram, tekstskaping;Hele landet;Alle fylker;Alle skoler;*;*
2;2;NOR1072;I;3;3;Norsk tegnspråk, vg3 studieforberedende utdanningsprogram, tekstskaping;Hele landet;Oslo;Alle skoler;*;*
2;3;NOR1072;I;3;996216454;Norsk tegnspråk, vg3 studieforberedende utdanningsprogram, tekstskaping;Hele landet;Oslo;Nydalen videregående skole;*;*
2;0;NOR1076;Alle;0;Alle;Norsk for elever med tegnspråk, vg2 yrkesfaglige utdanningsprogram;Hele landet;Alle fylker;Alle skoler;*;*
2;1;NOR1076;I;0;I;Norsk for elever med tegnspråk, vg2 yrkesfaglige utdanningsprogram;Hele landet;Alle fylker;Alle skoler;*;*
2;2;NOR1076;I;46;46;Norsk for elever med tegnspråk, vg2 yrkesfaglige utdanningsprogram;Hele landet;Vestland;Alle skoler;*;*
2;3;NOR1076;I;46;993527084;Norsk for elever med tegnspråk, vg2 yrkesfaglige utdanningsprogram;Hele landet;Vestland;Nordahl Grieg videregående skole;*;*
2;0;NOR1079;Alle;0;Alle;Norsk for elever med tegnspråk, vg3 studieforberedende utdanningsprogram;Hele landet;Alle fylker;Alle skoler;4,1;8
2;1;NOR1079;I;0;I;Norsk for elever med tegnspråk, vg3 studieforberedende utdanningsprogram;Hele landet;Alle fylker;Alle skoler;4,1;8
2;2;NOR1079;I;3;3;Norsk for elever med tegnspråk, vg3 studieforberedende utdanningsprogram;Hele landet;Oslo;Alle skoler;*;*
2;3;NOR1079;I;3;996216454;Norsk for elever med tegnspråk, vg3 studieforberedende utdanningsprogram;Hele landet;Oslo;Nydalen videregående skole;*;*
2;2;NOR1079;I;50;50;Norsk for elever med tegnspråk, vg3 studieforberedende utdanningsprogram;Hele landet;Trøndelag - Trööndelage;Alle skoler;*;*
2;3;NOR1079;I;50;974558386;Norsk for elever med tegnspråk, vg3 studieforberedende utdanningsprogram;Hele landet;Trøndelag - Trööndelage;Tiller videregående skole;*;*
2;2;NOR1079;I;46;46;Norsk for elever med tegnspråk, vg3 studieforberedende utdanningsprogram;Hele landet;Vestland;Alle skoler;*;*
2;3;NOR1079;I;46;993527084;Norsk for elever med tegnspråk, vg3 studieforberedende utdanningsprogram;Hele landet;Vestland;Nordahl Grieg videregående skole;*;*
2;0;NOR1262;Alle;0;Alle;Norsk, vg2 yrkesfaglige utdanningsprogram;Hele landet;Alle fylker;Alle skoler;3,3;2 869
2;1;NOR1262;I;0;I;Norsk, vg2 yrkesfaglige utdanningsprogram;Hele landet;Alle fylker;Alle skoler;3,3;2 869
2;2;NOR1262;I;42;42;Norsk, vg2 yrkesfaglige utdanningsprogram;Hele landet;Agder;Alle skoler;3,5;276
2;3;NOR1262;I;42;922100101;Norsk, vg2 yrkesfaglige utdanningsprogram;Hele landet;Agder;Blå Kors videregående skole Grimstad AS;*;*
2;3;NOR1262;I;42;974595168;Norsk, vg2 yrkesfaglige utdanningsprogram;Hele landet;Agder;Byremo videregående skole;2,5;15
2;3;NOR1262;I;42;974573881;Norsk, vg2 yrkesfaglige utdanningsprogram;Hele landet;Agder;Dahlske videregående skole;4;15
2;3;NOR1262;I;42;874595012;Norsk, vg2 yrkesfaglige utdanningsprogram;Hele landet;Agder;Eilert Sundt videregående skole Studiested Farsund;3,2;6
2;3;NOR1262;I;42;974595141;Norsk, vg2 yrkesfaglige utdanningsprogram;Hele landet;Agder;Flekkefjord videregående skole Studiested Flekkefjord;2,9;14
2;3;NOR1262;I;42;974594994;Norsk, vg2 yrkesfaglige utdanningsprogram;Hele landet;Agder;Kristiansand katedralskole Gimle;3,9;14
2;3;NOR1262;I;42;974595117;Norsk, vg2 yrkesfaglige utdanningsprogram;Hele landet;Agder;Kvadraturen videregående skole;3,5;31
2;3;NOR1262;I;42;973149776;Norsk, vg2 yrkesfaglige utdanningsprogram;Hele landet;Agder;Kvs-Lyngdal AS;*;*
2;3;NOR1262;I;42;974573857;Norsk, vg2 yrkesfaglige utdanningsprogram;Hele landet;Agder;Lillesand videregående skole;4,1;15
2;3;NOR1262;I;42;974595125;Norsk, vg2 yrkesfaglige utdanningsprogram;Hele landet;Agder;Mandal videregående skole;3,8;12
2;3;NOR1262;I;42;974573814;Norsk, vg2 yrkesfaglige utdanningsprogram;Hele landet;Agder;Sam Eyde videregående skole;3,5;56
2;3;NOR1262;I;42;874573892;Norsk, vg2 yrkesfaglige utdanningsprogram;Hele landet;Agder;Setesdal vidaregåande skule;3,2;18
2;3;NOR1262;I;42;974595184;Norsk, vg2 yrkesfaglige utdanningsprogram;Hele landet;Agder;Søgne videregående skole;3,7;18
2;3;NOR1262;I;42;874595152;Norsk, vg2 yrkesfaglige utdanningsprogram;Hele landet;Agder;Tangen videregående skole;3,2;13
2;3;NOR1262;I;42;974573865;Norsk, vg2 yrkesfaglige utdanningsprogram;Hele landet;Agder;Tvedestrand videregående skole;3,4;10
2;3;NOR1262;I;42;974595044;Norsk, vg2 yrkesfaglige utdanningsprogram;Hele landet;Agder;Vennesla videregående skole;3,6;14
2;2;NOR1262;I;32;32;Norsk, vg2 yrkesfaglige utdanningsprogram;Hele landet;Akershus;Alle skoler;3,5;295
2;3;NOR1262;I;32;974587602;Norsk, vg2 yrkesfaglige utdanningsprogram;Hele landet;Akershus;Bjørkelangen videregående skole;3,6;8
2;3;NOR1262;I;32;974587831;Norsk, vg2 yrkesfaglige utdanningsprogram;Hele landet;Akershus;Bleiker videregående skole;3,9;29
2;3;NOR1262;I;32;974587882;Norsk, vg2 yrkesfaglige utdanningsprogram;Hele landet;Akershus;Drømtorp videregående skole;3,5;20
2;3;NOR1262;I;32;974587661;Norsk, vg2 yrkesfaglige utdanningsprogram;Hele landet;Akershus;Eidsvoll videregående skole;3,5;11
2;3;NOR1262;I;32;974587645;Norsk, vg2 yrkesfaglige utdanningsprogram;Hele landet;Akershus;Jessheim videregående skole;3,5;15
2;3;NOR1262;I;32;974587777;Norsk, vg2 yrkesfaglige utdanningsprogram;Hele landet;Akershus;Kjelle videregående skole;*;*
2;3;NOR1262;I;32;974587610;Norsk, vg2 yrkesfaglige utdanningsprogram;Hele landet;Akershus;Lørenskog videregående skole;*;*
2;3;NOR1262;I;32;991815325;Norsk, vg2 yrkesfaglige utdanningsprogram;Hele landet;Akershus;Mailand videregående skole;3,2;9
2;3;NOR1262;I;32;988084948;Norsk, vg2 yrkesfaglige utdanningsprogram;Hele landet;Akershus;Nannestad videregående skole;3,6;29
2;3;NOR1262;I;32;974587653;Norsk, vg2 yrkesfaglige utdanningsprogram;Hele landet;Akershus;Nes videregående skole;4,2;9
2;3;NOR1262;I;32;974587572;Norsk, vg2 yrkesfaglige utdanningsprogram;Hele landet;Akershus;Nesodden videregående skole;3,4;7
2;3;NOR1262;I;32;974587866;Norsk, vg2 yrkesfaglige utdanningsprogram;Hele landet;Akershus;Rosenvilde videregående skole;4;11
2;3;NOR1262;I;32;974587823;Norsk, vg2 yrkesfaglige utdanningsprogram;Hele landet;Akershus;Rud videregående skole;2,9;16
2;3;NOR1262;I;32;974587769;Norsk, vg2 yrkesfaglige utdanningsprogram;Hele landet;Akershus;Rælingen videregående skole;*;*
2;3;NOR1262;I;32;974605953;Norsk, vg2 yrkesfaglige utdanningsprogram;Hele landet;Akershus;Røyken videregående skole;4,3;7
2;3;NOR1262;I;32;988835064;Norsk, vg2 yrkesfaglige utdanningsprogram;Hele landet;Akershus;Sandvika videregående skole;3,1;7
2;3;NOR1262;I;32;974587629;Norsk, vg2 yrkesfaglige utdanningsprogram;Hele landet;Akershus;Skedsmo videregående skole;3,4;21
2;3;NOR1262;I;32;974587858;Norsk, vg2 yrkesfaglige utdanningsprogram;Hele landet;Akershus;Strømmen videregående skole;3,2;25
2;3;NOR1262;I;32;974587815;Norsk, vg2 yrkesfaglige utdanningsprogram;Hele landet;Akershus;Vestby videregående skole;3;21
2;3;NOR1262;I;32;974587564;Norsk, vg2 yrkesfaglige utdanningsprogram;Hele landet;Akershus;Ås videregående skole;3,3;26
2;2;NOR1262;I;33;33;Norsk, vg2 yrkesfaglige utdanningsprogram;Hele landet;Buskerud;Alle skoler;3,3;105
2;3;NOR1262;I;33;986737162;Norsk, vg2 yrkesfaglige utdanningsprogram;Hele landet;Buskerud;Briskeby videregående skole AS;*;*
2;3;NOR1262;I;33;974606216;Norsk, vg2 yrkesfaglige utdanningsprogram;Hele landet;Buskerud;Buskerud videregående skole;3,6;14
2;3;NOR1262;I;33;974606194;Norsk, vg2 yrkesfaglige utdanningsprogram;Hele landet;Buskerud;Gol vidaregåande skule;*;*
2;3;NOR1262;I;33;974605929;Norsk, vg2 yrkesfaglige utdanningsprogram;Hele landet;Buskerud;Hønefoss videregående skole;3,3;29
2;3;NOR1262;I;33;974605996;Norsk, vg2 yrkesfaglige utdanningsprogram;Hele landet;Buskerud;Kongsberg videregående skole;3,3;31
2;3;NOR1262;I;33;974606135;Norsk, vg2 yrkesfaglige utdanningsprogram;Hele landet;Buskerud;Lier videregående skole;*;*
2;3;NOR1262;I;33;974606232;Norsk, vg2 yrkesfaglige utdanningsprogram;Hele landet;Buskerud;Numedal videregående skole;*;*
2;3;NOR1262;I;33;974606208;Norsk, vg2 yrkesfaglige utdanningsprogram;Hele landet;Buskerud;Ringerike videregående skole;*;*
2;3;NOR1262;I;33;974605910;Norsk, vg2 yrkesfaglige utdanningsprogram;Hele landet;Buskerud;Ål vidaregåande skole avd Ål;2,9;13
2;2;NOR1262;I;56;56;Norsk, vg2 yrkesfaglige utdanningsprogram;Hele landet;Finnmark - Finnmárku - Finmarkku;Alle skoler;3,1;56
2;3;NOR1262;I;56;974622750;Norsk, vg2 yrkesfaglige utdanningsprogram;Hele landet;Finnmark - Finnmárku - Finmarkku;Alta videregående skole;2,1;14
2;3;NOR1262;I;56;874622702;Norsk, vg2 yrkesfaglige utdanningsprogram;Hele landet;Finnmark - Finnmárku - Finmarkku;Hammerfest videregående skole;*;*
2;3;NOR1262;I;56;974622726;Norsk, vg2 yrkesfaglige utdanningsprogram;Hele landet;Finnmark - Finnmárku - Finmarkku;Kirkenes videregående skole;3,1;9
2;3;NOR1262;I;56;974622742;Norsk, vg2 yrkesfaglige utdanningsprogram;Hele landet;Finnmark - Finnmárku - Finmarkku;Lakselv videregående skole;3,9;14
2;3;NOR1262;I;56;974064332;Norsk, vg2 yrkesfaglige utdanningsprogram;Hele landet;Finnmark - Finnmárku - Finmarkku;Tana videregående skole;3,3;11
2;3;NOR1262;I;56;974622718;Norsk, vg2 yrkesfaglige utdanningsprogram;Hele landet;Finnmark - Finnmárku - Finmarkku;Vadsø videregående skole;*;*
2;3;NOR1262;I;56;974622777;Norsk, vg2 yrkesfaglige utdanningsprogram;Hele landet;Finnmark - Finnmárku - Finmarkku;Vardø videregående skole;*;*
2;2;NOR1262;I;34;34;Norsk, vg2 yrkesfaglige utdanningsprogram;Hele landet;Innlandet;Alle skoler;3,5;246
2;3;NOR1262;I;34;974571900;Norsk, vg2 yrkesfaglige utdanningsprogram;Hele landet;Innlandet;Elverum videregående skole;3,7;11
2;3;NOR1262;I;34;974597284;Norsk, vg2 yrkesfaglige utdanningsprogram;Hele landet;Innlandet;Gjøvik videregående skole;3,1;14
2;3;NOR1262;I;34;998513448;Norsk, vg2 yrkesfaglige utdanningsprogram;Hele landet;Innlandet;Hadeland videregående skole;3,6;21
2;3;NOR1262;I;34;974571919;Norsk, vg2 yrkesfaglige utdanningsprogram;Hele landet;Innlandet;Hamar katedralskole;3,3;13
2;3;NOR1262;I;34;987344873;Norsk, vg2 yrkesfaglige utdanningsprogram;Hele landet;Innlandet;Hjerleid handverksskole AS;3,5;12
2;3;NOR1262;I;34;974572060;Norsk, vg2 yrkesfaglige utdanningsprogram;Hele landet;Innlandet;Jønsberg videregående skole;4,1;12
2;3;NOR1262;I;34;974597322;Norsk, vg2 yrkesfaglige utdanningsprogram;Hele landet;Innlandet;Lena-Valle videregående skole avd Lena;3,2;9
2;3;NOR1262;I;34;974597241;Norsk, vg2 yrkesfaglige utdanningsprogram;Hele landet;Innlandet;Lillehammer videregående skole avd Nord;3;15
2;3;NOR1262;I;34;874597252;Norsk, vg2 yrkesfaglige utdanningsprogram;Hele landet;Innlandet;Lillehammer videregående skole avd Sør;*;*
2;3;NOR1262;I;34;970963847;Norsk, vg2 yrkesfaglige utdanningsprogram;Hele landet;Innlandet;Nord-Østerdal videregående skole;*;*
2;3;NOR1262;I;34;974597330;Norsk, vg2 yrkesfaglige utdanningsprogram;Hele landet;Innlandet;Raufoss videregående skole;3,4;24
2;3;NOR1262;I;34;974597373;Norsk, vg2 yrkesfaglige utdanningsprogram;Hele landet;Innlandet;Raufoss videregående skole avd Dokka;*;*
2;3;NOR1262;I;34;974571897;Norsk, vg2 yrkesfaglige utdanningsprogram;Hele landet;Innlandet;Ringsaker videregående skole;3,2;16
2;3;NOR1262;I;34;974571943;Norsk, vg2 yrkesfaglige utdanningsprogram;Hele landet;Innlandet;Sentrum videregående skole;2,9;20
2;3;NOR1262;I;34;974572117;Norsk, vg2 yrkesfaglige utdanningsprogram;Hele landet;Innlandet;Sentrum videregående skole avd Skarnes;*;*
2;3;NOR1262;I;34;974571986;Norsk, vg2 yrkesfaglige utdanningsprogram;Hele landet;Innlandet;Solør videregående skole;4;35
2;3;NOR1262;I;34;974572079;Norsk, vg2 yrkesfaglige utdanningsprogram;Hele landet;Innlandet;Stange videregående skole;*;*
2;3;NOR1262;I;34;974571935;Norsk, vg2 yrkesfaglige utdanningsprogram;Hele landet;Innlandet;Storhamar videregående skole;3,7;12
2;3;NOR1262;I;34;974597381;Norsk, vg2 yrkesfaglige utdanningsprogram;Hele landet;Innlandet;Valdres vidaregåande skule;3,4;8
2;3;NOR1262;I;34;974597233;Norsk, vg2 yrkesfaglige utdanningsprogram;Hele landet;Innlandet;Vinstra vidaregåande skule;3,6;7
2;2;NOR1262;I;15;15;Norsk, vg2 yrkesfaglige utdanningsprogram;Hele landet;Møre og Romsdal;Alle skoler;3,1;200
2;3;NOR1262;I;15;974576554;Norsk, vg2 yrkesfaglige utdanningsprogram;Hele landet;Møre og Romsdal;Borgund vidaregåande skole;2,9;42
2;3;NOR1262;I;15;974576449;Norsk, vg2 yrkesfaglige utdanningsprogram;Hele landet;Møre og Romsdal;Gjermundnes vidaregåande skule;3,1;19
2;3;NOR1262;I;15;974576716;Norsk, vg2 yrkesfaglige utdanningsprogram;Hele landet;Møre og Romsdal;Haram vidaregåande skule;*;*
2;3;NOR1262;I;15;974576481;Norsk, vg2 yrkesfaglige utdanningsprogram;Hele landet;Møre og Romsdal;Herøy vidaregåande skule;2,4;14
2;3;NOR1262;I;15;974576708;Norsk, vg2 yrkesfaglige utdanningsprogram;Hele landet;Møre og Romsdal;Hustadvika vidaregåande skole;2,7;23
2;3;NOR1262;I;15;974576589;Norsk, vg2 yrkesfaglige utdanningsprogram;Hele landet;Møre og Romsdal;Kristiansund videregående skole;3,5;24
2;3;NOR1262;I;15;974576562;Norsk, vg2 yrkesfaglige utdanningsprogram;Hele landet;Møre og Romsdal;Rauma videregående skole;3,5;6
2;3;NOR1262;I;15;974576686;Norsk, vg2 yrkesfaglige utdanningsprogram;Hele landet;Møre og Romsdal;Stranda vidaregåande skule;*;*
2;3;NOR1262;I;15;974576570;Norsk, vg2 yrkesfaglige utdanningsprogram;Hele landet;Møre og Romsdal;Sunndal vidaregåande skole;3,9;15
2;3;NOR1262;I;15;974576694;Norsk, vg2 yrkesfaglige utdanningsprogram;Hele landet;Møre og Romsdal;Sykkylven vidaregåande skule;3,4;8
2;3;NOR1262;I;15;974576430;Norsk, vg2 yrkesfaglige utdanningsprogram;Hele landet;Møre og Romsdal;Ulstein vidaregåande skule;3,7;6
2;3;NOR1262;I;15;974576597;Norsk, vg2 yrkesfaglige utdanningsprogram;Hele landet;Møre og Romsdal;Ørsta vidaregåande skule;2,8;13
2;3;NOR1262;I;15;974576503;Norsk, vg2 yrkesfaglige utdanningsprogram;Hele landet;Møre og Romsdal;Ålesund videregående skole;3,4;23
2;2;NOR1262;I;18;18;Norsk, vg2 yrkesfaglige utdanningsprogram;Hele landet;Nordland - Nordlánnda;Alle skoler;3,1;126
2;3;NOR1262;I;18;974621029;Norsk, vg2 yrkesfaglige utdanningsprogram;Hele landet;Nordland - Nordlánnda;Andøy videregående skole;2,8;13
2;3;NOR1262;I;18;974621215;Norsk, vg2 yrkesfaglige utdanningsprogram;Hele landet;Nordland - Nordlánnda;Bodin videregående skole;3,3;7
2;3;NOR1262;I;18;974621223;Norsk, vg2 yrkesfaglige utdanningsprogram;Hele landet;Nordland - Nordlánnda;Bodø videregående skole;3,3;21
2;3;NOR1262;I;18;974621401;Norsk, vg2 yrkesfaglige utdanningsprogram;Hele landet;Nordland - Nordlánnda;Brønnøysund videregående skole;*;*
2;3;NOR1262;I;18;974621290;Norsk, vg2 yrkesfaglige utdanningsprogram;Hele landet;Nordland - Nordlánnda;Fauske videregående skole;2,9;11
2;3;NOR1262;I;18;974621037;Norsk, vg2 yrkesfaglige utdanningsprogram;Hele landet;Nordland - Nordlánnda;Hadsel videregående skole;*;*
2;3;NOR1262;I;18;974621282;Norsk, vg2 yrkesfaglige utdanningsprogram;Hele landet;Nordland - Nordlánnda;Knut Hamsun videregående skole Joarkkaskåvllå;3,4;10
2;3;NOR1262;I;18;974621355;Norsk, vg2 yrkesfaglige utdanningsprogram;Hele landet;Nordland - Nordlánnda;Mosjøen videregående skole;3,1;8
2;3;NOR1262;I;18;974041707;Norsk, vg2 yrkesfaglige utdanningsprogram;Hele landet;Nordland - Nordlánnda;Narvik videregående skole;3,5;10
2;3;NOR1262;I;18;913256840;Norsk, vg2 yrkesfaglige utdanningsprogram;Hele landet;Nordland - Nordlánnda;Nettskolen i Nordland;*;*
2;3;NOR1262;I;18;974621304;Norsk, vg2 yrkesfaglige utdanningsprogram;Hele landet;Nordland - Nordlánnda;Polarsirkelen videregående skole;2,9;30
2;2;NOR1262;I;3;3;Norsk, vg2 yrkesfaglige utdanningsprogram;Hele landet;Oslo;Alle skoler;3,3;105
2;3;NOR1262;I;3;887664102;Norsk, vg2 yrkesfaglige utdanningsprogram;Hele landet;Oslo;Akademiet Oslo AS;*;*
2;3;NOR1262;I;3;990574898;Norsk, vg2 yrkesfaglige utdanningsprogram;Hele landet;Oslo;Bjørnholt videregående skole;*;*
2;3;NOR1262;I;3;912001709;Norsk, vg2 yrkesfaglige utdanningsprogram;Hele landet;Oslo;Edvard Munch videregående skole;4,3;11
2;3;NOR1262;I;3;974590999;Norsk, vg2 yrkesfaglige utdanningsprogram;Hele landet;Oslo;Elvebakken videregående skole;3,8;12
2;3;NOR1262;I;3;974591022;Norsk, vg2 yrkesfaglige utdanningsprogram;Hele landet;Oslo;Etterstad videregående skole;2;15
2;3;NOR1262;I;3;995821664;Norsk, vg2 yrkesfaglige utdanningsprogram;Hele landet;Oslo;Fyrstikkalleen skole;2,9;13
2;3;NOR1262;I;3;974590956;Norsk, vg2 yrkesfaglige utdanningsprogram;Hele landet;Oslo;Hellerud videregående skole;2,6;7
2;3;NOR1262;I;3;899178092;Norsk, vg2 yrkesfaglige utdanningsprogram;Hele landet;Oslo;Kuben videregående skole;2,8;9
2;3;NOR1262;I;3;974714426;Norsk, vg2 yrkesfaglige utdanningsprogram;Hele landet;Oslo;Natur videregående skole Sti;*;*
2;3;NOR1262;I;3;974591065;Norsk, vg2 yrkesfaglige utdanningsprogram;Hele landet;Oslo;Stovner videregående skole;*;*
2;3;NOR1262;I;3;974590964;Norsk, vg2 yrkesfaglige utdanningsprogram;Hele landet;Oslo;Ullern videregående skole;4;6
2;2;NOR1262;I;11;11;Norsk, vg2 yrkesfaglige utdanningsprogram;Hele landet;Rogaland;Alle skoler;3,3;339
2;3;NOR1262;I;11;913385632;Norsk, vg2 yrkesfaglige utdanningsprogram;Hele landet;Rogaland;Bryne vidaregåande skule;3,8;38
2;3;NOR1262;I;11;974624478;Norsk, vg2 yrkesfaglige utdanningsprogram;Hele landet;Rogaland;Dalane videregående skole;2,7;19
2;3;NOR1262;I;11;927794187;Norsk, vg2 yrkesfaglige utdanningsprogram;Hele landet;Rogaland;Forus friskole - Vgs;*;*
2;3;NOR1262;I;11;974624516;Norsk, vg2 yrkesfaglige utdanningsprogram;Hele landet;Rogaland;Gand videregående skole;2,5;25
2;3;NOR1262;I;11;974624648;Norsk, vg2 yrkesfaglige utdanningsprogram;Hele landet;Rogaland;Godalen videregående skole;3,3;54
2;3;NOR1262;I;11;974624486;Norsk, vg2 yrkesfaglige utdanningsprogram;Hele landet;Rogaland;Haugaland videregående skole;2,7;14
2;3;NOR1262;I;11;990183449;Norsk, vg2 yrkesfaglige utdanningsprogram;Hele landet;Rogaland;Jåttå videregående skole;4,4;21
2;3;NOR1262;I;11;974624591;Norsk, vg2 yrkesfaglige utdanningsprogram;Hele landet;Rogaland;Karmsund videregående skole;3,4;30
2;3;NOR1262;I;11;974624664;Norsk, vg2 yrkesfaglige utdanningsprogram;Hele landet;Rogaland;Randaberg videregående skole;2,8;14
2;3;NOR1262;I;11;874624632;Norsk, vg2 yrkesfaglige utdanningsprogram;Hele landet;Rogaland;Sauda vidaregåande skule;4,2;14
2;3;NOR1262;I;11;971815817;Norsk, vg2 yrkesfaglige utdanningsprogram;Hele landet;Rogaland;Skoleskipet Gann;*;*
2;3;NOR1262;I;11;974624672;Norsk, vg2 yrkesfaglige utdanningsprogram;Hele landet;Rogaland;Sola videregående skole;2,5;15
2;3;NOR1262;I;11;974624419;Norsk, vg2 yrkesfaglige utdanningsprogram;Hele landet;Rogaland;Strand videregående skole;3,3;7
2;3;NOR1262;I;11;973157221;Norsk, vg2 yrkesfaglige utdanningsprogram;Hele landet;Rogaland;Tryggheim vidaregåande skule;4,3;7
2;3;NOR1262;I;11;994507508;Norsk, vg2 yrkesfaglige utdanningsprogram;Hele landet;Rogaland;Vågen videregående skole;3,9;13
2;3;NOR1262;I;11;974624451;Norsk, vg2 yrkesfaglige utdanningsprogram;Hele landet;Rogaland;Øksnevad videregående skole;2,7;11
2;3;NOR1262;I;11;974557134;Norsk, vg2 yrkesfaglige utdanningsprogram;Hele landet;Rogaland;Ølen vidaregåande skule;3,2;14
2;3;NOR1262;I;11;974624494;Norsk, vg2 yrkesfaglige utdanningsprogram;Hele landet;Rogaland;Åkrehamn vidaregåande skole;3,3;13
2;2;NOR1262;I;40;40;Norsk, vg2 yrkesfaglige utdanningsprogram;Hele landet;Telemark;Alle skoler;3,3;70
2;3;NOR1262;I;40;974568098;Norsk, vg2 yrkesfaglige utdanningsprogram;Hele landet;Telemark;Bamble videregående skole;*;*
2;3;NOR1262;I;40;974568187;Norsk, vg2 yrkesfaglige utdanningsprogram;Hele landet;Telemark;Nome videregående skole avd Søve;2,6;13
2;3;NOR1262;I;40;974568020;Norsk, vg2 yrkesfaglige utdanningsprogram;Hele landet;Telemark;Porsgrunn videregående skole;3,6;21
2;3;NOR1262;I;40;874568082;Norsk, vg2 yrkesfaglige utdanningsprogram;Hele landet;Telemark;Rjukan videregående skole;3,2;6
2;3;NOR1262;I;40;974568039;Norsk, vg2 yrkesfaglige utdanningsprogram;Hele landet;Telemark;Skien videregående skole;*;*
2;3;NOR1262;I;40;974568152;Norsk, vg2 yrkesfaglige utdanningsprogram;Hele landet;Telemark;Skogmo videregående skole;3,5;21
2;2;NOR1262;I;55;55;Norsk, vg2 yrkesfaglige utdanningsprogram;Hele landet;Troms - Romsa - Tromssa ;Alle skoler;3,4;63
2;3;NOR1262;I;55;974546817;Norsk, vg2 yrkesfaglige utdanningsprogram;Hele landet;Troms - Romsa - Tromssa ;Bardufoss videregående skole;4,5;10
2;3;NOR1262;I;55;974546892;Norsk, vg2 yrkesfaglige utdanningsprogram;Hele landet;Troms - Romsa - Tromssa ;Breivang videregående skole;3,4;7
2;3;NOR1262;I;55;915553354;Norsk, vg2 yrkesfaglige utdanningsprogram;Hele landet;Troms - Romsa - Tromssa ;Ishavsbyen videregående skole;3,7;12
2;3;NOR1262;I;55;974546906;Norsk, vg2 yrkesfaglige utdanningsprogram;Hele landet;Troms - Romsa - Tromssa ;Kvaløya videregående skole;*;*
2;3;NOR1262;I;55;929440706;Norsk, vg2 yrkesfaglige utdanningsprogram;Hele landet;Troms - Romsa - Tromssa ;Longyearbyen skole Videregående Avdeling;*;*
2;3;NOR1262;I;55;974546922;Norsk, vg2 yrkesfaglige utdanningsprogram;Hele landet;Troms - Romsa - Tromssa ;Nordkjosbotn videregående skole;3,3;10
2;3;NOR1262;I;55;974546809;Norsk, vg2 yrkesfaglige utdanningsprogram;Hele landet;Troms - Romsa - Tromssa ;Sjøvegan videregående skole;*;*
2;3;NOR1262;I;55;974546760;Norsk, vg2 yrkesfaglige utdanningsprogram;Hele landet;Troms - Romsa - Tromssa ;Stangnes Rå videregående skole avd Stangnes;3;13
2;2;NOR1262;I;50;50;Norsk, vg2 yrkesfaglige utdanningsprogram;Hele landet;Trøndelag - Trööndelage;Alle skoler;3,2;317
2;3;NOR1262;I;50;984477112;Norsk, vg2 yrkesfaglige utdanningsprogram;Hele landet;Trøndelag - Trööndelage;Byåsen videregående skole;3,2;12
2;3;NOR1262;I;50;996772772;Norsk, vg2 yrkesfaglige utdanningsprogram;Hele landet;Trøndelag - Trööndelage;Charlottenlund videregående skole;2,9;23
2;3;NOR1262;I;50;974557975;Norsk, vg2 yrkesfaglige utdanningsprogram;Hele landet;Trøndelag - Trööndelage;Fosen videregående skole;*;*
2;3;NOR1262;I;50;974557983;Norsk, vg2 yrkesfaglige utdanningsprogram;Hele landet;Trøndelag - Trööndelage;Gauldal videregående skole;3,4;24
2;3;NOR1262;I;50;974557991;Norsk, vg2 yrkesfaglige utdanningsprogram;Hele landet;Trøndelag - Trööndelage;Heimdal videregående skole;3,2;10
2;3;NOR1262;I;50;874558052;Norsk, vg2 yrkesfaglige utdanningsprogram;Hele landet;Trøndelag - Trööndelage;Kyrksæterøra videregående skole;2,7;7
2;3;NOR1262;I;50;974560704;Norsk, vg2 yrkesfaglige utdanningsprogram;Hele landet;Trøndelag - Trööndelage;Levanger videregående skole;2,9;41
2;3;NOR1262;I;50;973638416;Norsk, vg2 yrkesfaglige utdanningsprogram;Hele landet;Trøndelag - Trööndelage;Lukas videregående skole AS;3,6;18
2;3;NOR1262;I;50;974558378;Norsk, vg2 yrkesfaglige utdanningsprogram;Hele landet;Trøndelag - Trööndelage;Malvik videregående skole;3,5;8
2;3;NOR1262;I;50;874558362;Norsk, vg2 yrkesfaglige utdanningsprogram;Hele landet;Trøndelag - Trööndelage;Melhus videregående skole;3,8;10
2;3;NOR1262;I;50;874560782;Norsk, vg2 yrkesfaglige utdanningsprogram;Hele landet;Trøndelag - Trööndelage;Mære landbruksskole;3,6;16
2;3;NOR1262;I;50;974560712;Norsk, vg2 yrkesfaglige utdanningsprogram;Hele landet;Trøndelag - Trööndelage;Olav Duun videregående skole;3,6;29
2;3;NOR1262;I;50;974560720;Norsk, vg2 yrkesfaglige utdanningsprogram;Hele landet;Trøndelag - Trööndelage;Ole Vig videregående skole;3,2;18
2;3;NOR1262;I;50;974557967;Norsk, vg2 yrkesfaglige utdanningsprogram;Hele landet;Trøndelag - Trööndelage;Orkdal vidaregåande skole;3,6;7
2;3;NOR1262;I;50;974558068;Norsk, vg2 yrkesfaglige utdanningsprogram;Hele landet;Trøndelag - Trööndelage;Selbu videregående skole;*;*
2;3;NOR1262;I;50;974560690;Norsk, vg2 yrkesfaglige utdanningsprogram;Hele landet;Trøndelag - Trööndelage;Steinkjer videregående skole;2,4;18
2;3;NOR1262;I;50;996772810;Norsk, vg2 yrkesfaglige utdanningsprogram;Hele landet;Trøndelag - Trööndelage;Strinda videregående skole;4,1;10
2;3;NOR1262;I;50;974558386;Norsk, vg2 yrkesfaglige utdanningsprogram;Hele landet;Trøndelag - Trööndelage;Tiller videregående skole;3,6;19
2;3;NOR1262;I;50;974560747;Norsk, vg2 yrkesfaglige utdanningsprogram;Hele landet;Trøndelag - Trööndelage;Verdal videregående skole;2,9;8
2;3;NOR1262;I;50;974560739;Norsk, vg2 yrkesfaglige utdanningsprogram;Hele landet;Trøndelag - Trööndelage;Ytre Namdal videregående skole;2,7;12
2;3;NOR1262;I;50;974558033;Norsk, vg2 yrkesfaglige utdanningsprogram;Hele landet;Trøndelag - Trööndelage;Åfjord videregående skole;2,7;16
2;2;NOR1262;I;39;39;Norsk, vg2 yrkesfaglige utdanningsprogram;Hele landet;Vestfold;Alle skoler;2,9;135
2;3;NOR1262;I;39;974575086;Norsk, vg2 yrkesfaglige utdanningsprogram;Hele landet;Vestfold;Færder videregående skole;3,5;13
2;3;NOR1262;I;39;974574993;Norsk, vg2 yrkesfaglige utdanningsprogram;Hele landet;Vestfold;Greveskogen videregående skole;3,1;17
2;3;NOR1262;I;39;874575062;Norsk, vg2 yrkesfaglige utdanningsprogram;Hele landet;Vestfold;Holmestrand videregående skole;*;*
2;3;NOR1262;I;39;974575051;Norsk, vg2 yrkesfaglige utdanningsprogram;Hele landet;Vestfold;Melsom videregående skole;*;*
2;3;NOR1262;I;39;874575232;Norsk, vg2 yrkesfaglige utdanningsprogram;Hele landet;Vestfold;Re videregående skole;2,8;20
2;3;NOR1262;I;39;974575116;Norsk, vg2 yrkesfaglige utdanningsprogram;Hele landet;Vestfold;Sande videregående skole;*;*
2;3;NOR1262;I;39;974575019;Norsk, vg2 yrkesfaglige utdanningsprogram;Hele landet;Vestfold;Sandefjord videregående skole;2,8;45
2;3;NOR1262;I;39;974575027;Norsk, vg2 yrkesfaglige utdanningsprogram;Hele landet;Vestfold;Thor Heyerdahl videregående skole;3,2;29
2;2;NOR1262;I;46;46;Norsk, vg2 yrkesfaglige utdanningsprogram;Hele landet;Vestland;Alle skoler;3,5;436
2;3;NOR1262;I;46;999546560;Norsk, vg2 yrkesfaglige utdanningsprogram;Hele landet;Vestland;Amalie Skram videregående skole;4,4;18
2;3;NOR1262;I;46;974557444;Norsk, vg2 yrkesfaglige utdanningsprogram;Hele landet;Vestland;Arna vidaregåande skule;3,1;9
2;3;NOR1262;I;46;974557533;Norsk, vg2 yrkesfaglige utdanningsprogram;Hele landet;Vestland;Askøy videregående skole;3,6;16
2;3;NOR1262;I;46;974557592;Norsk, vg2 yrkesfaglige utdanningsprogram;Hele landet;Vestland;Austevoll vidaregåande skule;3,1;15
2;3;NOR1262;I;46;974557509;Norsk, vg2 yrkesfaglige utdanningsprogram;Hele landet;Vestland;Austrheim vidaregåande skule;3,1;12
2;3;NOR1262;I;46;974557126;Norsk, vg2 yrkesfaglige utdanningsprogram;Hele landet;Vestland;Bømlo vidaregåande skule;3,5;23
2;3;NOR1262;I;46;874571172;Norsk, vg2 yrkesfaglige utdanningsprogram;Hele landet;Vestland;Eid vidaregåande skule;*;*
2;3;NOR1262;I;46;974571145;Norsk, vg2 yrkesfaglige utdanningsprogram;Hele landet;Vestland;Flora vidaregåande skule;4;12
2;3;NOR1262;I;46;874557552;Norsk, vg2 yrkesfaglige utdanningsprogram;Hele landet;Vestland;Fusa vidaregåande skule;3,5;6
2;3;NOR1262;I;46;974557584;Norsk, vg2 yrkesfaglige utdanningsprogram;Hele landet;Vestland;Fyllingsdalen videregående skole;*;*
2;3;NOR1262;I;46;974571110;Norsk, vg2 yrkesfaglige utdanningsprogram;Hele landet;Vestland;Førde vidaregåande skule;3,9;14
2;3;NOR1262;I;46;974571080;Norsk, vg2 yrkesfaglige utdanningsprogram;Hele landet;Vestland;Høyanger vidaregåande skule;4;9
2;3;NOR1262;I;46;974557339;Norsk, vg2 yrkesfaglige utdanningsprogram;Hele landet;Vestland;Knarvik vidaregåande skule;2,9;24
2;3;NOR1262;I;46;873255692;Norsk, vg2 yrkesfaglige utdanningsprogram;Hele landet;Vestland;Krokeide videregående skole AS;*;*
2;3;NOR1262;I;46;974557282;Norsk, vg2 yrkesfaglige utdanningsprogram;Hele landet;Vestland;Kvinnherad vidaregåande skule;3,4;15
2;3;NOR1262;I;46;974557355;Norsk, vg2 yrkesfaglige utdanningsprogram;Hele landet;Vestland;Laksevåg og Bergen Maritime videregående skole;4,1;15
2;3;NOR1262;I;46;974571188;Norsk, vg2 yrkesfaglige utdanningsprogram;Hele landet;Vestland;Måløy vidaregåande skule;2,8;9
2;3;NOR1262;I;46;993527084;Norsk, vg2 yrkesfaglige utdanningsprogram;Hele landet;Vestland;Nordahl Grieg videregående skole;*;*
2;3;NOR1262;I;46;974557290;Norsk, vg2 yrkesfaglige utdanningsprogram;Hele landet;Vestland;Odda vidaregåande skule;2,7;9
2;3;NOR1262;I;46;989630008;Norsk, vg2 yrkesfaglige utdanningsprogram;Hele landet;Vestland;Olsvikåsen videregående skole;*;*
2;3;NOR1262;I;46;974557576;Norsk, vg2 yrkesfaglige utdanningsprogram;Hele landet;Vestland;Os vidaregåande skule;4,1;27
2;3;NOR1262;I;46;974557150;Norsk, vg2 yrkesfaglige utdanningsprogram;Hele landet;Vestland;Osterøy vidaregåande skule;3,8;15
2;3;NOR1262;I;46;974557142;Norsk, vg2 yrkesfaglige utdanningsprogram;Hele landet;Vestland;Sandsli videregående skole;2,7;10
2;3;NOR1262;I;46;974557320;Norsk, vg2 yrkesfaglige utdanningsprogram;Hele landet;Vestland;Slåtthaug videregående skole;3,9;25
2;3;NOR1262;I;46;974571056;Norsk, vg2 yrkesfaglige utdanningsprogram;Hele landet;Vestland;Sogndal vidaregåande skule;3,1;25
2;3;NOR1262;I;46;974557568;Norsk, vg2 yrkesfaglige utdanningsprogram;Hele landet;Vestland;Sotra vidaregåande skule;3,2;12
2;3;NOR1262;I;46;974557703;Norsk, vg2 yrkesfaglige utdanningsprogram;Hele landet;Vestland;Stend vidaregåande skule;3,3;18
2;3;NOR1262;I;46;974557029;Norsk, vg2 yrkesfaglige utdanningsprogram;Hele landet;Vestland;Stord vidaregåande skule;3,8;13
2;3;NOR1262;I;46;974571153;Norsk, vg2 yrkesfaglige utdanningsprogram;Hele landet;Vestland;Stryn vidaregåande skule;3,1;8
2;3;NOR1262;I;46;816031982;Norsk, vg2 yrkesfaglige utdanningsprogram;Hele landet;Vestland;Voss gymnas;3,9;13
2;3;NOR1262;I;46;874571032;Norsk, vg2 yrkesfaglige utdanningsprogram;Hele landet;Vestland;Årdal vidaregåande skule;2,4;7
2;3;NOR1262;I;46;974557487;Norsk, vg2 yrkesfaglige utdanningsprogram;Hele landet;Vestland;Årstad videregående skole;3,6;14
2;3;NOR1262;I;46;974557479;Norsk, vg2 yrkesfaglige utdanningsprogram;Hele landet;Vestland;Åsane vidaregåande skule;3,1;25
2;2;NOR1262;I;31;31;Norsk, vg2 yrkesfaglige utdanningsprogram;Hele landet;Østfold;Alle skoler;3,2;100
2;3;NOR1262;I;31;974544504;Norsk, vg2 yrkesfaglige utdanningsprogram;Hele landet;Østfold;Askim videregående skole;3,4;19
2;3;NOR1262;I;31;874544442;Norsk, vg2 yrkesfaglige utdanningsprogram;Hele landet;Østfold;Borg videregående skole;*;*
2;3;NOR1262;I;31;974544466;Norsk, vg2 yrkesfaglige utdanningsprogram;Hele landet;Østfold;Frederik Ii videregående skole;*;*
2;3;NOR1262;I;31;974544490;Norsk, vg2 yrkesfaglige utdanningsprogram;Hele landet;Østfold;Greåker videregående skole;3,1;9
2;3;NOR1262;I;31;974544563;Norsk, vg2 yrkesfaglige utdanningsprogram;Hele landet;Østfold;Halden videregående skole;3,7;16
2;3;NOR1262;I;31;974544520;Norsk, vg2 yrkesfaglige utdanningsprogram;Hele landet;Østfold;Kalnes videregående skole;*;*
2;3;NOR1262;I;31;974544539;Norsk, vg2 yrkesfaglige utdanningsprogram;Hele landet;Østfold;Kirkeparken videregående skole;3,3;7
2;3;NOR1262;I;31;974544512;Norsk, vg2 yrkesfaglige utdanningsprogram;Hele landet;Østfold;Mysen videregående skole;3,1;23
2;3;NOR1262;I;31;974158876;Norsk, vg2 yrkesfaglige utdanningsprogram;Hele landet;Østfold;Seiersborg videregående skole Fredrikstad AS;2;8
2;3;NOR1262;I;31;874544582;Norsk, vg2 yrkesfaglige utdanningsprogram;Hele landet;Østfold;St. Olav videregående skole;*;*
2;0;NOR1267;Alle;0;Alle;Norsk hovedmål, vg3 studieforberedende utdanningsprogram, skriftlig;Hele landet;Alle fylker;Alle skoler;3,7;32 205
2;1;NOR1267;I;0;I;Norsk hovedmål, vg3 studieforberedende utdanningsprogram, skriftlig;Hele landet;Alle fylker;Alle skoler;3,7;32 205
2;2;NOR1267;I;42;42;Norsk hovedmål, vg3 studieforberedende utdanningsprogram, skriftlig;Hele landet;Agder;Alle skoler;3,6;1 904
2;3;NOR1267;I;42;982759846;Norsk hovedmål, vg3 studieforberedende utdanningsprogram, skriftlig;Hele landet;Agder;Akademiet Kristiansand AS;3,5;18
2;3;NOR1267;I;42;974573873;Norsk hovedmål, vg3 studieforberedende utdanningsprogram, skriftlig;Hele landet;Agder;Arendal videregående skole avd Tyholmen;3,7;150
2;3;NOR1267;I;42;974573881;Norsk hovedmål, vg3 studieforberedende utdanningsprogram, skriftlig;Hele landet;Agder;Dahlske videregående skole;3,6;130
2;3;NOR1267;I;42;974117738;Norsk hovedmål, vg3 studieforberedende utdanningsprogram, skriftlig;Hele landet;Agder;Drottningborg Vgs AS;3,9;64
2;3;NOR1267;I;42;874595012;Norsk hovedmål, vg3 studieforberedende utdanningsprogram, skriftlig;Hele landet;Agder;Eilert Sundt videregående skole Studiested Farsund;3,5;75
2;3;NOR1267;I;42;974595141;Norsk hovedmål, vg3 studieforberedende utdanningsprogram, skriftlig;Hele landet;Agder;Flekkefjord videregående skole Studiested Flekkefjord;3,6;62
2;3;NOR1267;I;42;974594994;Norsk hovedmål, vg3 studieforberedende utdanningsprogram, skriftlig;Hele landet;Agder;Kristiansand katedralskole Gimle;3,9;364
2;3;NOR1267;I;42;974595117;Norsk hovedmål, vg3 studieforberedende utdanningsprogram, skriftlig;Hele landet;Agder;Kvadraturen videregående skole;3,5;122
2;3;NOR1267;I;42;973149776;Norsk hovedmål, vg3 studieforberedende utdanningsprogram, skriftlig;Hele landet;Agder;Kvs-Lyngdal AS;3,8;89
2;3;NOR1267;I;42;974573857;Norsk hovedmål, vg3 studieforberedende utdanningsprogram, skriftlig;Hele landet;Agder;Lillesand videregående skole;3,8;54
2;3;NOR1267;I;42;974595125;Norsk hovedmål, vg3 studieforberedende utdanningsprogram, skriftlig;Hele landet;Agder;Mandal videregående skole;3,8;95
2;3;NOR1267;I;42;994557416;Norsk hovedmål, vg3 studieforberedende utdanningsprogram, skriftlig;Hele landet;Agder;Oasen videregående skole AS;2,6;18
2;3;NOR1267;I;42;974573806;Norsk hovedmål, vg3 studieforberedende utdanningsprogram, skriftlig;Hele landet;Agder;Risør videregående skole;3,6;23
2;3;NOR1267;I;42;974573814;Norsk hovedmål, vg3 studieforberedende utdanningsprogram, skriftlig;Hele landet;Agder;Sam Eyde videregående skole;3,6;126
2;3;NOR1267;I;42;874573892;Norsk hovedmål, vg3 studieforberedende utdanningsprogram, skriftlig;Hele landet;Agder;Setesdal vidaregåande skule;4;51
2;3;NOR1267;I;42;974595060;Norsk hovedmål, vg3 studieforberedende utdanningsprogram, skriftlig;Hele landet;Agder;Sirdal videregående skole;3,4;21
2;3;NOR1267;I;42;928112535;Norsk hovedmål, vg3 studieforberedende utdanningsprogram, skriftlig;Hele landet;Agder;Smi-Skolen i Agder;3,4;7
2;3;NOR1267;I;42;874595152;Norsk hovedmål, vg3 studieforberedende utdanningsprogram, skriftlig;Hele landet;Agder;Tangen videregående skole;3,4;181
2;3;NOR1267;I;42;974573865;Norsk hovedmål, vg3 studieforberedende utdanningsprogram, skriftlig;Hele landet;Agder;Tvedestrand videregående skole;3,4;85
2;3;NOR1267;I;42;974595044;Norsk hovedmål, vg3 studieforberedende utdanningsprogram, skriftlig;Hele landet;Agder;Vennesla videregående skole;3,8;27
2;3;NOR1267;I;42;974595001;Norsk hovedmål, vg3 studieforberedende utdanningsprogram, skriftlig;Hele landet;Agder;Vågsbygd videregående skole;3,5;142
2;2;NOR1267;I;32;32;Norsk hovedmål, vg3 studieforberedende utdanningsprogram, skriftlig;Hele landet;Akershus;Alle skoler;3,6;5 079
2;3;NOR1267;I;32;931696068;Norsk hovedmål, vg3 studieforberedende utdanningsprogram, skriftlig;Hele landet;Akershus;Akademiet Vgs Sandvika AS;*;*
2;3;NOR1267;I;32;974587742;Norsk hovedmål, vg3 studieforberedende utdanningsprogram, skriftlig;Hele landet;Akershus;Asker videregående skole;4;210
2;3;NOR1267;I;32;974587637;Norsk hovedmål, vg3 studieforberedende utdanningsprogram, skriftlig;Hele landet;Akershus;Bjertnes videregående skole;3,8;120
2;3;NOR1267;I;32;974587602;Norsk hovedmål, vg3 studieforberedende utdanningsprogram, skriftlig;Hele landet;Akershus;Bjørkelangen videregående skole;3,7;80
2;3;NOR1267;I;32;974587831;Norsk hovedmål, vg3 studieforberedende utdanningsprogram, skriftlig;Hele landet;Akershus;Bleiker videregående skole;3,3;74
2;3;NOR1267;I;32;974587882;Norsk hovedmål, vg3 studieforberedende utdanningsprogram, skriftlig;Hele landet;Akershus;Drømtorp videregående skole;3,5;40
2;3;NOR1267;I;32;974587890;Norsk hovedmål, vg3 studieforberedende utdanningsprogram, skriftlig;Hele landet;Akershus;Dønski videregående skole;3,6;159
2;3;NOR1267;I;32;974587661;Norsk hovedmål, vg3 studieforberedende utdanningsprogram, skriftlig;Hele landet;Akershus;Eidsvoll videregående skole;3;115
2;3;NOR1267;I;32;974587726;Norsk hovedmål, vg3 studieforberedende utdanningsprogram, skriftlig;Hele landet;Akershus;Eikeli videregående skole;3,7;179
2;3;NOR1267;I;32;825322922;Norsk hovedmål, vg3 studieforberedende utdanningsprogram, skriftlig;Hele landet;Akershus;Feiring videregående skole AS;*;*
2;3;NOR1267;I;32;988843709;Norsk hovedmål, vg3 studieforberedende utdanningsprogram, skriftlig;Hele landet;Akershus;Frogn videregående skole;3,3;164
2;3;NOR1267;I;32;913459598;Norsk hovedmål, vg3 studieforberedende utdanningsprogram, skriftlig;Hele landet;Akershus;Hoppensprett Akademiet Vgs Jessheim AS;2,7;48
2;3;NOR1267;I;32;974587807;Norsk hovedmål, vg3 studieforberedende utdanningsprogram, skriftlig;Hele landet;Akershus;Hvam videregående skole;3,1;49
2;3;NOR1267;I;32;974587645;Norsk hovedmål, vg3 studieforberedende utdanningsprogram, skriftlig;Hele landet;Akershus;Jessheim videregående skole;3,6;261
2;3;NOR1267;I;32;974587750;Norsk hovedmål, vg3 studieforberedende utdanningsprogram, skriftlig;Hele landet;Akershus;Lillestrøm videregående skole;4;244
2;3;NOR1267;I;32;974587610;Norsk hovedmål, vg3 studieforberedende utdanningsprogram, skriftlig;Hele landet;Akershus;Lørenskog videregående skole;3,7;231
2;3;NOR1267;I;32;991815325;Norsk hovedmål, vg3 studieforberedende utdanningsprogram, skriftlig;Hele landet;Akershus;Mailand videregående skole;3,5;157
2;3;NOR1267;I;32;974587734;Norsk hovedmål, vg3 studieforberedende utdanningsprogram, skriftlig;Hele landet;Akershus;Nadderud videregående skole;4,1;170
2;3;NOR1267;I;32;988084948;Norsk hovedmål, vg3 studieforberedende utdanningsprogram, skriftlig;Hele landet;Akershus;Nannestad videregående skole;2,9;142
2;3;NOR1267;I;32;974587653;Norsk hovedmål, vg3 studieforberedende utdanningsprogram, skriftlig;Hele landet;Akershus;Nes videregående skole;3,4;72
2;3;NOR1267;I;32;974587599;Norsk hovedmål, vg3 studieforberedende utdanningsprogram, skriftlig;Hele landet;Akershus;Nesbru videregående skole;3,5;179
2;3;NOR1267;I;32;974587572;Norsk hovedmål, vg3 studieforberedende utdanningsprogram, skriftlig;Hele landet;Akershus;Nesodden videregående skole;3,5;103
2;3;NOR1267;I;32;921204353;Norsk hovedmål, vg3 studieforberedende utdanningsprogram, skriftlig;Hele landet;Akershus;Norges Realfagsgymnas Sandvika AS;3,9;37
2;3;NOR1267;I;32;990672962;Norsk hovedmål, vg3 studieforberedende utdanningsprogram, skriftlig;Hele landet;Akershus;Norges Toppidrettsgymnas Bærum AS;3,7;120
2;3;NOR1267;I;32;974587580;Norsk hovedmål, vg3 studieforberedende utdanningsprogram, skriftlig;Hele landet;Akershus;Roald Amundsen videregående skole;3,7;137
2;3;NOR1267;I;32;974587866;Norsk hovedmål, vg3 studieforberedende utdanningsprogram, skriftlig;Hele landet;Akershus;Rosenvilde videregående skole;3,5;173
2;3;NOR1267;I;32;974587823;Norsk hovedmål, vg3 studieforberedende utdanningsprogram, skriftlig;Hele landet;Akershus;Rud videregående skole;3,8;72
2;3;NOR1267;I;32;974587769;Norsk hovedmål, vg3 studieforberedende utdanningsprogram, skriftlig;Hele landet;Akershus;Rælingen videregående skole;3,2;136
2;3;NOR1267;I;32;974605953;Norsk hovedmål, vg3 studieforberedende utdanningsprogram, skriftlig;Hele landet;Akershus;Røyken videregående skole;3,4;115
2;3;NOR1267;I;32;988835064;Norsk hovedmål, vg3 studieforberedende utdanningsprogram, skriftlig;Hele landet;Akershus;Sandvika videregående skole;3,7;260
2;3;NOR1267;I;32;974587629;Norsk hovedmål, vg3 studieforberedende utdanningsprogram, skriftlig;Hele landet;Akershus;Skedsmo videregående skole;3,5;168
2;3;NOR1267;I;32;974587696;Norsk hovedmål, vg3 studieforberedende utdanningsprogram, skriftlig;Hele landet;Akershus;Ski videregående skole;4;219
2;3;NOR1267;I;32;974587718;Norsk hovedmål, vg3 studieforberedende utdanningsprogram, skriftlig;Hele landet;Akershus;Stabekk videregående skole;4,2;116
2;3;NOR1267;I;32;874587842;Norsk hovedmål, vg3 studieforberedende utdanningsprogram, skriftlig;Hele landet;Akershus;Sørumsand videregående skole;3,3;130
2;3;NOR1267;I;32;874587702;Norsk hovedmål, vg3 studieforberedende utdanningsprogram, skriftlig;Hele landet;Akershus;Valler videregående skole;4;180
2;3;NOR1267;I;32;974587815;Norsk hovedmål, vg3 studieforberedende utdanningsprogram, skriftlig;Hele landet;Akershus;Vestby videregående skole;3,7;78
2;3;NOR1267;I;32;825308512;Norsk hovedmål, vg3 studieforberedende utdanningsprogram, skriftlig;Hele landet;Akershus;Wang Romerike AS;3,8;127
2;3;NOR1267;I;32;974587564;Norsk hovedmål, vg3 studieforberedende utdanningsprogram, skriftlig;Hele landet;Akershus;Ås videregående skole;4;198
2;2;NOR1267;I;33;33;Norsk hovedmål, vg3 studieforberedende utdanningsprogram, skriftlig;Hele landet;Buskerud;Alle skoler;3,6;1 659
2;3;NOR1267;I;33;985500568;Norsk hovedmål, vg3 studieforberedende utdanningsprogram, skriftlig;Hele landet;Buskerud;Akademiet Drammen AS;4;92
2;3;NOR1267;I;33;996789845;Norsk hovedmål, vg3 studieforberedende utdanningsprogram, skriftlig;Hele landet;Buskerud;Akademiet Vgs Bragernes Drammen AS;3,5;56
2;3;NOR1267;I;33;988938424;Norsk hovedmål, vg3 studieforberedende utdanningsprogram, skriftlig;Hele landet;Buskerud;Akademiet Ypsilon videregående skole AS;3,9;58
2;3;NOR1267;I;33;986737162;Norsk hovedmål, vg3 studieforberedende utdanningsprogram, skriftlig;Hele landet;Buskerud;Briskeby videregående skole AS;3,7;7
2;3;NOR1267;I;33;974606216;Norsk hovedmål, vg3 studieforberedende utdanningsprogram, skriftlig;Hele landet;Buskerud;Buskerud videregående skole;3,3;76
2;3;NOR1267;I;33;874605972;Norsk hovedmål, vg3 studieforberedende utdanningsprogram, skriftlig;Hele landet;Buskerud;Drammen videregående skole;3,6;378
2;3;NOR1267;I;33;974605988;Norsk hovedmål, vg3 studieforberedende utdanningsprogram, skriftlig;Hele landet;Buskerud;Eiker videregående skole;3,9;118
2;3;NOR1267;I;33;974606194;Norsk hovedmål, vg3 studieforberedende utdanningsprogram, skriftlig;Hele landet;Buskerud;Gol vidaregåande skule;3,7;69
2;3;NOR1267;I;33;974605929;Norsk hovedmål, vg3 studieforberedende utdanningsprogram, skriftlig;Hele landet;Buskerud;Hønefoss videregående skole;3,3;78
2;3;NOR1267;I;33;974605996;Norsk hovedmål, vg3 studieforberedende utdanningsprogram, skriftlig;Hele landet;Buskerud;Kongsberg videregående skole;3,8;163
2;3;NOR1267;I;33;974606135;Norsk hovedmål, vg3 studieforberedende utdanningsprogram, skriftlig;Hele landet;Buskerud;Lier videregående skole;3,5;66
2;3;NOR1267;I;33;974176122;Norsk hovedmål, vg3 studieforberedende utdanningsprogram, skriftlig;Hele landet;Buskerud;Norges Toppidrettsgymnas Geilo AS;3,5;31
2;3;NOR1267;I;33;974606232;Norsk hovedmål, vg3 studieforberedende utdanningsprogram, skriftlig;Hele landet;Buskerud;Numedal videregående skole;2,9;7
2;3;NOR1267;I;33;974606208;Norsk hovedmål, vg3 studieforberedende utdanningsprogram, skriftlig;Hele landet;Buskerud;Ringerike videregående skole;3,6;171
2;3;NOR1267;I;33;974605961;Norsk hovedmål, vg3 studieforberedende utdanningsprogram, skriftlig;Hele landet;Buskerud;St Hallvard videregående skole;3,5;220
2;3;NOR1267;I;33;973255754;Norsk hovedmål, vg3 studieforberedende utdanningsprogram, skriftlig;Hele landet;Buskerud;Tyrifjord videregående skole;3,6;20
2;3;NOR1267;I;33;974605937;Norsk hovedmål, vg3 studieforberedende utdanningsprogram, skriftlig;Hele landet;Buskerud;Åssiden videregående skole;3;49
2;2;NOR1267;I;56;56;Norsk hovedmål, vg3 studieforberedende utdanningsprogram, skriftlig;Hele landet;Finnmark - Finnmárku - Finmarkku;Alle skoler;3,6;215
2;3;NOR1267;I;56;974622750;Norsk hovedmål, vg3 studieforberedende utdanningsprogram, skriftlig;Hele landet;Finnmark - Finnmárku - Finmarkku;Alta videregående skole;3,6;100
2;3;NOR1267;I;56;914837367;Norsk hovedmål, vg3 studieforberedende utdanningsprogram, skriftlig;Hele landet;Finnmark - Finnmárku - Finmarkku;Båtsfjord private videregående skole AS;*;*
2;3;NOR1267;I;56;874622702;Norsk hovedmål, vg3 studieforberedende utdanningsprogram, skriftlig;Hele landet;Finnmark - Finnmárku - Finmarkku;Hammerfest videregående skole;3,2;39
2;3;NOR1267;I;56;974622726;Norsk hovedmål, vg3 studieforberedende utdanningsprogram, skriftlig;Hele landet;Finnmark - Finnmárku - Finmarkku;Kirkenes videregående skole;3,8;25
2;3;NOR1267;I;56;974622742;Norsk hovedmål, vg3 studieforberedende utdanningsprogram, skriftlig;Hele landet;Finnmark - Finnmárku - Finmarkku;Lakselv videregående skole;*;*
2;3;NOR1267;I;56;974622734;Norsk hovedmål, vg3 studieforberedende utdanningsprogram, skriftlig;Hele landet;Finnmark - Finnmárku - Finmarkku;Nordkapp videregående skole;4;12
2;3;NOR1267;I;56;974622718;Norsk hovedmål, vg3 studieforberedende utdanningsprogram, skriftlig;Hele landet;Finnmark - Finnmárku - Finmarkku;Vadsø videregående skole;4;21
2;3;NOR1267;I;56;974622777;Norsk hovedmål, vg3 studieforberedende utdanningsprogram, skriftlig;Hele landet;Finnmark - Finnmárku - Finmarkku;Vardø videregående skole;3,6;9
2;2;NOR1267;I;34;34;Norsk hovedmål, vg3 studieforberedende utdanningsprogram, skriftlig;Hele landet;Innlandet;Alle skoler;3,7;2 040
2;3;NOR1267;I;34;920330754;Norsk hovedmål, vg3 studieforberedende utdanningsprogram, skriftlig;Hele landet;Innlandet;Create - Lillehammer Kreative videregående skole AS;4,1;43
2;3;NOR1267;I;34;974571900;Norsk hovedmål, vg3 studieforberedende utdanningsprogram, skriftlig;Hele landet;Innlandet;Elverum videregående skole;3,9;167
2;3;NOR1267;I;34;974597195;Norsk hovedmål, vg3 studieforberedende utdanningsprogram, skriftlig;Hele landet;Innlandet;Gausdal videregående skole;3,7;64
2;3;NOR1267;I;34;974597284;Norsk hovedmål, vg3 studieforberedende utdanningsprogram, skriftlig;Hele landet;Innlandet;Gjøvik videregående skole;3,7;192
2;3;NOR1267;I;34;998513448;Norsk hovedmål, vg3 studieforberedende utdanningsprogram, skriftlig;Hele landet;Innlandet;Hadeland videregående skole;3,8;145
2;3;NOR1267;I;34;974571919;Norsk hovedmål, vg3 studieforberedende utdanningsprogram, skriftlig;Hele landet;Innlandet;Hamar katedralskole;3,9;244
2;3;NOR1267;I;34;974597322;Norsk hovedmål, vg3 studieforberedende utdanningsprogram, skriftlig;Hele landet;Innlandet;Lena-Valle videregående skole avd Lena;3,3;100
2;3;NOR1267;I;34;974597241;Norsk hovedmål, vg3 studieforberedende utdanningsprogram, skriftlig;Hele landet;Innlandet;Lillehammer videregående skole avd Nord;3,7;17
2;3;NOR1267;I;34;874597252;Norsk hovedmål, vg3 studieforberedende utdanningsprogram, skriftlig;Hele landet;Innlandet;Lillehammer videregående skole avd Sør;3,9;135
2;3;NOR1267;I;34;974597209;Norsk hovedmål, vg3 studieforberedende utdanningsprogram, skriftlig;Hele landet;Innlandet;Nord-Gudbrandsdal vidaregåande skule;3,8;44
2;3;NOR1267;I;34;974597217;Norsk hovedmål, vg3 studieforberedende utdanningsprogram, skriftlig;Hele landet;Innlandet;Nord-Gudbrandsdal Videregåande skule avd Lom (Nedlagt);3,6;25
2;3;NOR1267;I;34;970963847;Norsk hovedmål, vg3 studieforberedende utdanningsprogram, skriftlig;Hele landet;Innlandet;Nord-Østerdal videregående skole;3,4;40
2;3;NOR1267;I;34;986147667;Norsk hovedmål, vg3 studieforberedende utdanningsprogram, skriftlig;Hele landet;Innlandet;Norges Toppidrettsgymnas Kongsvinger AS;3,5;40
2;3;NOR1267;I;34;873600152;Norsk hovedmål, vg3 studieforberedende utdanningsprogram, skriftlig;Hele landet;Innlandet;Norges Toppidrettsgymnas Lillehammer AS;3,7;85
2;3;NOR1267;I;34;974597330;Norsk hovedmål, vg3 studieforberedende utdanningsprogram, skriftlig;Hele landet;Innlandet;Raufoss videregående skole;4,2;11
2;3;NOR1267;I;34;974597373;Norsk hovedmål, vg3 studieforberedende utdanningsprogram, skriftlig;Hele landet;Innlandet;Raufoss videregående skole avd Dokka;3,7;16
2;3;NOR1267;I;34;974571897;Norsk hovedmål, vg3 studieforberedende utdanningsprogram, skriftlig;Hele landet;Innlandet;Ringsaker videregående skole;3,8;103
2;3;NOR1267;I;34;974571943;Norsk hovedmål, vg3 studieforberedende utdanningsprogram, skriftlig;Hele landet;Innlandet;Sentrum videregående skole;3,1;85
2;3;NOR1267;I;34;974572117;Norsk hovedmål, vg3 studieforberedende utdanningsprogram, skriftlig;Hele landet;Innlandet;Sentrum videregående skole avd Skarnes;4,3;32
2;3;NOR1267;I;34;974571986;Norsk hovedmål, vg3 studieforberedende utdanningsprogram, skriftlig;Hele landet;Innlandet;Solør videregående skole;3,8;26
2;3;NOR1267;I;34;974572079;Norsk hovedmål, vg3 studieforberedende utdanningsprogram, skriftlig;Hele landet;Innlandet;Stange videregående skole;3,7;99
2;3;NOR1267;I;34;974571935;Norsk hovedmål, vg3 studieforberedende utdanningsprogram, skriftlig;Hele landet;Innlandet;Storhamar videregående skole;3,8;60
2;3;NOR1267;I;34;974572028;Norsk hovedmål, vg3 studieforberedende utdanningsprogram, skriftlig;Hele landet;Innlandet;Trysil videregående skole;3,9;25
2;3;NOR1267;I;34;974597381;Norsk hovedmål, vg3 studieforberedende utdanningsprogram, skriftlig;Hele landet;Innlandet;Valdres vidaregåande skule;3,1;52
2;3;NOR1267;I;34;974597233;Norsk hovedmål, vg3 studieforberedende utdanningsprogram, skriftlig;Hele landet;Innlandet;Vinstra vidaregåande skule;3,2;46
2;3;NOR1267;I;34;913391470;Norsk hovedmål, vg3 studieforberedende utdanningsprogram, skriftlig;Hele landet;Innlandet;Wang Hamar AS;3,7;65
2;3;NOR1267;I;34;974571978;Norsk hovedmål, vg3 studieforberedende utdanningsprogram, skriftlig;Hele landet;Innlandet;Øvrebyen videregående skole;3,6;79
2;2;NOR1267;I;15;15;Norsk hovedmål, vg3 studieforberedende utdanningsprogram, skriftlig;Hele landet;Møre og Romsdal;Alle skoler;3,7;1 417
2;3;NOR1267;I;15;911770172;Norsk hovedmål, vg3 studieforberedende utdanningsprogram, skriftlig;Hele landet;Møre og Romsdal;Akademiet Toppidrettsgymnas Ålesund AS;3,1;10
2;3;NOR1267;I;15;984800746;Norsk hovedmål, vg3 studieforberedende utdanningsprogram, skriftlig;Hele landet;Møre og Romsdal;Akademiet Vgs Ålesund AS;3,3;80
2;3;NOR1267;I;15;974576473;Norsk hovedmål, vg3 studieforberedende utdanningsprogram, skriftlig;Hele landet;Møre og Romsdal;Atlanten videregående skole;3,4;161
2;3;NOR1267;I;15;974576716;Norsk hovedmål, vg3 studieforberedende utdanningsprogram, skriftlig;Hele landet;Møre og Romsdal;Haram vidaregåande skule;3,7;58
2;3;NOR1267;I;15;974576708;Norsk hovedmål, vg3 studieforberedende utdanningsprogram, skriftlig;Hele landet;Møre og Romsdal;Hustadvika vidaregåande skole;3,5;19
2;3;NOR1267;I;15;974576589;Norsk hovedmål, vg3 studieforberedende utdanningsprogram, skriftlig;Hele landet;Møre og Romsdal;Kristiansund videregående skole;2,5;12
2;3;NOR1267;I;15;974576422;Norsk hovedmål, vg3 studieforberedende utdanningsprogram, skriftlig;Hele landet;Møre og Romsdal;Molde videregående skole;3,8;174
2;3;NOR1267;I;15;974576562;Norsk hovedmål, vg3 studieforberedende utdanningsprogram, skriftlig;Hele landet;Møre og Romsdal;Rauma videregående skole;3,6;29
2;3;NOR1267;I;15;974576546;Norsk hovedmål, vg3 studieforberedende utdanningsprogram, skriftlig;Hele landet;Møre og Romsdal;Romsdal videregående skole;3,6;74
2;3;NOR1267;I;15;974577267;Norsk hovedmål, vg3 studieforberedende utdanningsprogram, skriftlig;Hele landet;Møre og Romsdal;Spjelkavik videregående skole;3,6;208
2;3;NOR1267;I;15;974576686;Norsk hovedmål, vg3 studieforberedende utdanningsprogram, skriftlig;Hele landet;Møre og Romsdal;Stranda vidaregåande skule;3,7;27
2;3;NOR1267;I;15;974576570;Norsk hovedmål, vg3 studieforberedende utdanningsprogram, skriftlig;Hele landet;Møre og Romsdal;Sunndal vidaregåande skole;3,8;22
2;3;NOR1267;I;15;974576651;Norsk hovedmål, vg3 studieforberedende utdanningsprogram, skriftlig;Hele landet;Møre og Romsdal;Surnadal vidaregåande skule;3,9;31
2;3;NOR1267;I;15;974576694;Norsk hovedmål, vg3 studieforberedende utdanningsprogram, skriftlig;Hele landet;Møre og Romsdal;Sykkylven vidaregåande skule;3,6;25
2;3;NOR1267;I;15;974745607;Norsk hovedmål, vg3 studieforberedende utdanningsprogram, skriftlig;Hele landet;Møre og Romsdal;Tingvoll vidaregåande skole;3,6;12
2;3;NOR1267;I;15;974576430;Norsk hovedmål, vg3 studieforberedende utdanningsprogram, skriftlig;Hele landet;Møre og Romsdal;Ulstein vidaregåande skule;3,7;121
2;3;NOR1267;I;15;974117711;Norsk hovedmål, vg3 studieforberedende utdanningsprogram, skriftlig;Hele landet;Møre og Romsdal;Vestborg Vgs;4;24
2;3;NOR1267;I;15;874576492;Norsk hovedmål, vg3 studieforberedende utdanningsprogram, skriftlig;Hele landet;Møre og Romsdal;Volda vidaregåande skule;4;112
2;3;NOR1267;I;15;974576503;Norsk hovedmål, vg3 studieforberedende utdanningsprogram, skriftlig;Hele landet;Møre og Romsdal;Ålesund videregående skole;3,7;218
2;2;NOR1267;I;18;18;Norsk hovedmål, vg3 studieforberedende utdanningsprogram, skriftlig;Hele landet;Nordland - Nordlánnda;Alle skoler;3,7;1 006
2;3;NOR1267;I;18;974621029;Norsk hovedmål, vg3 studieforberedende utdanningsprogram, skriftlig;Hele landet;Nordland - Nordlánnda;Andøy videregående skole;4,1;12
2;3;NOR1267;I;18;974621134;Norsk hovedmål, vg3 studieforberedende utdanningsprogram, skriftlig;Hele landet;Nordland - Nordlánnda;Aust-Lofoten videregående skole;3,6;49
2;3;NOR1267;I;18;974621215;Norsk hovedmål, vg3 studieforberedende utdanningsprogram, skriftlig;Hele landet;Nordland - Nordlánnda;Bodin videregående skole;3,6;177
2;3;NOR1267;I;18;974621223;Norsk hovedmål, vg3 studieforberedende utdanningsprogram, skriftlig;Hele landet;Nordland - Nordlánnda;Bodø videregående skole;3,8;133
2;3;NOR1267;I;18;974621401;Norsk hovedmål, vg3 studieforberedende utdanningsprogram, skriftlig;Hele landet;Nordland - Nordlánnda;Brønnøysund videregående skole;4;24
2;3;NOR1267;I;18;974621290;Norsk hovedmål, vg3 studieforberedende utdanningsprogram, skriftlig;Hele landet;Nordland - Nordlánnda;Fauske videregående skole;3,5;25
2;3;NOR1267;I;18;974621037;Norsk hovedmål, vg3 studieforberedende utdanningsprogram, skriftlig;Hele landet;Nordland - Nordlánnda;Hadsel videregående skole;3,5;26
2;3;NOR1267;I;18;974621282;Norsk hovedmål, vg3 studieforberedende utdanningsprogram, skriftlig;Hele landet;Nordland - Nordlánnda;Knut Hamsun videregående skole Joarkkaskåvllå;3,6;23
2;3;NOR1267;I;18;973494694;Norsk hovedmål, vg3 studieforberedende utdanningsprogram, skriftlig;Hele landet;Nordland - Nordlánnda;Kristen videregående skole Nordland Sti;*;*
2;3;NOR1267;I;18;974621193;Norsk hovedmål, vg3 studieforberedende utdanningsprogram, skriftlig;Hele landet;Nordland - Nordlánnda;Meløy videregående skole;4;10
2;3;NOR1267;I;18;974621355;Norsk hovedmål, vg3 studieforberedende utdanningsprogram, skriftlig;Hele landet;Nordland - Nordlánnda;Mosjøen videregående skole;3,7;67
2;3;NOR1267;I;18;974041707;Norsk hovedmål, vg3 studieforberedende utdanningsprogram, skriftlig;Hele landet;Nordland - Nordlánnda;Narvik videregående skole;4;98
2;3;NOR1267;I;18;916694490;Norsk hovedmål, vg3 studieforberedende utdanningsprogram, skriftlig;Hele landet;Nordland - Nordlánnda;Norges Toppidrettsgymnas Bodø AS;*;*
2;3;NOR1267;I;18;974621304;Norsk hovedmål, vg3 studieforberedende utdanningsprogram, skriftlig;Hele landet;Nordland - Nordlánnda;Polarsirkelen videregående skole;3,9;107
2;3;NOR1267;I;18;974621274;Norsk hovedmål, vg3 studieforberedende utdanningsprogram, skriftlig;Hele landet;Nordland - Nordlánnda;Saltdal videregående skole;3,7;19
2;3;NOR1267;I;18;874621382;Norsk hovedmål, vg3 studieforberedende utdanningsprogram, skriftlig;Hele landet;Nordland - Nordlánnda;Sandnessjøen videregående skole;3,8;68
2;3;NOR1267;I;18;974621053;Norsk hovedmål, vg3 studieforberedende utdanningsprogram, skriftlig;Hele landet;Nordland - Nordlánnda;Sortland videregående skole avd Sortland;3,8;76
2;3;NOR1267;I;18;974621169;Norsk hovedmål, vg3 studieforberedende utdanningsprogram, skriftlig;Hele landet;Nordland - Nordlánnda;Vest-Lofoten videregående skole;3,5;61
2;2;NOR1267;I;3;3;Norsk hovedmål, vg3 studieforberedende utdanningsprogram, skriftlig;Hele landet;Oslo;Alle skoler;3,7;5 027
2;3;NOR1267;I;3;887664102;Norsk hovedmål, vg3 studieforberedende utdanningsprogram, skriftlig;Hele landet;Oslo;Akademiet Oslo AS;3;135
2;3;NOR1267;I;3;988938386;Norsk hovedmål, vg3 studieforberedende utdanningsprogram, skriftlig;Hele landet;Oslo;Akademiet Vgs Bislett AS;3,7;52
2;3;NOR1267;I;3;974591006;Norsk hovedmål, vg3 studieforberedende utdanningsprogram, skriftlig;Hele landet;Oslo;Bjerke videregående skole;3,1;285
2;3;NOR1267;I;3;990574898;Norsk hovedmål, vg3 studieforberedende utdanningsprogram, skriftlig;Hele landet;Oslo;Bjørnholt videregående skole;3,1;79
2;3;NOR1267;I;3;912703312;Norsk hovedmål, vg3 studieforberedende utdanningsprogram, skriftlig;Hele landet;Oslo;Blindern videregående skole;3,9;171
2;3;NOR1267;I;3;973480634;Norsk hovedmål, vg3 studieforberedende utdanningsprogram, skriftlig;Hele landet;Oslo;Den Tysk-Norske skolen i Oslo avd grunnskole Sporveisgata;3,9;16
2;3;NOR1267;I;3;912001709;Norsk hovedmål, vg3 studieforberedende utdanningsprogram, skriftlig;Hele landet;Oslo;Edvard Munch videregående skole;4,1;342
2;3;NOR1267;I;3;873626372;Norsk hovedmål, vg3 studieforberedende utdanningsprogram, skriftlig;Hele landet;Oslo;Eikelund videregående skole;3,4;11
2;3;NOR1267;I;3;974590999;Norsk hovedmål, vg3 studieforberedende utdanningsprogram, skriftlig;Hele landet;Oslo;Elvebakken videregående skole;4,4;374
2;3;NOR1267;I;3;974590867;Norsk hovedmål, vg3 studieforberedende utdanningsprogram, skriftlig;Hele landet;Oslo;Foss videregående skole;4,1;300
2;3;NOR1267;I;3;995821664;Norsk hovedmål, vg3 studieforberedende utdanningsprogram, skriftlig;Hele landet;Oslo;Fyrstikkalleen skole;3,3;185
2;3;NOR1267;I;3;974590891;Norsk hovedmål, vg3 studieforberedende utdanningsprogram, skriftlig;Hele landet;Oslo;Hartvig Nissens skole;3,9;182
2;3;NOR1267;I;3;974590956;Norsk hovedmål, vg3 studieforberedende utdanningsprogram, skriftlig;Hele landet;Oslo;Hellerud videregående skole;2,8;99
2;3;NOR1267;I;3;974192020;Norsk hovedmål, vg3 studieforberedende utdanningsprogram, skriftlig;Hele landet;Oslo;Heltberg private gymnas;3,1;65
2;3;NOR1267;I;3;912001008;Norsk hovedmål, vg3 studieforberedende utdanningsprogram, skriftlig;Hele landet;Oslo;Hersleb videregående skole;2,5;75
2;3;NOR1267;I;3;999173926;Norsk hovedmål, vg3 studieforberedende utdanningsprogram, skriftlig;Hele landet;Oslo;Kongshavn videregående skole;3,6;141
2;3;NOR1267;I;3;873626402;Norsk hovedmål, vg3 studieforberedende utdanningsprogram, skriftlig;Hele landet;Oslo;Kongsskogen videregående skole;3,7;23
2;3;NOR1267;I;3;974117797;Norsk hovedmål, vg3 studieforberedende utdanningsprogram, skriftlig;Hele landet;Oslo;Kristelig gymnasium AS videregående skole;4;179
2;3;NOR1267;I;3;899178092;Norsk hovedmål, vg3 studieforberedende utdanningsprogram, skriftlig;Hele landet;Oslo;Kuben videregående skole;3,3;173
2;3;NOR1267;I;3;974590913;Norsk hovedmål, vg3 studieforberedende utdanningsprogram, skriftlig;Hele landet;Oslo;Lambertseter videregående skole;3,5;285
2;3;NOR1267;I;3;996216454;Norsk hovedmål, vg3 studieforberedende utdanningsprogram, skriftlig;Hele landet;Oslo;Nydalen videregående skole;4,5;189
2;3;NOR1267;I;3;974590883;Norsk hovedmål, vg3 studieforberedende utdanningsprogram, skriftlig;Hele landet;Oslo;Oslo Handelsgymnasium;3,5;248
2;3;NOR1267;I;3;874590932;Norsk hovedmål, vg3 studieforberedende utdanningsprogram, skriftlig;Hele landet;Oslo;Oslo katedralskole;4,4;179
2;3;NOR1267;I;3;972286389;Norsk hovedmål, vg3 studieforberedende utdanningsprogram, skriftlig;Hele landet;Oslo;Oslo private gymnasium AS;3,9;64
2;3;NOR1267;I;3;971816309;Norsk hovedmål, vg3 studieforberedende utdanningsprogram, skriftlig;Hele landet;Oslo;Otto Treider private gymnas AS;3,5;69
2;3;NOR1267;I;3;974590948;Norsk hovedmål, vg3 studieforberedende utdanningsprogram, skriftlig;Hele landet;Oslo;Persbråten videregående skole;3,3;174
2;3;NOR1267;I;3;974591065;Norsk hovedmål, vg3 studieforberedende utdanningsprogram, skriftlig;Hele landet;Oslo;Stovner videregående skole;3,2;87
2;3;NOR1267;I;3;974590964;Norsk hovedmål, vg3 studieforberedende utdanningsprogram, skriftlig;Hele landet;Oslo;Ullern videregående skole;4,3;272
2;3;NOR1267;I;3;974590972;Norsk hovedmål, vg3 studieforberedende utdanningsprogram, skriftlig;Hele landet;Oslo;Ulsrud videregående skole;3,2;53
2;3;NOR1267;I;3;917527067;Norsk hovedmål, vg3 studieforberedende utdanningsprogram, skriftlig;Hele landet;Oslo;Valle Hovin videregående skole;3,6;158
2;3;NOR1267;I;3;925607797;Norsk hovedmål, vg3 studieforberedende utdanningsprogram, skriftlig;Hele landet;Oslo;Vika videregående skole;3,7;147
2;3;NOR1267;I;3;971816317;Norsk hovedmål, vg3 studieforberedende utdanningsprogram, skriftlig;Hele landet;Oslo;Wang videregående Skole/ Wang Toppidrett;3,9;215
2;2;NOR1267;I;11;11;Norsk hovedmål, vg3 studieforberedende utdanningsprogram, skriftlig;Hele landet;Rogaland;Alle skoler;3,7;2 854
2;3;NOR1267;I;11;987546603;Norsk hovedmål, vg3 studieforberedende utdanningsprogram, skriftlig;Hele landet;Rogaland;Akademiet Sandnes;3,2;70
2;3;NOR1267;I;11;974624532;Norsk hovedmål, vg3 studieforberedende utdanningsprogram, skriftlig;Hele landet;Rogaland;Bergeland videregående skole;3,3;95
2;3;NOR1267;I;11;913385632;Norsk hovedmål, vg3 studieforberedende utdanningsprogram, skriftlig;Hele landet;Rogaland;Bryne vidaregåande skule;3,5;192
2;3;NOR1267;I;11;974624478;Norsk hovedmål, vg3 studieforberedende utdanningsprogram, skriftlig;Hele landet;Rogaland;Dalane videregående skole;3,7;62
2;3;NOR1267;I;11;974624486;Norsk hovedmål, vg3 studieforberedende utdanningsprogram, skriftlig;Hele landet;Rogaland;Haugaland videregående skole;3,3;23
2;3;NOR1267;I;11;971816287;Norsk hovedmål, vg3 studieforberedende utdanningsprogram, skriftlig;Hele landet;Rogaland;Haugesund Toppidrettsgymnas AS;3,6;72
2;3;NOR1267;I;11;974624370;Norsk hovedmål, vg3 studieforberedende utdanningsprogram, skriftlig;Hele landet;Rogaland;Hetland videregående skole;3,7;181
2;3;NOR1267;I;11;982378494;Norsk hovedmål, vg3 studieforberedende utdanningsprogram, skriftlig;Hele landet;Rogaland;Hollenderhaugen skolesenter;*;*
2;3;NOR1267;I;11;990183449;Norsk hovedmål, vg3 studieforberedende utdanningsprogram, skriftlig;Hele landet;Rogaland;Jåttå videregående skole;3,4;55
2;3;NOR1267;I;11;974624389;Norsk hovedmål, vg3 studieforberedende utdanningsprogram, skriftlig;Hele landet;Rogaland;Kopervik videregående skole;3,6;86
2;3;NOR1267;I;11;874117722;Norsk hovedmål, vg3 studieforberedende utdanningsprogram, skriftlig;Hele landet;Rogaland;Lundeneset Vgs;4;30
2;3;NOR1267;I;11;874624772;Norsk hovedmål, vg3 studieforberedende utdanningsprogram, skriftlig;Hele landet;Rogaland;Møllehagen skolesenter grunnskole og videregående skole;*;*
2;3;NOR1267;I;11;913404793;Norsk hovedmål, vg3 studieforberedende utdanningsprogram, skriftlig;Hele landet;Rogaland;Norheim Vgs AS;3,3;6
2;3;NOR1267;I;11;974624664;Norsk hovedmål, vg3 studieforberedende utdanningsprogram, skriftlig;Hele landet;Rogaland;Randaberg videregående skole;3;95
2;3;NOR1267;I;11;974624397;Norsk hovedmål, vg3 studieforberedende utdanningsprogram, skriftlig;Hele landet;Rogaland;Sandnes videregående skole;3,5;332
2;3;NOR1267;I;11;874624632;Norsk hovedmål, vg3 studieforberedende utdanningsprogram, skriftlig;Hele landet;Rogaland;Sauda vidaregåande skule;3,6;57
2;3;NOR1267;I;11;974624362;Norsk hovedmål, vg3 studieforberedende utdanningsprogram, skriftlig;Hele landet;Rogaland;Skeisvang videregående skole;3,9;165
2;3;NOR1267;I;11;974624672;Norsk hovedmål, vg3 studieforberedende utdanningsprogram, skriftlig;Hele landet;Rogaland;Sola videregående skole;3,4;128
2;3;NOR1267;I;11;974624427;Norsk hovedmål, vg3 studieforberedende utdanningsprogram, skriftlig;Hele landet;Rogaland;St Svithun videregående skole;3,9;288
2;3;NOR1267;I;11;974624443;Norsk hovedmål, vg3 studieforberedende utdanningsprogram, skriftlig;Hele landet;Rogaland;St. Olav videregående skole;4,1;221
2;3;NOR1267;I;11;974624400;Norsk hovedmål, vg3 studieforberedende utdanningsprogram, skriftlig;Hele landet;Rogaland;Stavanger katedralskole;4;173
2;3;NOR1267;I;11;974624419;Norsk hovedmål, vg3 studieforberedende utdanningsprogram, skriftlig;Hele landet;Rogaland;Strand videregående skole;3,3;76
2;3;NOR1267;I;11;973157221;Norsk hovedmål, vg3 studieforberedende utdanningsprogram, skriftlig;Hele landet;Rogaland;Tryggheim vidaregåande skule;4;53
2;3;NOR1267;I;11;974624435;Norsk hovedmål, vg3 studieforberedende utdanningsprogram, skriftlig;Hele landet;Rogaland;Vardafjell videregående skole;3,9;123
2;3;NOR1267;I;11;994507508;Norsk hovedmål, vg3 studieforberedende utdanningsprogram, skriftlig;Hele landet;Rogaland;Vågen videregående skole;3,7;164
2;3;NOR1267;I;11;988586102;Norsk hovedmål, vg3 studieforberedende utdanningsprogram, skriftlig;Hele landet;Rogaland;Wang Toppidrett Stavanger AS;3,7;53
2;3;NOR1267;I;11;974557134;Norsk hovedmål, vg3 studieforberedende utdanningsprogram, skriftlig;Hele landet;Rogaland;Ølen vidaregåande skule;3,8;40
2;2;NOR1267;I;40;40;Norsk hovedmål, vg3 studieforberedende utdanningsprogram, skriftlig;Hele landet;Telemark;Alle skoler;3,5;895
2;3;NOR1267;I;40;974568098;Norsk hovedmål, vg3 studieforberedende utdanningsprogram, skriftlig;Hele landet;Telemark;Bamble videregående skole;3,3;21
2;3;NOR1267;I;40;974567997;Norsk hovedmål, vg3 studieforberedende utdanningsprogram, skriftlig;Hele landet;Telemark;Bø vidaregåande skule;3,4;93
2;3;NOR1267;I;40;974568071;Norsk hovedmål, vg3 studieforberedende utdanningsprogram, skriftlig;Hele landet;Telemark;Hjalmar Johansen videregående skole;3,2;106
2;3;NOR1267;I;40;974568004;Norsk hovedmål, vg3 studieforberedende utdanningsprogram, skriftlig;Hele landet;Telemark;Kragerø videregående skole;3,7;52
2;3;NOR1267;I;40;974085062;Norsk hovedmål, vg3 studieforberedende utdanningsprogram, skriftlig;Hele landet;Telemark;Kvitsund gymnas;3,9;36
2;3;NOR1267;I;40;974568012;Norsk hovedmål, vg3 studieforberedende utdanningsprogram, skriftlig;Hele landet;Telemark;Notodden videregående skole;3,4;47
2;3;NOR1267;I;40;974568020;Norsk hovedmål, vg3 studieforberedende utdanningsprogram, skriftlig;Hele landet;Telemark;Porsgrunn videregående skole;3,6;157
2;3;NOR1267;I;40;874568082;Norsk hovedmål, vg3 studieforberedende utdanningsprogram, skriftlig;Hele landet;Telemark;Rjukan videregående skole;3,7;15
2;3;NOR1267;I;40;974568039;Norsk hovedmål, vg3 studieforberedende utdanningsprogram, skriftlig;Hele landet;Telemark;Skien videregående skole;3,6;233
2;3;NOR1267;I;40;974568152;Norsk hovedmål, vg3 studieforberedende utdanningsprogram, skriftlig;Hele landet;Telemark;Skogmo videregående skole;3,3;55
2;3;NOR1267;I;40;888361332;Norsk hovedmål, vg3 studieforberedende utdanningsprogram, skriftlig;Hele landet;Telemark;Stiftelsen Telemark Toppidrett gymnas;3,8;80
2;2;NOR1267;I;55;55;Norsk hovedmål, vg3 studieforberedende utdanningsprogram, skriftlig;Hele landet;Troms - Romsa - Tromssa ;Alle skoler;3,7;837
2;3;NOR1267;I;55;974546817;Norsk hovedmål, vg3 studieforberedende utdanningsprogram, skriftlig;Hele landet;Troms - Romsa - Tromssa ;Bardufoss videregående skole;3,4;56
2;3;NOR1267;I;55;974546892;Norsk hovedmål, vg3 studieforberedende utdanningsprogram, skriftlig;Hele landet;Troms - Romsa - Tromssa ;Breivang videregående skole;3,5;53
2;3;NOR1267;I;55;974546671;Norsk hovedmål, vg3 studieforberedende utdanningsprogram, skriftlig;Hele landet;Troms - Romsa - Tromssa ;Heggen videregående skole;3,9;118
2;3;NOR1267;I;55;974546744;Norsk hovedmål, vg3 studieforberedende utdanningsprogram, skriftlig;Hele landet;Troms - Romsa - Tromssa ;Kongsbakken videregående skole;4;178
2;3;NOR1267;I;55;974546906;Norsk hovedmål, vg3 studieforberedende utdanningsprogram, skriftlig;Hele landet;Troms - Romsa - Tromssa ;Kvaløya videregående skole;3,7;40
2;3;NOR1267;I;55;929440706;Norsk hovedmål, vg3 studieforberedende utdanningsprogram, skriftlig;Hele landet;Troms - Romsa - Tromssa ;Longyearbyen skole Videregående Avdeling;*;*
2;3;NOR1267;I;55;974546922;Norsk hovedmål, vg3 studieforberedende utdanningsprogram, skriftlig;Hele landet;Troms - Romsa - Tromssa ;Nordkjosbotn videregående skole;4;20
2;3;NOR1267;I;55;974546957;Norsk hovedmål, vg3 studieforberedende utdanningsprogram, skriftlig;Hele landet;Troms - Romsa - Tromssa ;Nord-Troms videregående skole avd Nordreisa;3,5;25
2;3;NOR1267;I;55;991575731;Norsk hovedmål, vg3 studieforberedende utdanningsprogram, skriftlig;Hele landet;Troms - Romsa - Tromssa ;Norges Toppidrettsgymnas Tromsø AS;*;*
2;3;NOR1267;I;55;974546698;Norsk hovedmål, vg3 studieforberedende utdanningsprogram, skriftlig;Hele landet;Troms - Romsa - Tromssa ;Senja videregående skole avd Finnfjordbotn;3,2;67
2;3;NOR1267;I;55;974546809;Norsk hovedmål, vg3 studieforberedende utdanningsprogram, skriftlig;Hele landet;Troms - Romsa - Tromssa ;Sjøvegan videregående skole;3,6;17
2;3;NOR1267;I;55;974546760;Norsk hovedmål, vg3 studieforberedende utdanningsprogram, skriftlig;Hele landet;Troms - Romsa - Tromssa ;Stangnes Rå videregående skole avd Stangnes;2,7;30
2;3;NOR1267;I;55;974546868;Norsk hovedmål, vg3 studieforberedende utdanningsprogram, skriftlig;Hele landet;Troms - Romsa - Tromssa ;Tromsdalen videregående skole;3,7;176
2;2;NOR1267;I;50;50;Norsk hovedmål, vg3 studieforberedende utdanningsprogram, skriftlig;Hele landet;Trøndelag - Trööndelage;Alle skoler;3,7;2 502
2;3;NOR1267;I;50;971816279;Norsk hovedmål, vg3 studieforberedende utdanningsprogram, skriftlig;Hele landet;Trøndelag - Trööndelage;Bybroen videregående skole AS;3,3;19
2;3;NOR1267;I;50;984477112;Norsk hovedmål, vg3 studieforberedende utdanningsprogram, skriftlig;Hele landet;Trøndelag - Trööndelage;Byåsen videregående skole;3,6;178
2;3;NOR1267;I;50;996772772;Norsk hovedmål, vg3 studieforberedende utdanningsprogram, skriftlig;Hele landet;Trøndelag - Trööndelage;Charlottenlund videregående skole;3,5;176
2;3;NOR1267;I;50;926694022;Norsk hovedmål, vg3 studieforberedende utdanningsprogram, skriftlig;Hele landet;Trøndelag - Trööndelage;Cissi Klein videregående skole;3,6;37
2;3;NOR1267;I;50;974557975;Norsk hovedmål, vg3 studieforberedende utdanningsprogram, skriftlig;Hele landet;Trøndelag - Trööndelage;Fosen videregående skole;3,2;23
2;3;NOR1267;I;50;974557983;Norsk hovedmål, vg3 studieforberedende utdanningsprogram, skriftlig;Hele landet;Trøndelag - Trööndelage;Gauldal videregående skole;3,4;27
2;3;NOR1267;I;50;974560771;Norsk hovedmål, vg3 studieforberedende utdanningsprogram, skriftlig;Hele landet;Trøndelag - Trööndelage;Grong videregående skole;2,9;59
2;3;NOR1267;I;50;974558017;Norsk hovedmål, vg3 studieforberedende utdanningsprogram, skriftlig;Hele landet;Trøndelag - Trööndelage;Guri Kunna videregående skole avd Hitra;3,8;10
2;3;NOR1267;I;50;974557991;Norsk hovedmål, vg3 studieforberedende utdanningsprogram, skriftlig;Hele landet;Trøndelag - Trööndelage;Heimdal videregående skole;3,6;220
2;3;NOR1267;I;50;974560798;Norsk hovedmål, vg3 studieforberedende utdanningsprogram, skriftlig;Hele landet;Trøndelag - Trööndelage;Inderøy videregående skole;3,2;60
2;3;NOR1267;I;50;929188829;Norsk hovedmål, vg3 studieforberedende utdanningsprogram, skriftlig;Hele landet;Trøndelag - Trööndelage;Johan Bojer videregående skole;4,1;28
2;3;NOR1267;I;50;974149699;Norsk hovedmål, vg3 studieforberedende utdanningsprogram, skriftlig;Hele landet;Trøndelag - Trööndelage;Kristen videregående skole Trøndelag;3,9;140
2;3;NOR1267;I;50;874558052;Norsk hovedmål, vg3 studieforberedende utdanningsprogram, skriftlig;Hele landet;Trøndelag - Trööndelage;Kyrksæterøra videregående skole;3,9;8
2;3;NOR1267;I;50;974560704;Norsk hovedmål, vg3 studieforberedende utdanningsprogram, skriftlig;Hele landet;Trøndelag - Trööndelage;Levanger videregående skole;3,6;117
2;3;NOR1267;I;50;974558378;Norsk hovedmål, vg3 studieforberedende utdanningsprogram, skriftlig;Hele landet;Trøndelag - Trööndelage;Malvik videregående skole;4;83
2;3;NOR1267;I;50;874558362;Norsk hovedmål, vg3 studieforberedende utdanningsprogram, skriftlig;Hele landet;Trøndelag - Trööndelage;Melhus videregående skole;3,9;63
2;3;NOR1267;I;50;974560763;Norsk hovedmål, vg3 studieforberedende utdanningsprogram, skriftlig;Hele landet;Trøndelag - Trööndelage;Meråker videregående skole;3,5;38
2;3;NOR1267;I;50;974560712;Norsk hovedmål, vg3 studieforberedende utdanningsprogram, skriftlig;Hele landet;Trøndelag - Trööndelage;Olav Duun videregående skole;3,8;75
2;3;NOR1267;I;50;974560720;Norsk hovedmål, vg3 studieforberedende utdanningsprogram, skriftlig;Hele landet;Trøndelag - Trööndelage;Ole Vig videregående skole;3,6;134
2;3;NOR1267;I;50;974558041;Norsk hovedmål, vg3 studieforberedende utdanningsprogram, skriftlig;Hele landet;Trøndelag - Trööndelage;Oppdal videregående skole;3,9;38
2;3;NOR1267;I;50;974557967;Norsk hovedmål, vg3 studieforberedende utdanningsprogram, skriftlig;Hele landet;Trøndelag - Trööndelage;Orkdal vidaregåande skole;3,9;79
2;3;NOR1267;I;50;974558130;Norsk hovedmål, vg3 studieforberedende utdanningsprogram, skriftlig;Hele landet;Trøndelag - Trööndelage;Røros videregående skole;4,4;27
2;3;NOR1267;I;50;974558068;Norsk hovedmål, vg3 studieforberedende utdanningsprogram, skriftlig;Hele landet;Trøndelag - Trööndelage;Selbu videregående skole;4;14
2;3;NOR1267;I;50;932343150;Norsk hovedmål, vg3 studieforberedende utdanningsprogram, skriftlig;Hele landet;Trøndelag - Trööndelage;Sommerschild skole;3,8;8
2;3;NOR1267;I;50;974560690;Norsk hovedmål, vg3 studieforberedende utdanningsprogram, skriftlig;Hele landet;Trøndelag - Trööndelage;Steinkjer videregående skole;3,2;103
2;3;NOR1267;I;50;996772810;Norsk hovedmål, vg3 studieforberedende utdanningsprogram, skriftlig;Hele landet;Trøndelag - Trööndelage;Strinda videregående skole;4;199
2;3;NOR1267;I;50;995415372;Norsk hovedmål, vg3 studieforberedende utdanningsprogram, skriftlig;Hele landet;Trøndelag - Trööndelage;Thora Storm videregående skole;4,1;169
2;3;NOR1267;I;50;974558386;Norsk hovedmål, vg3 studieforberedende utdanningsprogram, skriftlig;Hele landet;Trøndelag - Trööndelage;Tiller videregående skole;3,4;93
2;3;NOR1267;I;50;974557908;Norsk hovedmål, vg3 studieforberedende utdanningsprogram, skriftlig;Hele landet;Trøndelag - Trööndelage;Trondheim katedralskole;3,7;173
2;3;NOR1267;I;50;974560747;Norsk hovedmål, vg3 studieforberedende utdanningsprogram, skriftlig;Hele landet;Trøndelag - Trööndelage;Verdal videregående skole;3,8;78
2;3;NOR1267;I;50;974560739;Norsk hovedmål, vg3 studieforberedende utdanningsprogram, skriftlig;Hele landet;Trøndelag - Trööndelage;Ytre Namdal videregående skole;3,5;15
2;3;NOR1267;I;50;974558033;Norsk hovedmål, vg3 studieforberedende utdanningsprogram, skriftlig;Hele landet;Trøndelag - Trööndelage;Åfjord videregående skole;3,7;11
2;2;NOR1267;I;39;39;Norsk hovedmål, vg3 studieforberedende utdanningsprogram, skriftlig;Hele landet;Vestfold;Alle skoler;3,6;1 538
2;3;NOR1267;I;39;974575086;Norsk hovedmål, vg3 studieforberedende utdanningsprogram, skriftlig;Hele landet;Vestfold;Færder videregående skole;3,7;39
2;3;NOR1267;I;39;974574993;Norsk hovedmål, vg3 studieforberedende utdanningsprogram, skriftlig;Hele landet;Vestfold;Greveskogen videregående skole;3,5;194
2;3;NOR1267;I;39;874575062;Norsk hovedmål, vg3 studieforberedende utdanningsprogram, skriftlig;Hele landet;Vestfold;Holmestrand videregående skole;3,2;26
2;3;NOR1267;I;39;923261354;Norsk hovedmål, vg3 studieforberedende utdanningsprogram, skriftlig;Hele landet;Vestfold;Horten videregående skole;3,5;200
2;3;NOR1267;I;39;974575051;Norsk hovedmål, vg3 studieforberedende utdanningsprogram, skriftlig;Hele landet;Vestfold;Melsom videregående skole;3,8;13
2;3;NOR1267;I;39;974575000;Norsk hovedmål, vg3 studieforberedende utdanningsprogram, skriftlig;Hele landet;Vestfold;Nøtterøy videregående skole;4;166
2;3;NOR1267;I;39;874575232;Norsk hovedmål, vg3 studieforberedende utdanningsprogram, skriftlig;Hele landet;Vestfold;Re videregående skole;3,5;166
2;3;NOR1267;I;39;974575116;Norsk hovedmål, vg3 studieforberedende utdanningsprogram, skriftlig;Hele landet;Vestfold;Sande videregående skole;3,4;64
2;3;NOR1267;I;39;974575019;Norsk hovedmål, vg3 studieforberedende utdanningsprogram, skriftlig;Hele landet;Vestfold;Sandefjord videregående skole;3,6;365
2;3;NOR1267;I;39;974575027;Norsk hovedmål, vg3 studieforberedende utdanningsprogram, skriftlig;Hele landet;Vestfold;Thor Heyerdahl videregående skole;3,6;241
2;3;NOR1267;I;39;995354071;Norsk hovedmål, vg3 studieforberedende utdanningsprogram, skriftlig;Hele landet;Vestfold;Wang Tønsberg AS;4;64
2;2;NOR1267;I;46;46;Norsk hovedmål, vg3 studieforberedende utdanningsprogram, skriftlig;Hele landet;Vestland;Alle skoler;3,7;3 549
2;3;NOR1267;I;46;986900055;Norsk hovedmål, vg3 studieforberedende utdanningsprogram, skriftlig;Hele landet;Vestland;Akademiet Vgs Bergen AS;*;*
2;3;NOR1267;I;46;999546560;Norsk hovedmål, vg3 studieforberedende utdanningsprogram, skriftlig;Hele landet;Vestland;Amalie Skram videregående skole;4,2;253
2;3;NOR1267;I;46;974557444;Norsk hovedmål, vg3 studieforberedende utdanningsprogram, skriftlig;Hele landet;Vestland;Arna vidaregåande skule;3,3;43
2;3;NOR1267;I;46;974557533;Norsk hovedmål, vg3 studieforberedende utdanningsprogram, skriftlig;Hele landet;Vestland;Askøy videregående skole;3,4;56
2;3;NOR1267;I;46;974557509;Norsk hovedmål, vg3 studieforberedende utdanningsprogram, skriftlig;Hele landet;Vestland;Austrheim vidaregåande skule;3,1;14
2;3;NOR1267;I;46;874557102;Norsk hovedmål, vg3 studieforberedende utdanningsprogram, skriftlig;Hele landet;Vestland;Bergen katedralskole;4,1;182
2;3;NOR1267;I;46;988602671;Norsk hovedmål, vg3 studieforberedende utdanningsprogram, skriftlig;Hele landet;Vestland;Bergen private gymnas AS;3,4;155
2;3;NOR1267;I;46;974557126;Norsk hovedmål, vg3 studieforberedende utdanningsprogram, skriftlig;Hele landet;Vestland;Bømlo vidaregåande skule;3,9;31
2;3;NOR1267;I;46;974571137;Norsk hovedmål, vg3 studieforberedende utdanningsprogram, skriftlig;Hele landet;Vestland;Dale vidaregåande skule;3,6;27
2;3;NOR1267;I;46;882067432;Norsk hovedmål, vg3 studieforberedende utdanningsprogram, skriftlig;Hele landet;Vestland;Danielsen Intensivgymnas;*;*
2;3;NOR1267;I;46;873159642;Norsk hovedmål, vg3 studieforberedende utdanningsprogram, skriftlig;Hele landet;Vestland;Danielsen videregående skole;3,7;86
2;3;NOR1267;I;46;874571172;Norsk hovedmål, vg3 studieforberedende utdanningsprogram, skriftlig;Hele landet;Vestland;Eid vidaregåande skule;3,9;49
2;3;NOR1267;I;46;974571161;Norsk hovedmål, vg3 studieforberedende utdanningsprogram, skriftlig;Hele landet;Vestland;Firda vidaregåande skule;3,3;81
2;3;NOR1267;I;46;974571145;Norsk hovedmål, vg3 studieforberedende utdanningsprogram, skriftlig;Hele landet;Vestland;Flora vidaregåande skule;3,7;55
2;3;NOR1267;I;46;974117959;Norsk hovedmål, vg3 studieforberedende utdanningsprogram, skriftlig;Hele landet;Vestland;Framnes Kristne vidaregåande skule;4;92
2;3;NOR1267;I;46;874557552;Norsk hovedmål, vg3 studieforberedende utdanningsprogram, skriftlig;Hele landet;Vestland;Fusa vidaregåande skule;3,7;30
2;3;NOR1267;I;46;974557584;Norsk hovedmål, vg3 studieforberedende utdanningsprogram, skriftlig;Hele landet;Vestland;Fyllingsdalen videregående skole;3,4;97
2;3;NOR1267;I;46;974571110;Norsk hovedmål, vg3 studieforberedende utdanningsprogram, skriftlig;Hele landet;Vestland;Førde vidaregåande skule;3,8;140
2;3;NOR1267;I;46;974571080;Norsk hovedmål, vg3 studieforberedende utdanningsprogram, skriftlig;Hele landet;Vestland;Høyanger vidaregåande skule;4,4;9
2;3;NOR1267;I;46;974557339;Norsk hovedmål, vg3 studieforberedende utdanningsprogram, skriftlig;Hele landet;Vestland;Knarvik vidaregåande skule;3,6;118
2;3;NOR1267;I;46;974117967;Norsk hovedmål, vg3 studieforberedende utdanningsprogram, skriftlig;Hele landet;Vestland;Kongshaug Musikkgymnas;3,9;35
2;3;NOR1267;I;46;974557045;Norsk hovedmål, vg3 studieforberedende utdanningsprogram, skriftlig;Hele landet;Vestland;Kvam vidaregåande skule;3,1;27
2;3;NOR1267;I;46;974557282;Norsk hovedmål, vg3 studieforberedende utdanningsprogram, skriftlig;Hele landet;Vestland;Kvinnherad vidaregåande skule;3,4;39
2;3;NOR1267;I;46;974557096;Norsk hovedmål, vg3 studieforberedende utdanningsprogram, skriftlig;Hele landet;Vestland;Langhaugen videregående skole;3,9;202
2;3;NOR1267;I;46;985076308;Norsk hovedmål, vg3 studieforberedende utdanningsprogram, skriftlig;Hele landet;Vestland;Metis videregående AS;3,8;138
2;3;NOR1267;I;46;974571188;Norsk hovedmål, vg3 studieforberedende utdanningsprogram, skriftlig;Hele landet;Vestland;Måløy vidaregåande skule;3,9;41
2;3;NOR1267;I;46;993527084;Norsk hovedmål, vg3 studieforberedende utdanningsprogram, skriftlig;Hele landet;Vestland;Nordahl Grieg videregående skole;3,8;273
2;3;NOR1267;I;46;922148805;Norsk hovedmål, vg3 studieforberedende utdanningsprogram, skriftlig;Hele landet;Vestland;Norges Toppidrettsgymnas Bergen AS;3,8;61
2;3;NOR1267;I;46;974557290;Norsk hovedmål, vg3 studieforberedende utdanningsprogram, skriftlig;Hele landet;Vestland;Odda vidaregåande skule;3,5;21
2;3;NOR1267;I;46;989630008;Norsk hovedmål, vg3 studieforberedende utdanningsprogram, skriftlig;Hele landet;Vestland;Olsvikåsen videregående skole;3,6;136
2;3;NOR1267;I;46;974556995;Norsk hovedmål, vg3 studieforberedende utdanningsprogram, skriftlig;Hele landet;Vestland;Os gymnas;3,6;44
2;3;NOR1267;I;46;974557150;Norsk hovedmål, vg3 studieforberedende utdanningsprogram, skriftlig;Hele landet;Vestland;Osterøy vidaregåande skule;3,6;22
2;3;NOR1267;I;46;974557142;Norsk hovedmål, vg3 studieforberedende utdanningsprogram, skriftlig;Hele landet;Vestland;Sandsli videregående skole;3,5;95
2;3;NOR1267;I;46;974571056;Norsk hovedmål, vg3 studieforberedende utdanningsprogram, skriftlig;Hele landet;Vestland;Sogndal vidaregåande skule;3,8;74
2;3;NOR1267;I;46;974557568;Norsk hovedmål, vg3 studieforberedende utdanningsprogram, skriftlig;Hele landet;Vestland;Sotra vidaregåande skule;3,9;87
2;3;NOR1267;I;46;916794304;Norsk hovedmål, vg3 studieforberedende utdanningsprogram, skriftlig;Hele landet;Vestland;St. Paul gymnas;3,3;104
2;3;NOR1267;I;46;974557703;Norsk hovedmål, vg3 studieforberedende utdanningsprogram, skriftlig;Hele landet;Vestland;Stend vidaregåande skule;3,4;55
2;3;NOR1267;I;46;974557029;Norsk hovedmål, vg3 studieforberedende utdanningsprogram, skriftlig;Hele landet;Vestland;Stord vidaregåande skule;3,5;116
2;3;NOR1267;I;46;974571153;Norsk hovedmål, vg3 studieforberedende utdanningsprogram, skriftlig;Hele landet;Vestland;Stryn vidaregåande skule;3,6;35
2;3;NOR1267;I;46;974151537;Norsk hovedmål, vg3 studieforberedende utdanningsprogram, skriftlig;Hele landet;Vestland;Sygna Vgs;3,3;28
2;3;NOR1267;I;46;974557061;Norsk hovedmål, vg3 studieforberedende utdanningsprogram, skriftlig;Hele landet;Vestland;Tertnes vidaregåande skule;3,6;155
2;3;NOR1267;I;46;816031982;Norsk hovedmål, vg3 studieforberedende utdanningsprogram, skriftlig;Hele landet;Vestland;Voss gymnas;3,5;103
2;3;NOR1267;I;46;874571032;Norsk hovedmål, vg3 studieforberedende utdanningsprogram, skriftlig;Hele landet;Vestland;Årdal vidaregåande skule;3,8;21
2;3;NOR1267;I;46;974557487;Norsk hovedmål, vg3 studieforberedende utdanningsprogram, skriftlig;Hele landet;Vestland;Årstad videregående skole;3,5;44
2;3;NOR1267;I;46;974557479;Norsk hovedmål, vg3 studieforberedende utdanningsprogram, skriftlig;Hele landet;Vestland;Åsane vidaregåande skule;3,1;53
2;2;NOR1267;I;31;31;Norsk hovedmål, vg3 studieforberedende utdanningsprogram, skriftlig;Hele landet;Østfold;Alle skoler;3,5;1 683
2;3;NOR1267;I;31;988519480;Norsk hovedmål, vg3 studieforberedende utdanningsprogram, skriftlig;Hele landet;Østfold;Akademiet Fredrikstad AS Privat videregående skole;3,1;37
2;3;NOR1267;I;31;974544504;Norsk hovedmål, vg3 studieforberedende utdanningsprogram, skriftlig;Hele landet;Østfold;Askim videregående skole;3,5;178
2;3;NOR1267;I;31;974544466;Norsk hovedmål, vg3 studieforberedende utdanningsprogram, skriftlig;Hele landet;Østfold;Frederik Ii videregående skole;3,2;229
2;3;NOR1267;I;31;974544482;Norsk hovedmål, vg3 studieforberedende utdanningsprogram, skriftlig;Hele landet;Østfold;Glemmen videregående skole;3,4;101
2;3;NOR1267;I;31;974544490;Norsk hovedmål, vg3 studieforberedende utdanningsprogram, skriftlig;Hele landet;Østfold;Greåker videregående skole;3,6;203
2;3;NOR1267;I;31;974544563;Norsk hovedmål, vg3 studieforberedende utdanningsprogram, skriftlig;Hele landet;Østfold;Halden videregående skole;3,7;128
2;3;NOR1267;I;31;913279727;Norsk hovedmål, vg3 studieforberedende utdanningsprogram, skriftlig;Hele landet;Østfold;Hans Nielsen Hauge videregående skole;3,3;66
2;3;NOR1267;I;31;974544520;Norsk hovedmål, vg3 studieforberedende utdanningsprogram, skriftlig;Hele landet;Østfold;Kalnes videregående skole;3,3;39
2;3;NOR1267;I;31;974544539;Norsk hovedmål, vg3 studieforberedende utdanningsprogram, skriftlig;Hele landet;Østfold;Kirkeparken videregående skole;3,8;255
2;3;NOR1267;I;31;974544547;Norsk hovedmål, vg3 studieforberedende utdanningsprogram, skriftlig;Hele landet;Østfold;Malakoff videregående skole;3,1;87
2;3;NOR1267;I;31;974544512;Norsk hovedmål, vg3 studieforberedende utdanningsprogram, skriftlig;Hele landet;Østfold;Mysen videregående skole;3,4;124
2;3;NOR1267;I;31;874544582;Norsk hovedmål, vg3 studieforberedende utdanningsprogram, skriftlig;Hele landet;Østfold;St. Olav videregående skole;3,2;172
2;3;NOR1267;I;31;986779795;Norsk hovedmål, vg3 studieforberedende utdanningsprogram, skriftlig;Hele landet;Østfold;Wang Fredrikstad AS;3,8;64
2;1;NOR1267;U;0;U;Norsk hovedmål, vg3 studieforberedende utdanningsprogram, skriftlig;Utlandet;Alle fylker;Alle skoler;3,4;42
2;2;NOR1267;U;25;25;Norsk hovedmål, vg3 studieforberedende utdanningsprogram, skriftlig;Utlandet;Utlandet;Alle skoler;3,4;42
2;3;NOR1267;U;25;U90099009;Norsk hovedmål, vg3 studieforberedende utdanningsprogram, skriftlig;Utlandet;Utlandet;Den norske skole - Costa Blanca;3,2;18
2;3;NOR1267;U;25;U90099017;Norsk hovedmål, vg3 studieforberedende utdanningsprogram, skriftlig;Utlandet;Utlandet;Den norske skole - Gran Canaria;3,7;15
2;3;NOR1267;U;25;U90099015;Norsk hovedmål, vg3 studieforberedende utdanningsprogram, skriftlig;Utlandet;Utlandet;Den norske skolen i Rojales (DNSR);3,4;9
2;0;NOR1268;Alle;0;Alle;Norsk sidemål, vg3 studieforberedende utdanningsprogram, skriftlig;Hele landet;Alle fylker;Alle skoler;3,6;16 352
2;1;NOR1268;I;0;I;Norsk sidemål, vg3 studieforberedende utdanningsprogram, skriftlig;Hele landet;Alle fylker;Alle skoler;3,6;16 352
2;2;NOR1268;I;42;42;Norsk sidemål, vg3 studieforberedende utdanningsprogram, skriftlig;Hele landet;Agder;Alle skoler;3,6;872
2;3;NOR1268;I;42;982759846;Norsk sidemål, vg3 studieforberedende utdanningsprogram, skriftlig;Hele landet;Agder;Akademiet Kristiansand AS;*;*
2;3;NOR1268;I;42;974573873;Norsk sidemål, vg3 studieforberedende utdanningsprogram, skriftlig;Hele landet;Agder;Arendal videregående skole avd Tyholmen;3,8;47
2;3;NOR1268;I;42;974573881;Norsk sidemål, vg3 studieforberedende utdanningsprogram, skriftlig;Hele landet;Agder;Dahlske videregående skole;3,3;36
2;3;NOR1268;I;42;974117738;Norsk sidemål, vg3 studieforberedende utdanningsprogram, skriftlig;Hele landet;Agder;Drottningborg Vgs AS;4;34
2;3;NOR1268;I;42;874595012;Norsk sidemål, vg3 studieforberedende utdanningsprogram, skriftlig;Hele landet;Agder;Eilert Sundt videregående skole Studiested Farsund;3,5;32
2;3;NOR1268;I;42;974595141;Norsk sidemål, vg3 studieforberedende utdanningsprogram, skriftlig;Hele landet;Agder;Flekkefjord videregående skole Studiested Flekkefjord;3,8;39
2;3;NOR1268;I;42;974594994;Norsk sidemål, vg3 studieforberedende utdanningsprogram, skriftlig;Hele landet;Agder;Kristiansand katedralskole Gimle;3,7;177
2;3;NOR1268;I;42;974595117;Norsk sidemål, vg3 studieforberedende utdanningsprogram, skriftlig;Hele landet;Agder;Kvadraturen videregående skole;3,4;69
2;3;NOR1268;I;42;973149776;Norsk sidemål, vg3 studieforberedende utdanningsprogram, skriftlig;Hele landet;Agder;Kvs-Lyngdal AS;3,8;54
2;3;NOR1268;I;42;974573857;Norsk sidemål, vg3 studieforberedende utdanningsprogram, skriftlig;Hele landet;Agder;Lillesand videregående skole;3,2;32
2;3;NOR1268;I;42;974595125;Norsk sidemål, vg3 studieforberedende utdanningsprogram, skriftlig;Hele landet;Agder;Mandal videregående skole;3,6;48
2;3;NOR1268;I;42;994557416;Norsk sidemål, vg3 studieforberedende utdanningsprogram, skriftlig;Hele landet;Agder;Oasen videregående skole AS;*;*
2;3;NOR1268;I;42;974573806;Norsk sidemål, vg3 studieforberedende utdanningsprogram, skriftlig;Hele landet;Agder;Risør videregående skole;3,3;12
2;3;NOR1268;I;42;974573814;Norsk sidemål, vg3 studieforberedende utdanningsprogram, skriftlig;Hele landet;Agder;Sam Eyde videregående skole;3,3;34
2;3;NOR1268;I;42;874573892;Norsk sidemål, vg3 studieforberedende utdanningsprogram, skriftlig;Hele landet;Agder;Setesdal vidaregåande skule;3,9;30
2;3;NOR1268;I;42;974595060;Norsk sidemål, vg3 studieforberedende utdanningsprogram, skriftlig;Hele landet;Agder;Sirdal videregående skole;3,1;21
2;3;NOR1268;I;42;874595152;Norsk sidemål, vg3 studieforberedende utdanningsprogram, skriftlig;Hele landet;Agder;Tangen videregående skole;3,4;86
2;3;NOR1268;I;42;974573865;Norsk sidemål, vg3 studieforberedende utdanningsprogram, skriftlig;Hele landet;Agder;Tvedestrand videregående skole;3,5;13
2;3;NOR1268;I;42;974595044;Norsk sidemål, vg3 studieforberedende utdanningsprogram, skriftlig;Hele landet;Agder;Vennesla videregående skole;3,7;14
2;3;NOR1268;I;42;974595001;Norsk sidemål, vg3 studieforberedende utdanningsprogram, skriftlig;Hele landet;Agder;Vågsbygd videregående skole;3,7;70
2;2;NOR1268;I;32;32;Norsk sidemål, vg3 studieforberedende utdanningsprogram, skriftlig;Hele landet;Akershus;Alle skoler;3,5;2 441
2;3;NOR1268;I;32;931696068;Norsk sidemål, vg3 studieforberedende utdanningsprogram, skriftlig;Hele landet;Akershus;Akademiet Vgs Sandvika AS;*;*
2;3;NOR1268;I;32;974587742;Norsk sidemål, vg3 studieforberedende utdanningsprogram, skriftlig;Hele landet;Akershus;Asker videregående skole;4,1;91
2;3;NOR1268;I;32;974587637;Norsk sidemål, vg3 studieforberedende utdanningsprogram, skriftlig;Hele landet;Akershus;Bjertnes videregående skole;3,5;88
2;3;NOR1268;I;32;974587602;Norsk sidemål, vg3 studieforberedende utdanningsprogram, skriftlig;Hele landet;Akershus;Bjørkelangen videregående skole;3,5;38
2;3;NOR1268;I;32;974587831;Norsk sidemål, vg3 studieforberedende utdanningsprogram, skriftlig;Hele landet;Akershus;Bleiker videregående skole;3,3;58
2;3;NOR1268;I;32;974587882;Norsk sidemål, vg3 studieforberedende utdanningsprogram, skriftlig;Hele landet;Akershus;Drømtorp videregående skole;3,3;24
2;3;NOR1268;I;32;974587890;Norsk sidemål, vg3 studieforberedende utdanningsprogram, skriftlig;Hele landet;Akershus;Dønski videregående skole;3,3;100
2;3;NOR1268;I;32;974587661;Norsk sidemål, vg3 studieforberedende utdanningsprogram, skriftlig;Hele landet;Akershus;Eidsvoll videregående skole;3,3;59
2;3;NOR1268;I;32;974587726;Norsk sidemål, vg3 studieforberedende utdanningsprogram, skriftlig;Hele landet;Akershus;Eikeli videregående skole;3,6;87
2;3;NOR1268;I;32;825322922;Norsk sidemål, vg3 studieforberedende utdanningsprogram, skriftlig;Hele landet;Akershus;Feiring videregående skole AS;3;6
2;3;NOR1268;I;32;988843709;Norsk sidemål, vg3 studieforberedende utdanningsprogram, skriftlig;Hele landet;Akershus;Frogn videregående skole;3,2;96
2;3;NOR1268;I;32;913459598;Norsk sidemål, vg3 studieforberedende utdanningsprogram, skriftlig;Hele landet;Akershus;Hoppensprett Akademiet Vgs Jessheim AS;2,8;21
2;3;NOR1268;I;32;974587807;Norsk sidemål, vg3 studieforberedende utdanningsprogram, skriftlig;Hele landet;Akershus;Hvam videregående skole;2,7;12
2;3;NOR1268;I;32;974587645;Norsk sidemål, vg3 studieforberedende utdanningsprogram, skriftlig;Hele landet;Akershus;Jessheim videregående skole;3,5;173
2;3;NOR1268;I;32;974587750;Norsk sidemål, vg3 studieforberedende utdanningsprogram, skriftlig;Hele landet;Akershus;Lillestrøm videregående skole;3,8;132
2;3;NOR1268;I;32;974587610;Norsk sidemål, vg3 studieforberedende utdanningsprogram, skriftlig;Hele landet;Akershus;Lørenskog videregående skole;3,6;117
2;3;NOR1268;I;32;991815325;Norsk sidemål, vg3 studieforberedende utdanningsprogram, skriftlig;Hele landet;Akershus;Mailand videregående skole;3,3;89
2;3;NOR1268;I;32;974587734;Norsk sidemål, vg3 studieforberedende utdanningsprogram, skriftlig;Hele landet;Akershus;Nadderud videregående skole;3,9;45
2;3;NOR1268;I;32;988084948;Norsk sidemål, vg3 studieforberedende utdanningsprogram, skriftlig;Hele landet;Akershus;Nannestad videregående skole;3;70
2;3;NOR1268;I;32;974587653;Norsk sidemål, vg3 studieforberedende utdanningsprogram, skriftlig;Hele landet;Akershus;Nes videregående skole;3,4;17
2;3;NOR1268;I;32;974587599;Norsk sidemål, vg3 studieforberedende utdanningsprogram, skriftlig;Hele landet;Akershus;Nesbru videregående skole;3,3;19
2;3;NOR1268;I;32;974587572;Norsk sidemål, vg3 studieforberedende utdanningsprogram, skriftlig;Hele landet;Akershus;Nesodden videregående skole;3,2;45
2;3;NOR1268;I;32;921204353;Norsk sidemål, vg3 studieforberedende utdanningsprogram, skriftlig;Hele landet;Akershus;Norges Realfagsgymnas Sandvika AS;*;*
2;3;NOR1268;I;32;990672962;Norsk sidemål, vg3 studieforberedende utdanningsprogram, skriftlig;Hele landet;Akershus;Norges Toppidrettsgymnas Bærum AS;3,7;55
2;3;NOR1268;I;32;974587580;Norsk sidemål, vg3 studieforberedende utdanningsprogram, skriftlig;Hele landet;Akershus;Roald Amundsen videregående skole;3,4;87
2;3;NOR1268;I;32;974587866;Norsk sidemål, vg3 studieforberedende utdanningsprogram, skriftlig;Hele landet;Akershus;Rosenvilde videregående skole;3,5;46
2;3;NOR1268;I;32;974587823;Norsk sidemål, vg3 studieforberedende utdanningsprogram, skriftlig;Hele landet;Akershus;Rud videregående skole;4,1;24
2;3;NOR1268;I;32;974587769;Norsk sidemål, vg3 studieforberedende utdanningsprogram, skriftlig;Hele landet;Akershus;Rælingen videregående skole;3;77
2;3;NOR1268;I;32;974605953;Norsk sidemål, vg3 studieforberedende utdanningsprogram, skriftlig;Hele landet;Akershus;Røyken videregående skole;3,3;72
2;3;NOR1268;I;32;988835064;Norsk sidemål, vg3 studieforberedende utdanningsprogram, skriftlig;Hele landet;Akershus;Sandvika videregående skole;3,8;142
2;3;NOR1268;I;32;974587629;Norsk sidemål, vg3 studieforberedende utdanningsprogram, skriftlig;Hele landet;Akershus;Skedsmo videregående skole;3,3;112
2;3;NOR1268;I;32;974587696;Norsk sidemål, vg3 studieforberedende utdanningsprogram, skriftlig;Hele landet;Akershus;Ski videregående skole;3,9;95
2;3;NOR1268;I;32;974587718;Norsk sidemål, vg3 studieforberedende utdanningsprogram, skriftlig;Hele landet;Akershus;Stabekk videregående skole;4,1;45
2;3;NOR1268;I;32;874587842;Norsk sidemål, vg3 studieforberedende utdanningsprogram, skriftlig;Hele landet;Akershus;Sørumsand videregående skole;3,2;59
2;3;NOR1268;I;32;874587702;Norsk sidemål, vg3 studieforberedende utdanningsprogram, skriftlig;Hele landet;Akershus;Valler videregående skole;3,6;24
2;3;NOR1268;I;32;974587815;Norsk sidemål, vg3 studieforberedende utdanningsprogram, skriftlig;Hele landet;Akershus;Vestby videregående skole;3,7;37
2;3;NOR1268;I;32;825308512;Norsk sidemål, vg3 studieforberedende utdanningsprogram, skriftlig;Hele landet;Akershus;Wang Romerike AS;3,5;73
2;3;NOR1268;I;32;974587564;Norsk sidemål, vg3 studieforberedende utdanningsprogram, skriftlig;Hele landet;Akershus;Ås videregående skole;4;98
2;2;NOR1268;I;33;33;Norsk sidemål, vg3 studieforberedende utdanningsprogram, skriftlig;Hele landet;Buskerud;Alle skoler;3,5;938
2;3;NOR1268;I;33;985500568;Norsk sidemål, vg3 studieforberedende utdanningsprogram, skriftlig;Hele landet;Buskerud;Akademiet Drammen AS;4,2;55
2;3;NOR1268;I;33;996789845;Norsk sidemål, vg3 studieforberedende utdanningsprogram, skriftlig;Hele landet;Buskerud;Akademiet Vgs Bragernes Drammen AS;2,9;18
2;3;NOR1268;I;33;988938424;Norsk sidemål, vg3 studieforberedende utdanningsprogram, skriftlig;Hele landet;Buskerud;Akademiet Ypsilon videregående skole AS;3,6;20
2;3;NOR1268;I;33;986737162;Norsk sidemål, vg3 studieforberedende utdanningsprogram, skriftlig;Hele landet;Buskerud;Briskeby videregående skole AS;*;*
2;3;NOR1268;I;33;974606216;Norsk sidemål, vg3 studieforberedende utdanningsprogram, skriftlig;Hele landet;Buskerud;Buskerud videregående skole;3,5;52
2;3;NOR1268;I;33;874605972;Norsk sidemål, vg3 studieforberedende utdanningsprogram, skriftlig;Hele landet;Buskerud;Drammen videregående skole;3,3;234
2;3;NOR1268;I;33;974605988;Norsk sidemål, vg3 studieforberedende utdanningsprogram, skriftlig;Hele landet;Buskerud;Eiker videregående skole;3,7;61
2;3;NOR1268;I;33;974606194;Norsk sidemål, vg3 studieforberedende utdanningsprogram, skriftlig;Hele landet;Buskerud;Gol vidaregåande skule;3,5;33
2;3;NOR1268;I;33;974605929;Norsk sidemål, vg3 studieforberedende utdanningsprogram, skriftlig;Hele landet;Buskerud;Hønefoss videregående skole;3,1;62
2;3;NOR1268;I;33;974605996;Norsk sidemål, vg3 studieforberedende utdanningsprogram, skriftlig;Hele landet;Buskerud;Kongsberg videregående skole;3,7;77
2;3;NOR1268;I;33;974606135;Norsk sidemål, vg3 studieforberedende utdanningsprogram, skriftlig;Hele landet;Buskerud;Lier videregående skole;3,3;25
2;3;NOR1268;I;33;974176122;Norsk sidemål, vg3 studieforberedende utdanningsprogram, skriftlig;Hele landet;Buskerud;Norges Toppidrettsgymnas Geilo AS;3,8;13
2;3;NOR1268;I;33;974606232;Norsk sidemål, vg3 studieforberedende utdanningsprogram, skriftlig;Hele landet;Buskerud;Numedal videregående skole;3,5;6
2;3;NOR1268;I;33;974606208;Norsk sidemål, vg3 studieforberedende utdanningsprogram, skriftlig;Hele landet;Buskerud;Ringerike videregående skole;3,5;126
2;3;NOR1268;I;33;974605961;Norsk sidemål, vg3 studieforberedende utdanningsprogram, skriftlig;Hele landet;Buskerud;St Hallvard videregående skole;3,5;118
2;3;NOR1268;I;33;973255754;Norsk sidemål, vg3 studieforberedende utdanningsprogram, skriftlig;Hele landet;Buskerud;Tyrifjord videregående skole;*;*
2;3;NOR1268;I;33;974605937;Norsk sidemål, vg3 studieforberedende utdanningsprogram, skriftlig;Hele landet;Buskerud;Åssiden videregående skole;3,2;28
2;2;NOR1268;I;56;56;Norsk sidemål, vg3 studieforberedende utdanningsprogram, skriftlig;Hele landet;Finnmark - Finnmárku - Finmarkku;Alle skoler;3,6;75
2;3;NOR1268;I;56;974622750;Norsk sidemål, vg3 studieforberedende utdanningsprogram, skriftlig;Hele landet;Finnmark - Finnmárku - Finmarkku;Alta videregående skole;3;21
2;3;NOR1268;I;56;914837367;Norsk sidemål, vg3 studieforberedende utdanningsprogram, skriftlig;Hele landet;Finnmark - Finnmárku - Finmarkku;Båtsfjord private videregående skole AS;*;*
2;3;NOR1268;I;56;874622702;Norsk sidemål, vg3 studieforberedende utdanningsprogram, skriftlig;Hele landet;Finnmark - Finnmárku - Finmarkku;Hammerfest videregående skole;3,7;19
2;3;NOR1268;I;56;974622726;Norsk sidemål, vg3 studieforberedende utdanningsprogram, skriftlig;Hele landet;Finnmark - Finnmárku - Finmarkku;Kirkenes videregående skole;4;12
2;3;NOR1268;I;56;974622718;Norsk sidemål, vg3 studieforberedende utdanningsprogram, skriftlig;Hele landet;Finnmark - Finnmárku - Finmarkku;Vadsø videregående skole;3,9;17
2;3;NOR1268;I;56;974622777;Norsk sidemål, vg3 studieforberedende utdanningsprogram, skriftlig;Hele landet;Finnmark - Finnmárku - Finmarkku;Vardø videregående skole;*;*
2;2;NOR1268;I;34;34;Norsk sidemål, vg3 studieforberedende utdanningsprogram, skriftlig;Hele landet;Innlandet;Alle skoler;3,6;1 174
2;3;NOR1268;I;34;974571900;Norsk sidemål, vg3 studieforberedende utdanningsprogram, skriftlig;Hele landet;Innlandet;Elverum videregående skole;3,6;94
2;3;NOR1268;I;34;974597195;Norsk sidemål, vg3 studieforberedende utdanningsprogram, skriftlig;Hele landet;Innlandet;Gausdal videregående skole;3,4;39
2;3;NOR1268;I;34;974597284;Norsk sidemål, vg3 studieforberedende utdanningsprogram, skriftlig;Hele landet;Innlandet;Gjøvik videregående skole;3,8;105
2;3;NOR1268;I;34;998513448;Norsk sidemål, vg3 studieforberedende utdanningsprogram, skriftlig;Hele landet;Innlandet;Hadeland videregående skole;3,4;98
2;3;NOR1268;I;34;974571919;Norsk sidemål, vg3 studieforberedende utdanningsprogram, skriftlig;Hele landet;Innlandet;Hamar katedralskole;3,6;141
2;3;NOR1268;I;34;974597322;Norsk sidemål, vg3 studieforberedende utdanningsprogram, skriftlig;Hele landet;Innlandet;Lena-Valle videregående skole avd Lena;3,2;59
2;3;NOR1268;I;34;974597241;Norsk sidemål, vg3 studieforberedende utdanningsprogram, skriftlig;Hele landet;Innlandet;Lillehammer videregående skole avd Nord;3,7;9
2;3;NOR1268;I;34;874597252;Norsk sidemål, vg3 studieforberedende utdanningsprogram, skriftlig;Hele landet;Innlandet;Lillehammer videregående skole avd Sør;3,8;83
2;3;NOR1268;I;34;974597209;Norsk sidemål, vg3 studieforberedende utdanningsprogram, skriftlig;Hele landet;Innlandet;Nord-Gudbrandsdal vidaregåande skule;3,8;39
2;3;NOR1268;I;34;974597217;Norsk sidemål, vg3 studieforberedende utdanningsprogram, skriftlig;Hele landet;Innlandet;Nord-Gudbrandsdal Videregåande skule avd Lom (Nedlagt);4,4;26
2;3;NOR1268;I;34;970963847;Norsk sidemål, vg3 studieforberedende utdanningsprogram, skriftlig;Hele landet;Innlandet;Nord-Østerdal videregående skole;3,5;31
2;3;NOR1268;I;34;986147667;Norsk sidemål, vg3 studieforberedende utdanningsprogram, skriftlig;Hele landet;Innlandet;Norges Toppidrettsgymnas Kongsvinger AS;3,2;10
2;3;NOR1268;I;34;873600152;Norsk sidemål, vg3 studieforberedende utdanningsprogram, skriftlig;Hele landet;Innlandet;Norges Toppidrettsgymnas Lillehammer AS;3,6;53
2;3;NOR1268;I;34;974597330;Norsk sidemål, vg3 studieforberedende utdanningsprogram, skriftlig;Hele landet;Innlandet;Raufoss videregående skole;3,7;11
2;3;NOR1268;I;34;974597373;Norsk sidemål, vg3 studieforberedende utdanningsprogram, skriftlig;Hele landet;Innlandet;Raufoss videregående skole avd Dokka;4,1;7
2;3;NOR1268;I;34;974571897;Norsk sidemål, vg3 studieforberedende utdanningsprogram, skriftlig;Hele landet;Innlandet;Ringsaker videregående skole;3,5;65
2;3;NOR1268;I;34;974571943;Norsk sidemål, vg3 studieforberedende utdanningsprogram, skriftlig;Hele landet;Innlandet;Sentrum videregående skole;3,3;40
2;3;NOR1268;I;34;974572117;Norsk sidemål, vg3 studieforberedende utdanningsprogram, skriftlig;Hele landet;Innlandet;Sentrum videregående skole avd Skarnes;3,8;21
2;3;NOR1268;I;34;974571986;Norsk sidemål, vg3 studieforberedende utdanningsprogram, skriftlig;Hele landet;Innlandet;Solør videregående skole;3,6;19
2;3;NOR1268;I;34;974572079;Norsk sidemål, vg3 studieforberedende utdanningsprogram, skriftlig;Hele landet;Innlandet;Stange videregående skole;3,5;47
2;3;NOR1268;I;34;974571935;Norsk sidemål, vg3 studieforberedende utdanningsprogram, skriftlig;Hele landet;Innlandet;Storhamar videregående skole;3,6;34
2;3;NOR1268;I;34;974572028;Norsk sidemål, vg3 studieforberedende utdanningsprogram, skriftlig;Hele landet;Innlandet;Trysil videregående skole;3,7;17
2;3;NOR1268;I;34;974597381;Norsk sidemål, vg3 studieforberedende utdanningsprogram, skriftlig;Hele landet;Innlandet;Valdres vidaregåande skule;3,4;27
2;3;NOR1268;I;34;974597233;Norsk sidemål, vg3 studieforberedende utdanningsprogram, skriftlig;Hele landet;Innlandet;Vinstra vidaregåande skule;4;22
2;3;NOR1268;I;34;913391470;Norsk sidemål, vg3 studieforberedende utdanningsprogram, skriftlig;Hele landet;Innlandet;Wang Hamar AS;3,5;35
2;3;NOR1268;I;34;974571978;Norsk sidemål, vg3 studieforberedende utdanningsprogram, skriftlig;Hele landet;Innlandet;Øvrebyen videregående skole;3,4;42
2;2;NOR1268;I;15;15;Norsk sidemål, vg3 studieforberedende utdanningsprogram, skriftlig;Hele landet;Møre og Romsdal;Alle skoler;3,7;817
2;3;NOR1268;I;15;911770172;Norsk sidemål, vg3 studieforberedende utdanningsprogram, skriftlig;Hele landet;Møre og Romsdal;Akademiet Toppidrettsgymnas Ålesund AS;*;*
2;3;NOR1268;I;15;984800746;Norsk sidemål, vg3 studieforberedende utdanningsprogram, skriftlig;Hele landet;Møre og Romsdal;Akademiet Vgs Ålesund AS;3,6;45
2;3;NOR1268;I;15;974576473;Norsk sidemål, vg3 studieforberedende utdanningsprogram, skriftlig;Hele landet;Møre og Romsdal;Atlanten videregående skole;3,7;71
2;3;NOR1268;I;15;974576716;Norsk sidemål, vg3 studieforberedende utdanningsprogram, skriftlig;Hele landet;Møre og Romsdal;Haram vidaregåande skule;4,2;39
2;3;NOR1268;I;15;974576589;Norsk sidemål, vg3 studieforberedende utdanningsprogram, skriftlig;Hele landet;Møre og Romsdal;Kristiansund videregående skole;2,7;11
2;3;NOR1268;I;15;974576422;Norsk sidemål, vg3 studieforberedende utdanningsprogram, skriftlig;Hele landet;Møre og Romsdal;Molde videregående skole;3,7;125
2;3;NOR1268;I;15;974576562;Norsk sidemål, vg3 studieforberedende utdanningsprogram, skriftlig;Hele landet;Møre og Romsdal;Rauma videregående skole;3,7;21
2;3;NOR1268;I;15;974576546;Norsk sidemål, vg3 studieforberedende utdanningsprogram, skriftlig;Hele landet;Møre og Romsdal;Romsdal videregående skole;3,5;36
2;3;NOR1268;I;15;974577267;Norsk sidemål, vg3 studieforberedende utdanningsprogram, skriftlig;Hele landet;Møre og Romsdal;Spjelkavik videregående skole;3,8;115
2;3;NOR1268;I;15;974576686;Norsk sidemål, vg3 studieforberedende utdanningsprogram, skriftlig;Hele landet;Møre og Romsdal;Stranda vidaregåande skule;4,1;16
2;3;NOR1268;I;15;974576570;Norsk sidemål, vg3 studieforberedende utdanningsprogram, skriftlig;Hele landet;Møre og Romsdal;Sunndal vidaregåande skole;3,9;11
2;3;NOR1268;I;15;974576651;Norsk sidemål, vg3 studieforberedende utdanningsprogram, skriftlig;Hele landet;Møre og Romsdal;Surnadal vidaregåande skule;3,6;31
2;3;NOR1268;I;15;974576694;Norsk sidemål, vg3 studieforberedende utdanningsprogram, skriftlig;Hele landet;Møre og Romsdal;Sykkylven vidaregåande skule;4;18
2;3;NOR1268;I;15;974576430;Norsk sidemål, vg3 studieforberedende utdanningsprogram, skriftlig;Hele landet;Møre og Romsdal;Ulstein vidaregåande skule;3,7;97
2;3;NOR1268;I;15;974117711;Norsk sidemål, vg3 studieforberedende utdanningsprogram, skriftlig;Hele landet;Møre og Romsdal;Vestborg Vgs;*;*
2;3;NOR1268;I;15;874576492;Norsk sidemål, vg3 studieforberedende utdanningsprogram, skriftlig;Hele landet;Møre og Romsdal;Volda vidaregåande skule;3,9;69
2;3;NOR1268;I;15;974576503;Norsk sidemål, vg3 studieforberedende utdanningsprogram, skriftlig;Hele landet;Møre og Romsdal;Ålesund videregående skole;3,7;90
2;2;NOR1268;I;18;18;Norsk sidemål, vg3 studieforberedende utdanningsprogram, skriftlig;Hele landet;Nordland - Nordlánnda;Alle skoler;3,6;523
2;3;NOR1268;I;18;974621029;Norsk sidemål, vg3 studieforberedende utdanningsprogram, skriftlig;Hele landet;Nordland - Nordlánnda;Andøy videregående skole;3,5;11
2;3;NOR1268;I;18;974621134;Norsk sidemål, vg3 studieforberedende utdanningsprogram, skriftlig;Hele landet;Nordland - Nordlánnda;Aust-Lofoten videregående skole;3,6;33
2;3;NOR1268;I;18;974621215;Norsk sidemål, vg3 studieforberedende utdanningsprogram, skriftlig;Hele landet;Nordland - Nordlánnda;Bodin videregående skole;3,5;119
2;3;NOR1268;I;18;974621223;Norsk sidemål, vg3 studieforberedende utdanningsprogram, skriftlig;Hele landet;Nordland - Nordlánnda;Bodø videregående skole;3,6;64
2;3;NOR1268;I;18;974621401;Norsk sidemål, vg3 studieforberedende utdanningsprogram, skriftlig;Hele landet;Nordland - Nordlánnda;Brønnøysund videregående skole;4,7;7
2;3;NOR1268;I;18;974621290;Norsk sidemål, vg3 studieforberedende utdanningsprogram, skriftlig;Hele landet;Nordland - Nordlánnda;Fauske videregående skole;3,7;14
2;3;NOR1268;I;18;974621037;Norsk sidemål, vg3 studieforberedende utdanningsprogram, skriftlig;Hele landet;Nordland - Nordlánnda;Hadsel videregående skole;2,7;9
2;3;NOR1268;I;18;974621282;Norsk sidemål, vg3 studieforberedende utdanningsprogram, skriftlig;Hele landet;Nordland - Nordlánnda;Knut Hamsun videregående skole Joarkkaskåvllå;3,4;10
2;3;NOR1268;I;18;973494694;Norsk sidemål, vg3 studieforberedende utdanningsprogram, skriftlig;Hele landet;Nordland - Nordlánnda;Kristen videregående skole Nordland Sti;*;*
2;3;NOR1268;I;18;974621193;Norsk sidemål, vg3 studieforberedende utdanningsprogram, skriftlig;Hele landet;Nordland - Nordlánnda;Meløy videregående skole;*;*
2;3;NOR1268;I;18;974621355;Norsk sidemål, vg3 studieforberedende utdanningsprogram, skriftlig;Hele landet;Nordland - Nordlánnda;Mosjøen videregående skole;3,4;41
2;3;NOR1268;I;18;974041707;Norsk sidemål, vg3 studieforberedende utdanningsprogram, skriftlig;Hele landet;Nordland - Nordlánnda;Narvik videregående skole;3,7;57
2;3;NOR1268;I;18;974621304;Norsk sidemål, vg3 studieforberedende utdanningsprogram, skriftlig;Hele landet;Nordland - Nordlánnda;Polarsirkelen videregående skole;3,3;55
2;3;NOR1268;I;18;974621274;Norsk sidemål, vg3 studieforberedende utdanningsprogram, skriftlig;Hele landet;Nordland - Nordlánnda;Saltdal videregående skole;3,4;18
2;3;NOR1268;I;18;874621382;Norsk sidemål, vg3 studieforberedende utdanningsprogram, skriftlig;Hele landet;Nordland - Nordlánnda;Sandnessjøen videregående skole;4,1;26
2;3;NOR1268;I;18;974621053;Norsk sidemål, vg3 studieforberedende utdanningsprogram, skriftlig;Hele landet;Nordland - Nordlánnda;Sortland videregående skole avd Sortland;3,6;32
2;3;NOR1268;I;18;974621169;Norsk sidemål, vg3 studieforberedende utdanningsprogram, skriftlig;Hele landet;Nordland - Nordlánnda;Vest-Lofoten videregående skole;3,9;18
2;2;NOR1268;I;3;3;Norsk sidemål, vg3 studieforberedende utdanningsprogram, skriftlig;Hele landet;Oslo;Alle skoler;3,7;2 078
2;3;NOR1268;I;3;887664102;Norsk sidemål, vg3 studieforberedende utdanningsprogram, skriftlig;Hele landet;Oslo;Akademiet Oslo AS;3;63
2;3;NOR1268;I;3;988938386;Norsk sidemål, vg3 studieforberedende utdanningsprogram, skriftlig;Hele landet;Oslo;Akademiet Vgs Bislett AS;3,3;26
2;3;NOR1268;I;3;974591006;Norsk sidemål, vg3 studieforberedende utdanningsprogram, skriftlig;Hele landet;Oslo;Bjerke videregående skole;3,2;128
2;3;NOR1268;I;3;990574898;Norsk sidemål, vg3 studieforberedende utdanningsprogram, skriftlig;Hele landet;Oslo;Bjørnholt videregående skole;2,9;19
2;3;NOR1268;I;3;912703312;Norsk sidemål, vg3 studieforberedende utdanningsprogram, skriftlig;Hele landet;Oslo;Blindern videregående skole;3,7;63
2;3;NOR1268;I;3;912001709;Norsk sidemål, vg3 studieforberedende utdanningsprogram, skriftlig;Hele landet;Oslo;Edvard Munch videregående skole;4,1;175
2;3;NOR1268;I;3;974590999;Norsk sidemål, vg3 studieforberedende utdanningsprogram, skriftlig;Hele landet;Oslo;Elvebakken videregående skole;4,2;190
2;3;NOR1268;I;3;974590867;Norsk sidemål, vg3 studieforberedende utdanningsprogram, skriftlig;Hele landet;Oslo;Foss videregående skole;4,1;119
2;3;NOR1268;I;3;995821664;Norsk sidemål, vg3 studieforberedende utdanningsprogram, skriftlig;Hele landet;Oslo;Fyrstikkalleen skole;3;67
2;3;NOR1268;I;3;974590891;Norsk sidemål, vg3 studieforberedende utdanningsprogram, skriftlig;Hele landet;Oslo;Hartvig Nissens skole;3,7;48
2;3;NOR1268;I;3;974590956;Norsk sidemål, vg3 studieforberedende utdanningsprogram, skriftlig;Hele landet;Oslo;Hellerud videregående skole;2,8;32
2;3;NOR1268;I;3;974192020;Norsk sidemål, vg3 studieforberedende utdanningsprogram, skriftlig;Hele landet;Oslo;Heltberg private gymnas;3,3;24
2;3;NOR1268;I;3;912001008;Norsk sidemål, vg3 studieforberedende utdanningsprogram, skriftlig;Hele landet;Oslo;Hersleb videregående skole;2,9;22
2;3;NOR1268;I;3;999173926;Norsk sidemål, vg3 studieforberedende utdanningsprogram, skriftlig;Hele landet;Oslo;Kongshavn videregående skole;3,8;87
2;3;NOR1268;I;3;873626402;Norsk sidemål, vg3 studieforberedende utdanningsprogram, skriftlig;Hele landet;Oslo;Kongsskogen videregående skole;*;*
2;3;NOR1268;I;3;974117797;Norsk sidemål, vg3 studieforberedende utdanningsprogram, skriftlig;Hele landet;Oslo;Kristelig gymnasium AS videregående skole;4;46
2;3;NOR1268;I;3;899178092;Norsk sidemål, vg3 studieforberedende utdanningsprogram, skriftlig;Hele landet;Oslo;Kuben videregående skole;3;42
2;3;NOR1268;I;3;974590913;Norsk sidemål, vg3 studieforberedende utdanningsprogram, skriftlig;Hele landet;Oslo;Lambertseter videregående skole;3,6;119
2;3;NOR1268;I;3;996216454;Norsk sidemål, vg3 studieforberedende utdanningsprogram, skriftlig;Hele landet;Oslo;Nydalen videregående skole;4,5;65
2;3;NOR1268;I;3;974590883;Norsk sidemål, vg3 studieforberedende utdanningsprogram, skriftlig;Hele landet;Oslo;Oslo Handelsgymnasium;3,5;97
2;3;NOR1268;I;3;874590932;Norsk sidemål, vg3 studieforberedende utdanningsprogram, skriftlig;Hele landet;Oslo;Oslo katedralskole;4,3;106
2;3;NOR1268;I;3;972286389;Norsk sidemål, vg3 studieforberedende utdanningsprogram, skriftlig;Hele landet;Oslo;Oslo private gymnasium AS;3,9;23
2;3;NOR1268;I;3;971816309;Norsk sidemål, vg3 studieforberedende utdanningsprogram, skriftlig;Hele landet;Oslo;Otto Treider private gymnas AS;3,6;27
2;3;NOR1268;I;3;974590948;Norsk sidemål, vg3 studieforberedende utdanningsprogram, skriftlig;Hele landet;Oslo;Persbråten videregående skole;3,2;68
2;3;NOR1268;I;3;974591065;Norsk sidemål, vg3 studieforberedende utdanningsprogram, skriftlig;Hele landet;Oslo;Stovner videregående skole;2,9;21
2;3;NOR1268;I;3;974590964;Norsk sidemål, vg3 studieforberedende utdanningsprogram, skriftlig;Hele landet;Oslo;Ullern videregående skole;4;111
2;3;NOR1268;I;3;974590972;Norsk sidemål, vg3 studieforberedende utdanningsprogram, skriftlig;Hele landet;Oslo;Ulsrud videregående skole;*;*
2;3;NOR1268;I;3;917527067;Norsk sidemål, vg3 studieforberedende utdanningsprogram, skriftlig;Hele landet;Oslo;Valle Hovin videregående skole;3,9;88
2;3;NOR1268;I;3;925607797;Norsk sidemål, vg3 studieforberedende utdanningsprogram, skriftlig;Hele landet;Oslo;Vika videregående skole;3,5;83
2;3;NOR1268;I;3;971816317;Norsk sidemål, vg3 studieforberedende utdanningsprogram, skriftlig;Hele landet;Oslo;Wang videregående Skole/ Wang Toppidrett;3,9;97
2;2;NOR1268;I;11;11;Norsk sidemål, vg3 studieforberedende utdanningsprogram, skriftlig;Hele landet;Rogaland;Alle skoler;3,6;1 414
2;3;NOR1268;I;11;987546603;Norsk sidemål, vg3 studieforberedende utdanningsprogram, skriftlig;Hele landet;Rogaland;Akademiet Sandnes;3,3;38
2;3;NOR1268;I;11;974624532;Norsk sidemål, vg3 studieforberedende utdanningsprogram, skriftlig;Hele landet;Rogaland;Bergeland videregående skole;3,4;64
2;3;NOR1268;I;11;913385632;Norsk sidemål, vg3 studieforberedende utdanningsprogram, skriftlig;Hele landet;Rogaland;Bryne vidaregåande skule;3,4;125
2;3;NOR1268;I;11;974624478;Norsk sidemål, vg3 studieforberedende utdanningsprogram, skriftlig;Hele landet;Rogaland;Dalane videregående skole;3,4;25
2;3;NOR1268;I;11;971816287;Norsk sidemål, vg3 studieforberedende utdanningsprogram, skriftlig;Hele landet;Rogaland;Haugesund Toppidrettsgymnas AS;3,1;10
2;3;NOR1268;I;11;974624370;Norsk sidemål, vg3 studieforberedende utdanningsprogram, skriftlig;Hele landet;Rogaland;Hetland videregående skole;3,7;72
2;3;NOR1268;I;11;982378494;Norsk sidemål, vg3 studieforberedende utdanningsprogram, skriftlig;Hele landet;Rogaland;Hollenderhaugen skolesenter;*;*
2;3;NOR1268;I;11;990183449;Norsk sidemål, vg3 studieforberedende utdanningsprogram, skriftlig;Hele landet;Rogaland;Jåttå videregående skole;3,1;35
2;3;NOR1268;I;11;974624389;Norsk sidemål, vg3 studieforberedende utdanningsprogram, skriftlig;Hele landet;Rogaland;Kopervik videregående skole;3,4;40
2;3;NOR1268;I;11;874117722;Norsk sidemål, vg3 studieforberedende utdanningsprogram, skriftlig;Hele landet;Rogaland;Lundeneset Vgs;4;25
2;3;NOR1268;I;11;874624772;Norsk sidemål, vg3 studieforberedende utdanningsprogram, skriftlig;Hele landet;Rogaland;Møllehagen skolesenter grunnskole og videregående skole;*;*
2;3;NOR1268;I;11;913404793;Norsk sidemål, vg3 studieforberedende utdanningsprogram, skriftlig;Hele landet;Rogaland;Norheim Vgs AS;3,2;6
2;3;NOR1268;I;11;974624664;Norsk sidemål, vg3 studieforberedende utdanningsprogram, skriftlig;Hele landet;Rogaland;Randaberg videregående skole;3;55
2;3;NOR1268;I;11;974624397;Norsk sidemål, vg3 studieforberedende utdanningsprogram, skriftlig;Hele landet;Rogaland;Sandnes videregående skole;3,6;208
2;3;NOR1268;I;11;874624632;Norsk sidemål, vg3 studieforberedende utdanningsprogram, skriftlig;Hele landet;Rogaland;Sauda vidaregåande skule;4,1;27
2;3;NOR1268;I;11;974624362;Norsk sidemål, vg3 studieforberedende utdanningsprogram, skriftlig;Hele landet;Rogaland;Skeisvang videregående skole;4;112
2;3;NOR1268;I;11;974624672;Norsk sidemål, vg3 studieforberedende utdanningsprogram, skriftlig;Hele landet;Rogaland;Sola videregående skole;3,2;53
2;3;NOR1268;I;11;974624427;Norsk sidemål, vg3 studieforberedende utdanningsprogram, skriftlig;Hele landet;Rogaland;St Svithun videregående skole;3,6;141
2;3;NOR1268;I;11;974624443;Norsk sidemål, vg3 studieforberedende utdanningsprogram, skriftlig;Hele landet;Rogaland;St. Olav videregående skole;3,8;111
2;3;NOR1268;I;11;974624400;Norsk sidemål, vg3 studieforberedende utdanningsprogram, skriftlig;Hele landet;Rogaland;Stavanger katedralskole;3,7;49
2;3;NOR1268;I;11;974624419;Norsk sidemål, vg3 studieforberedende utdanningsprogram, skriftlig;Hele landet;Rogaland;Strand videregående skole;3,4;46
2;3;NOR1268;I;11;973157221;Norsk sidemål, vg3 studieforberedende utdanningsprogram, skriftlig;Hele landet;Rogaland;Tryggheim vidaregåande skule;4,2;32
2;3;NOR1268;I;11;974624435;Norsk sidemål, vg3 studieforberedende utdanningsprogram, skriftlig;Hele landet;Rogaland;Vardafjell videregående skole;3,7;58
2;3;NOR1268;I;11;994507508;Norsk sidemål, vg3 studieforberedende utdanningsprogram, skriftlig;Hele landet;Rogaland;Vågen videregående skole;3,5;44
2;3;NOR1268;I;11;988586102;Norsk sidemål, vg3 studieforberedende utdanningsprogram, skriftlig;Hele landet;Rogaland;Wang Toppidrett Stavanger AS;3,3;15
2;3;NOR1268;I;11;974557134;Norsk sidemål, vg3 studieforberedende utdanningsprogram, skriftlig;Hele landet;Rogaland;Ølen vidaregåande skule;*;*
2;2;NOR1268;I;40;40;Norsk sidemål, vg3 studieforberedende utdanningsprogram, skriftlig;Hele landet;Telemark;Alle skoler;3,5;519
2;3;NOR1268;I;40;974568098;Norsk sidemål, vg3 studieforberedende utdanningsprogram, skriftlig;Hele landet;Telemark;Bamble videregående skole;*;*
2;3;NOR1268;I;40;974567997;Norsk sidemål, vg3 studieforberedende utdanningsprogram, skriftlig;Hele landet;Telemark;Bø vidaregåande skule;3,5;79
2;3;NOR1268;I;40;974568071;Norsk sidemål, vg3 studieforberedende utdanningsprogram, skriftlig;Hele landet;Telemark;Hjalmar Johansen videregående skole;3,1;92
2;3;NOR1268;I;40;974568004;Norsk sidemål, vg3 studieforberedende utdanningsprogram, skriftlig;Hele landet;Telemark;Kragerø videregående skole;3,8;39
2;3;NOR1268;I;40;974085062;Norsk sidemål, vg3 studieforberedende utdanningsprogram, skriftlig;Hele landet;Telemark;Kvitsund gymnas;4,2;21
2;3;NOR1268;I;40;974568012;Norsk sidemål, vg3 studieforberedende utdanningsprogram, skriftlig;Hele landet;Telemark;Notodden videregående skole;4;31
2;3;NOR1268;I;40;974568020;Norsk sidemål, vg3 studieforberedende utdanningsprogram, skriftlig;Hele landet;Telemark;Porsgrunn videregående skole;3,5;24
2;3;NOR1268;I;40;874568082;Norsk sidemål, vg3 studieforberedende utdanningsprogram, skriftlig;Hele landet;Telemark;Rjukan videregående skole;3,6;9
2;3;NOR1268;I;40;974568039;Norsk sidemål, vg3 studieforberedende utdanningsprogram, skriftlig;Hele landet;Telemark;Skien videregående skole;3,4;141
2;3;NOR1268;I;40;974568152;Norsk sidemål, vg3 studieforberedende utdanningsprogram, skriftlig;Hele landet;Telemark;Skogmo videregående skole;*;*
2;3;NOR1268;I;40;888361332;Norsk sidemål, vg3 studieforberedende utdanningsprogram, skriftlig;Hele landet;Telemark;Stiftelsen Telemark Toppidrett gymnas;3,5;48
2;2;NOR1268;I;55;55;Norsk sidemål, vg3 studieforberedende utdanningsprogram, skriftlig;Hele landet;Troms - Romsa - Tromssa ;Alle skoler;3,7;516
2;3;NOR1268;I;55;974546817;Norsk sidemål, vg3 studieforberedende utdanningsprogram, skriftlig;Hele landet;Troms - Romsa - Tromssa ;Bardufoss videregående skole;3,7;18
2;3;NOR1268;I;55;974546892;Norsk sidemål, vg3 studieforberedende utdanningsprogram, skriftlig;Hele landet;Troms - Romsa - Tromssa ;Breivang videregående skole;3,5;22
2;3;NOR1268;I;55;974546671;Norsk sidemål, vg3 studieforberedende utdanningsprogram, skriftlig;Hele landet;Troms - Romsa - Tromssa ;Heggen videregående skole;3,6;72
2;3;NOR1268;I;55;974546744;Norsk sidemål, vg3 studieforberedende utdanningsprogram, skriftlig;Hele landet;Troms - Romsa - Tromssa ;Kongsbakken videregående skole;3,8;107
2;3;NOR1268;I;55;974546906;Norsk sidemål, vg3 studieforberedende utdanningsprogram, skriftlig;Hele landet;Troms - Romsa - Tromssa ;Kvaløya videregående skole;3,7;35
2;3;NOR1268;I;55;929440706;Norsk sidemål, vg3 studieforberedende utdanningsprogram, skriftlig;Hele landet;Troms - Romsa - Tromssa ;Longyearbyen skole Videregående Avdeling;4,7;6
2;3;NOR1268;I;55;974546922;Norsk sidemål, vg3 studieforberedende utdanningsprogram, skriftlig;Hele landet;Troms - Romsa - Tromssa ;Nordkjosbotn videregående skole;4;12
2;3;NOR1268;I;55;974546957;Norsk sidemål, vg3 studieforberedende utdanningsprogram, skriftlig;Hele landet;Troms - Romsa - Tromssa ;Nord-Troms videregående skole avd Nordreisa;3,7;20
2;3;NOR1268;I;55;991575731;Norsk sidemål, vg3 studieforberedende utdanningsprogram, skriftlig;Hele landet;Troms - Romsa - Tromssa ;Norges Toppidrettsgymnas Tromsø AS;3,9;28
2;3;NOR1268;I;55;974546698;Norsk sidemål, vg3 studieforberedende utdanningsprogram, skriftlig;Hele landet;Troms - Romsa - Tromssa ;Senja videregående skole avd Finnfjordbotn;3,2;38
2;3;NOR1268;I;55;974546809;Norsk sidemål, vg3 studieforberedende utdanningsprogram, skriftlig;Hele landet;Troms - Romsa - Tromssa ;Sjøvegan videregående skole;3,4;10
2;3;NOR1268;I;55;974546760;Norsk sidemål, vg3 studieforberedende utdanningsprogram, skriftlig;Hele landet;Troms - Romsa - Tromssa ;Stangnes Rå videregående skole avd Stangnes;3;16
2;3;NOR1268;I;55;974546868;Norsk sidemål, vg3 studieforberedende utdanningsprogram, skriftlig;Hele landet;Troms - Romsa - Tromssa ;Tromsdalen videregående skole;3,7;132
2;2;NOR1268;I;50;50;Norsk sidemål, vg3 studieforberedende utdanningsprogram, skriftlig;Hele landet;Trøndelag - Trööndelage;Alle skoler;3,6;1 388
2;3;NOR1268;I;50;971816279;Norsk sidemål, vg3 studieforberedende utdanningsprogram, skriftlig;Hele landet;Trøndelag - Trööndelage;Bybroen videregående skole AS;2,7;10
2;3;NOR1268;I;50;984477112;Norsk sidemål, vg3 studieforberedende utdanningsprogram, skriftlig;Hele landet;Trøndelag - Trööndelage;Byåsen videregående skole;3,4;97
2;3;NOR1268;I;50;996772772;Norsk sidemål, vg3 studieforberedende utdanningsprogram, skriftlig;Hele landet;Trøndelag - Trööndelage;Charlottenlund videregående skole;3,6;102
2;3;NOR1268;I;50;926694022;Norsk sidemål, vg3 studieforberedende utdanningsprogram, skriftlig;Hele landet;Trøndelag - Trööndelage;Cissi Klein videregående skole;3,4;23
2;3;NOR1268;I;50;974557975;Norsk sidemål, vg3 studieforberedende utdanningsprogram, skriftlig;Hele landet;Trøndelag - Trööndelage;Fosen videregående skole;3,6;17
2;3;NOR1268;I;50;974557983;Norsk sidemål, vg3 studieforberedende utdanningsprogram, skriftlig;Hele landet;Trøndelag - Trööndelage;Gauldal videregående skole;3,5;11
2;3;NOR1268;I;50;974560771;Norsk sidemål, vg3 studieforberedende utdanningsprogram, skriftlig;Hele landet;Trøndelag - Trööndelage;Grong videregående skole;3,6;35
2;3;NOR1268;I;50;974558017;Norsk sidemål, vg3 studieforberedende utdanningsprogram, skriftlig;Hele landet;Trøndelag - Trööndelage;Guri Kunna videregående skole avd Hitra;3,5;6
2;3;NOR1268;I;50;974557991;Norsk sidemål, vg3 studieforberedende utdanningsprogram, skriftlig;Hele landet;Trøndelag - Trööndelage;Heimdal videregående skole;3,6;116
2;3;NOR1268;I;50;974560798;Norsk sidemål, vg3 studieforberedende utdanningsprogram, skriftlig;Hele landet;Trøndelag - Trööndelage;Inderøy videregående skole;3,6;32
2;3;NOR1268;I;50;929188829;Norsk sidemål, vg3 studieforberedende utdanningsprogram, skriftlig;Hele landet;Trøndelag - Trööndelage;Johan Bojer videregående skole;3,5;19
2;3;NOR1268;I;50;974149699;Norsk sidemål, vg3 studieforberedende utdanningsprogram, skriftlig;Hele landet;Trøndelag - Trööndelage;Kristen videregående skole Trøndelag;3,8;63
2;3;NOR1268;I;50;874558052;Norsk sidemål, vg3 studieforberedende utdanningsprogram, skriftlig;Hele landet;Trøndelag - Trööndelage;Kyrksæterøra videregående skole;3,4;7
2;3;NOR1268;I;50;974560704;Norsk sidemål, vg3 studieforberedende utdanningsprogram, skriftlig;Hele landet;Trøndelag - Trööndelage;Levanger videregående skole;3,7;91
2;3;NOR1268;I;50;974558378;Norsk sidemål, vg3 studieforberedende utdanningsprogram, skriftlig;Hele landet;Trøndelag - Trööndelage;Malvik videregående skole;3,9;25
2;3;NOR1268;I;50;874558362;Norsk sidemål, vg3 studieforberedende utdanningsprogram, skriftlig;Hele landet;Trøndelag - Trööndelage;Melhus videregående skole;3,4;32
2;3;NOR1268;I;50;974560763;Norsk sidemål, vg3 studieforberedende utdanningsprogram, skriftlig;Hele landet;Trøndelag - Trööndelage;Meråker videregående skole;3,6;29
2;3;NOR1268;I;50;974560712;Norsk sidemål, vg3 studieforberedende utdanningsprogram, skriftlig;Hele landet;Trøndelag - Trööndelage;Olav Duun videregående skole;3,5;33
2;3;NOR1268;I;50;974560720;Norsk sidemål, vg3 studieforberedende utdanningsprogram, skriftlig;Hele landet;Trøndelag - Trööndelage;Ole Vig videregående skole;3,4;80
2;3;NOR1268;I;50;974558041;Norsk sidemål, vg3 studieforberedende utdanningsprogram, skriftlig;Hele landet;Trøndelag - Trööndelage;Oppdal videregående skole;3,7;19
2;3;NOR1268;I;50;974557967;Norsk sidemål, vg3 studieforberedende utdanningsprogram, skriftlig;Hele landet;Trøndelag - Trööndelage;Orkdal vidaregåande skole;3,8;41
2;3;NOR1268;I;50;974558130;Norsk sidemål, vg3 studieforberedende utdanningsprogram, skriftlig;Hele landet;Trøndelag - Trööndelage;Røros videregående skole;3,6;10
2;3;NOR1268;I;50;974558068;Norsk sidemål, vg3 studieforberedende utdanningsprogram, skriftlig;Hele landet;Trøndelag - Trööndelage;Selbu videregående skole;3,8;9
2;3;NOR1268;I;50;932343150;Norsk sidemål, vg3 studieforberedende utdanningsprogram, skriftlig;Hele landet;Trøndelag - Trööndelage;Sommerschild skole;*;*
2;3;NOR1268;I;50;974560690;Norsk sidemål, vg3 studieforberedende utdanningsprogram, skriftlig;Hele landet;Trøndelag - Trööndelage;Steinkjer videregående skole;3,2;67
2;3;NOR1268;I;50;996772810;Norsk sidemål, vg3 studieforberedende utdanningsprogram, skriftlig;Hele landet;Trøndelag - Trööndelage;Strinda videregående skole;3,5;129
2;3;NOR1268;I;50;995415372;Norsk sidemål, vg3 studieforberedende utdanningsprogram, skriftlig;Hele landet;Trøndelag - Trööndelage;Thora Storm videregående skole;4,1;90
2;3;NOR1268;I;50;974558386;Norsk sidemål, vg3 studieforberedende utdanningsprogram, skriftlig;Hele landet;Trøndelag - Trööndelage;Tiller videregående skole;3,2;57
2;3;NOR1268;I;50;974557908;Norsk sidemål, vg3 studieforberedende utdanningsprogram, skriftlig;Hele landet;Trøndelag - Trööndelage;Trondheim katedralskole;3,6;80
2;3;NOR1268;I;50;974560747;Norsk sidemål, vg3 studieforberedende utdanningsprogram, skriftlig;Hele landet;Trøndelag - Trööndelage;Verdal videregående skole;3,6;41
2;3;NOR1268;I;50;974560739;Norsk sidemål, vg3 studieforberedende utdanningsprogram, skriftlig;Hele landet;Trøndelag - Trööndelage;Ytre Namdal videregående skole;3,5;8
2;3;NOR1268;I;50;974558033;Norsk sidemål, vg3 studieforberedende utdanningsprogram, skriftlig;Hele landet;Trøndelag - Trööndelage;Åfjord videregående skole;*;*
2;2;NOR1268;I;39;39;Norsk sidemål, vg3 studieforberedende utdanningsprogram, skriftlig;Hele landet;Vestfold;Alle skoler;3,5;825
2;3;NOR1268;I;39;974575086;Norsk sidemål, vg3 studieforberedende utdanningsprogram, skriftlig;Hele landet;Vestfold;Færder videregående skole;3,5;22
2;3;NOR1268;I;39;974574993;Norsk sidemål, vg3 studieforberedende utdanningsprogram, skriftlig;Hele landet;Vestfold;Greveskogen videregående skole;3,7;100
2;3;NOR1268;I;39;874575062;Norsk sidemål, vg3 studieforberedende utdanningsprogram, skriftlig;Hele landet;Vestfold;Holmestrand videregående skole;2,8;12
2;3;NOR1268;I;39;923261354;Norsk sidemål, vg3 studieforberedende utdanningsprogram, skriftlig;Hele landet;Vestfold;Horten videregående skole;3,4;118
2;3;NOR1268;I;39;974575051;Norsk sidemål, vg3 studieforberedende utdanningsprogram, skriftlig;Hele landet;Vestfold;Melsom videregående skole;3,1;10
2;3;NOR1268;I;39;974575000;Norsk sidemål, vg3 studieforberedende utdanningsprogram, skriftlig;Hele landet;Vestfold;Nøtterøy videregående skole;4,1;92
2;3;NOR1268;I;39;874575232;Norsk sidemål, vg3 studieforberedende utdanningsprogram, skriftlig;Hele landet;Vestfold;Re videregående skole;3,2;71
2;3;NOR1268;I;39;974575116;Norsk sidemål, vg3 studieforberedende utdanningsprogram, skriftlig;Hele landet;Vestfold;Sande videregående skole;3,4;43
2;3;NOR1268;I;39;974575019;Norsk sidemål, vg3 studieforberedende utdanningsprogram, skriftlig;Hele landet;Vestfold;Sandefjord videregående skole;3,4;225
2;3;NOR1268;I;39;974575027;Norsk sidemål, vg3 studieforberedende utdanningsprogram, skriftlig;Hele landet;Vestfold;Thor Heyerdahl videregående skole;3,7;92
2;3;NOR1268;I;39;995354071;Norsk sidemål, vg3 studieforberedende utdanningsprogram, skriftlig;Hele landet;Vestfold;Wang Tønsberg AS;3,9;40
2;2;NOR1268;I;46;46;Norsk sidemål, vg3 studieforberedende utdanningsprogram, skriftlig;Hele landet;Vestland;Alle skoler;3,7;1 902
2;3;NOR1268;I;46;986900055;Norsk sidemål, vg3 studieforberedende utdanningsprogram, skriftlig;Hele landet;Vestland;Akademiet Vgs Bergen AS;*;*
2;3;NOR1268;I;46;999546560;Norsk sidemål, vg3 studieforberedende utdanningsprogram, skriftlig;Hele landet;Vestland;Amalie Skram videregående skole;4,1;104
2;3;NOR1268;I;46;974557444;Norsk sidemål, vg3 studieforberedende utdanningsprogram, skriftlig;Hele landet;Vestland;Arna vidaregåande skule;3,5;20
2;3;NOR1268;I;46;974557533;Norsk sidemål, vg3 studieforberedende utdanningsprogram, skriftlig;Hele landet;Vestland;Askøy videregående skole;3,2;28
2;3;NOR1268;I;46;974557509;Norsk sidemål, vg3 studieforberedende utdanningsprogram, skriftlig;Hele landet;Vestland;Austrheim vidaregåande skule;*;*
2;3;NOR1268;I;46;874557102;Norsk sidemål, vg3 studieforberedende utdanningsprogram, skriftlig;Hele landet;Vestland;Bergen katedralskole;3,8;96
2;3;NOR1268;I;46;988602671;Norsk sidemål, vg3 studieforberedende utdanningsprogram, skriftlig;Hele landet;Vestland;Bergen private gymnas AS;3,3;48
2;3;NOR1268;I;46;974557126;Norsk sidemål, vg3 studieforberedende utdanningsprogram, skriftlig;Hele landet;Vestland;Bømlo vidaregåande skule;3,7;20
2;3;NOR1268;I;46;974571137;Norsk sidemål, vg3 studieforberedende utdanningsprogram, skriftlig;Hele landet;Vestland;Dale vidaregåande skule;4,7;22
2;3;NOR1268;I;46;873159642;Norsk sidemål, vg3 studieforberedende utdanningsprogram, skriftlig;Hele landet;Vestland;Danielsen videregående skole;3,3;64
2;3;NOR1268;I;46;874571172;Norsk sidemål, vg3 studieforberedende utdanningsprogram, skriftlig;Hele landet;Vestland;Eid vidaregåande skule;4,4;29
2;3;NOR1268;I;46;974571161;Norsk sidemål, vg3 studieforberedende utdanningsprogram, skriftlig;Hele landet;Vestland;Firda vidaregåande skule;3,6;65
2;3;NOR1268;I;46;974571145;Norsk sidemål, vg3 studieforberedende utdanningsprogram, skriftlig;Hele landet;Vestland;Flora vidaregåande skule;3,8;32
2;3;NOR1268;I;46;974117959;Norsk sidemål, vg3 studieforberedende utdanningsprogram, skriftlig;Hele landet;Vestland;Framnes Kristne vidaregåande skule;4,3;71
2;3;NOR1268;I;46;874557552;Norsk sidemål, vg3 studieforberedende utdanningsprogram, skriftlig;Hele landet;Vestland;Fusa vidaregåande skule;*;*
2;3;NOR1268;I;46;974557584;Norsk sidemål, vg3 studieforberedende utdanningsprogram, skriftlig;Hele landet;Vestland;Fyllingsdalen videregående skole;3,3;46
2;3;NOR1268;I;46;974571110;Norsk sidemål, vg3 studieforberedende utdanningsprogram, skriftlig;Hele landet;Vestland;Førde vidaregåande skule;3,8;82
2;3;NOR1268;I;46;974571080;Norsk sidemål, vg3 studieforberedende utdanningsprogram, skriftlig;Hele landet;Vestland;Høyanger vidaregåande skule;4,2;9
2;3;NOR1268;I;46;974557339;Norsk sidemål, vg3 studieforberedende utdanningsprogram, skriftlig;Hele landet;Vestland;Knarvik vidaregåande skule;3,6;57
2;3;NOR1268;I;46;974557045;Norsk sidemål, vg3 studieforberedende utdanningsprogram, skriftlig;Hele landet;Vestland;Kvam vidaregåande skule;3,8;10
2;3;NOR1268;I;46;974557282;Norsk sidemål, vg3 studieforberedende utdanningsprogram, skriftlig;Hele landet;Vestland;Kvinnherad vidaregåande skule;3,7;20
2;3;NOR1268;I;46;974557096;Norsk sidemål, vg3 studieforberedende utdanningsprogram, skriftlig;Hele landet;Vestland;Langhaugen videregående skole;4;107
2;3;NOR1268;I;46;985076308;Norsk sidemål, vg3 studieforberedende utdanningsprogram, skriftlig;Hele landet;Vestland;Metis videregående AS;3,7;51
2;3;NOR1268;I;46;974571188;Norsk sidemål, vg3 studieforberedende utdanningsprogram, skriftlig;Hele landet;Vestland;Måløy vidaregåande skule;4;23
2;3;NOR1268;I;46;993527084;Norsk sidemål, vg3 studieforberedende utdanningsprogram, skriftlig;Hele landet;Vestland;Nordahl Grieg videregående skole;3,3;153
2;3;NOR1268;I;46;922148805;Norsk sidemål, vg3 studieforberedende utdanningsprogram, skriftlig;Hele landet;Vestland;Norges Toppidrettsgymnas Bergen AS;3,3;27
2;3;NOR1268;I;46;974557290;Norsk sidemål, vg3 studieforberedende utdanningsprogram, skriftlig;Hele landet;Vestland;Odda vidaregåande skule;3,2;12
2;3;NOR1268;I;46;989630008;Norsk sidemål, vg3 studieforberedende utdanningsprogram, skriftlig;Hele landet;Vestland;Olsvikåsen videregående skole;3,3;67
2;3;NOR1268;I;46;974556995;Norsk sidemål, vg3 studieforberedende utdanningsprogram, skriftlig;Hele landet;Vestland;Os gymnas;3,7;19
2;3;NOR1268;I;46;974557150;Norsk sidemål, vg3 studieforberedende utdanningsprogram, skriftlig;Hele landet;Vestland;Osterøy vidaregåande skule;3,7;16
2;3;NOR1268;I;46;974557142;Norsk sidemål, vg3 studieforberedende utdanningsprogram, skriftlig;Hele landet;Vestland;Sandsli videregående skole;3,1;48
2;3;NOR1268;I;46;974571056;Norsk sidemål, vg3 studieforberedende utdanningsprogram, skriftlig;Hele landet;Vestland;Sogndal vidaregåande skule;4,2;51
2;3;NOR1268;I;46;974557568;Norsk sidemål, vg3 studieforberedende utdanningsprogram, skriftlig;Hele landet;Vestland;Sotra vidaregåande skule;3,5;37
2;3;NOR1268;I;46;916794304;Norsk sidemål, vg3 studieforberedende utdanningsprogram, skriftlig;Hele landet;Vestland;St. Paul gymnas;3,4;32
2;3;NOR1268;I;46;974557703;Norsk sidemål, vg3 studieforberedende utdanningsprogram, skriftlig;Hele landet;Vestland;Stend vidaregåande skule;3,8;48
2;3;NOR1268;I;46;974557029;Norsk sidemål, vg3 studieforberedende utdanningsprogram, skriftlig;Hele landet;Vestland;Stord vidaregåande skule;3,5;98
2;3;NOR1268;I;46;974571153;Norsk sidemål, vg3 studieforberedende utdanningsprogram, skriftlig;Hele landet;Vestland;Stryn vidaregåande skule;4,2;21
2;3;NOR1268;I;46;974151537;Norsk sidemål, vg3 studieforberedende utdanningsprogram, skriftlig;Hele landet;Vestland;Sygna Vgs;*;*
2;3;NOR1268;I;46;974557061;Norsk sidemål, vg3 studieforberedende utdanningsprogram, skriftlig;Hele landet;Vestland;Tertnes vidaregåande skule;3,4;85
2;3;NOR1268;I;46;816031982;Norsk sidemål, vg3 studieforberedende utdanningsprogram, skriftlig;Hele landet;Vestland;Voss gymnas;4;68
2;3;NOR1268;I;46;874571032;Norsk sidemål, vg3 studieforberedende utdanningsprogram, skriftlig;Hele landet;Vestland;Årdal vidaregåande skule;4,5;13
2;3;NOR1268;I;46;974557487;Norsk sidemål, vg3 studieforberedende utdanningsprogram, skriftlig;Hele landet;Vestland;Årstad videregående skole;2,9;28
2;3;NOR1268;I;46;974557479;Norsk sidemål, vg3 studieforberedende utdanningsprogram, skriftlig;Hele landet;Vestland;Åsane vidaregåande skule;3,2;44
2;2;NOR1268;I;31;31;Norsk sidemål, vg3 studieforberedende utdanningsprogram, skriftlig;Hele landet;Østfold;Alle skoler;3,3;870
2;3;NOR1268;I;31;988519480;Norsk sidemål, vg3 studieforberedende utdanningsprogram, skriftlig;Hele landet;Østfold;Akademiet Fredrikstad AS Privat videregående skole;2,5;22
2;3;NOR1268;I;31;974544504;Norsk sidemål, vg3 studieforberedende utdanningsprogram, skriftlig;Hele landet;Østfold;Askim videregående skole;3,3;70
2;3;NOR1268;I;31;974544466;Norsk sidemål, vg3 studieforberedende utdanningsprogram, skriftlig;Hele landet;Østfold;Frederik Ii videregående skole;3,3;160
2;3;NOR1268;I;31;974544482;Norsk sidemål, vg3 studieforberedende utdanningsprogram, skriftlig;Hele landet;Østfold;Glemmen videregående skole;3,8;27
2;3;NOR1268;I;31;974544490;Norsk sidemål, vg3 studieforberedende utdanningsprogram, skriftlig;Hele landet;Østfold;Greåker videregående skole;3,4;112
2;3;NOR1268;I;31;974544563;Norsk sidemål, vg3 studieforberedende utdanningsprogram, skriftlig;Hele landet;Østfold;Halden videregående skole;3,9;83
2;3;NOR1268;I;31;913279727;Norsk sidemål, vg3 studieforberedende utdanningsprogram, skriftlig;Hele landet;Østfold;Hans Nielsen Hauge videregående skole;3,6;37
2;3;NOR1268;I;31;974544520;Norsk sidemål, vg3 studieforberedende utdanningsprogram, skriftlig;Hele landet;Østfold;Kalnes videregående skole;3,5;19
2;3;NOR1268;I;31;974544539;Norsk sidemål, vg3 studieforberedende utdanningsprogram, skriftlig;Hele landet;Østfold;Kirkeparken videregående skole;3,5;122
2;3;NOR1268;I;31;974544547;Norsk sidemål, vg3 studieforberedende utdanningsprogram, skriftlig;Hele landet;Østfold;Malakoff videregående skole;2,9;37
2;3;NOR1268;I;31;974544512;Norsk sidemål, vg3 studieforberedende utdanningsprogram, skriftlig;Hele landet;Østfold;Mysen videregående skole;3,1;56
2;3;NOR1268;I;31;874544582;Norsk sidemål, vg3 studieforberedende utdanningsprogram, skriftlig;Hele landet;Østfold;St. Olav videregående skole;2,9;105
2;3;NOR1268;I;31;986779795;Norsk sidemål, vg3 studieforberedende utdanningsprogram, skriftlig;Hele landet;Østfold;Wang Fredrikstad AS;3,9;20
2;1;NOR1268;U;0;U;Norsk sidemål, vg3 studieforberedende utdanningsprogram, skriftlig;Utlandet;Alle fylker;Alle skoler;3,4;27
2;2;NOR1268;U;25;25;Norsk sidemål, vg3 studieforberedende utdanningsprogram, skriftlig;Utlandet;Utlandet;Alle skoler;3,4;27
2;3;NOR1268;U;25;U90099009;Norsk sidemål, vg3 studieforberedende utdanningsprogram, skriftlig;Utlandet;Utlandet;Den norske skole - Costa Blanca;3,4;9
2;3;NOR1268;U;25;U90099017;Norsk sidemål, vg3 studieforberedende utdanningsprogram, skriftlig;Utlandet;Utlandet;Den norske skole - Gran Canaria;3,7;10
2;3;NOR1268;U;25;U90099015;Norsk sidemål, vg3 studieforberedende utdanningsprogram, skriftlig;Utlandet;Utlandet;Den norske skolen i Rojales (DNSR);3;8
2;0;NOR1270;Alle;0;Alle;Norsk hovedmål, vg3 påbygging til generell studiekompetanse, skriftlig;Hele landet;Alle fylker;Alle skoler;3,1;8 569
2;1;NOR1270;I;0;I;Norsk hovedmål, vg3 påbygging til generell studiekompetanse, skriftlig;Hele landet;Alle fylker;Alle skoler;3,1;8 569
2;2;NOR1270;I;42;42;Norsk hovedmål, vg3 påbygging til generell studiekompetanse, skriftlig;Hele landet;Agder;Alle skoler;3,1;669
2;3;NOR1270;I;42;974573873;Norsk hovedmål, vg3 påbygging til generell studiekompetanse, skriftlig;Hele landet;Agder;Arendal videregående skole avd Tyholmen;3,3;67
2;3;NOR1270;I;42;922100101;Norsk hovedmål, vg3 påbygging til generell studiekompetanse, skriftlig;Hele landet;Agder;Blå Kors videregående skole Grimstad AS;3,2;9
2;3;NOR1270;I;42;974595168;Norsk hovedmål, vg3 påbygging til generell studiekompetanse, skriftlig;Hele landet;Agder;Byremo videregående skole;3,5;15
2;3;NOR1270;I;42;974573881;Norsk hovedmål, vg3 påbygging til generell studiekompetanse, skriftlig;Hele landet;Agder;Dahlske videregående skole;3,3;49
2;3;NOR1270;I;42;974117738;Norsk hovedmål, vg3 påbygging til generell studiekompetanse, skriftlig;Hele landet;Agder;Drottningborg Vgs AS;3;12
2;3;NOR1270;I;42;874595012;Norsk hovedmål, vg3 påbygging til generell studiekompetanse, skriftlig;Hele landet;Agder;Eilert Sundt videregående skole Studiested Farsund;3,2;24
2;3;NOR1270;I;42;974595141;Norsk hovedmål, vg3 påbygging til generell studiekompetanse, skriftlig;Hele landet;Agder;Flekkefjord videregående skole Studiested Flekkefjord;3;40
2;3;NOR1270;I;42;974594994;Norsk hovedmål, vg3 påbygging til generell studiekompetanse, skriftlig;Hele landet;Agder;Kristiansand katedralskole Gimle;3,5;30
2;3;NOR1270;I;42;974595117;Norsk hovedmål, vg3 påbygging til generell studiekompetanse, skriftlig;Hele landet;Agder;Kvadraturen videregående skole;3,1;79
2;3;NOR1270;I;42;989280767;Norsk hovedmål, vg3 påbygging til generell studiekompetanse, skriftlig;Hele landet;Agder;Kvs-Bygland AS;3;14
2;3;NOR1270;I;42;973149776;Norsk hovedmål, vg3 påbygging til generell studiekompetanse, skriftlig;Hele landet;Agder;Kvs-Lyngdal AS;3,4;28
2;3;NOR1270;I;42;974573857;Norsk hovedmål, vg3 påbygging til generell studiekompetanse, skriftlig;Hele landet;Agder;Lillesand videregående skole;3,4;38
2;3;NOR1270;I;42;974595125;Norsk hovedmål, vg3 påbygging til generell studiekompetanse, skriftlig;Hele landet;Agder;Mandal videregående skole;2,8;49
2;3;NOR1270;I;42;994557416;Norsk hovedmål, vg3 påbygging til generell studiekompetanse, skriftlig;Hele landet;Agder;Oasen videregående skole AS;2,7;9
2;3;NOR1270;I;42;874573892;Norsk hovedmål, vg3 påbygging til generell studiekompetanse, skriftlig;Hele landet;Agder;Setesdal vidaregåande skule;3,1;10
2;3;NOR1270;I;42;974595184;Norsk hovedmål, vg3 påbygging til generell studiekompetanse, skriftlig;Hele landet;Agder;Søgne videregående skole;2,8;28
2;3;NOR1270;I;42;874595152;Norsk hovedmål, vg3 påbygging til generell studiekompetanse, skriftlig;Hele landet;Agder;Tangen videregående skole;3,2;28
2;3;NOR1270;I;42;974573865;Norsk hovedmål, vg3 påbygging til generell studiekompetanse, skriftlig;Hele landet;Agder;Tvedestrand videregående skole;3,1;48
2;3;NOR1270;I;42;974595044;Norsk hovedmål, vg3 påbygging til generell studiekompetanse, skriftlig;Hele landet;Agder;Vennesla videregående skole;3,4;26
2;3;NOR1270;I;42;974595001;Norsk hovedmål, vg3 påbygging til generell studiekompetanse, skriftlig;Hele landet;Agder;Vågsbygd videregående skole;2,7;66
2;2;NOR1270;I;32;32;Norsk hovedmål, vg3 påbygging til generell studiekompetanse, skriftlig;Hele landet;Akershus;Alle skoler;3,1;1 226
2;3;NOR1270;I;32;974587637;Norsk hovedmål, vg3 påbygging til generell studiekompetanse, skriftlig;Hele landet;Akershus;Bjertnes videregående skole;3,1;36
2;3;NOR1270;I;32;974587602;Norsk hovedmål, vg3 påbygging til generell studiekompetanse, skriftlig;Hele landet;Akershus;Bjørkelangen videregående skole;2,7;27
2;3;NOR1270;I;32;974587831;Norsk hovedmål, vg3 påbygging til generell studiekompetanse, skriftlig;Hele landet;Akershus;Bleiker videregående skole;3,3;57
2;3;NOR1270;I;32;974587882;Norsk hovedmål, vg3 påbygging til generell studiekompetanse, skriftlig;Hele landet;Akershus;Drømtorp videregående skole;3;125
2;3;NOR1270;I;32;974587661;Norsk hovedmål, vg3 påbygging til generell studiekompetanse, skriftlig;Hele landet;Akershus;Eidsvoll videregående skole;*;*
2;3;NOR1270;I;32;825322922;Norsk hovedmål, vg3 påbygging til generell studiekompetanse, skriftlig;Hele landet;Akershus;Feiring videregående skole AS;3,4;16
2;3;NOR1270;I;32;988843709;Norsk hovedmål, vg3 påbygging til generell studiekompetanse, skriftlig;Hele landet;Akershus;Frogn videregående skole;3,1;26
2;3;NOR1270;I;32;974587807;Norsk hovedmål, vg3 påbygging til generell studiekompetanse, skriftlig;Hele landet;Akershus;Hvam videregående skole;3,9;41
2;3;NOR1270;I;32;974587645;Norsk hovedmål, vg3 påbygging til generell studiekompetanse, skriftlig;Hele landet;Akershus;Jessheim videregående skole;2,9;102
2;3;NOR1270;I;32;974587777;Norsk hovedmål, vg3 påbygging til generell studiekompetanse, skriftlig;Hele landet;Akershus;Kjelle videregående skole;*;*
2;3;NOR1270;I;32;974587610;Norsk hovedmål, vg3 påbygging til generell studiekompetanse, skriftlig;Hele landet;Akershus;Lørenskog videregående skole;2,7;48
2;3;NOR1270;I;32;991815325;Norsk hovedmål, vg3 påbygging til generell studiekompetanse, skriftlig;Hele landet;Akershus;Mailand videregående skole;3;46
2;3;NOR1270;I;32;988084948;Norsk hovedmål, vg3 påbygging til generell studiekompetanse, skriftlig;Hele landet;Akershus;Nannestad videregående skole;3,2;30
2;3;NOR1270;I;32;974587653;Norsk hovedmål, vg3 påbygging til generell studiekompetanse, skriftlig;Hele landet;Akershus;Nes videregående skole;2,8;44
2;3;NOR1270;I;32;974587599;Norsk hovedmål, vg3 påbygging til generell studiekompetanse, skriftlig;Hele landet;Akershus;Nesbru videregående skole;3,5;39
2;3;NOR1270;I;32;974587572;Norsk hovedmål, vg3 påbygging til generell studiekompetanse, skriftlig;Hele landet;Akershus;Nesodden videregående skole;3;44
2;3;NOR1270;I;32;974587866;Norsk hovedmål, vg3 påbygging til generell studiekompetanse, skriftlig;Hele landet;Akershus;Rosenvilde videregående skole;2,9;51
2;3;NOR1270;I;32;974587823;Norsk hovedmål, vg3 påbygging til generell studiekompetanse, skriftlig;Hele landet;Akershus;Rud videregående skole;2,8;77
2;3;NOR1270;I;32;974587769;Norsk hovedmål, vg3 påbygging til generell studiekompetanse, skriftlig;Hele landet;Akershus;Rælingen videregående skole;2,9;61
2;3;NOR1270;I;32;974605953;Norsk hovedmål, vg3 påbygging til generell studiekompetanse, skriftlig;Hele landet;Akershus;Røyken videregående skole;2,9;50
2;3;NOR1270;I;32;924422459;Norsk hovedmål, vg3 påbygging til generell studiekompetanse, skriftlig;Hele landet;Akershus;Seiersborg videregående skole Follo AS;2,5;10
2;3;NOR1270;I;32;974587629;Norsk hovedmål, vg3 påbygging til generell studiekompetanse, skriftlig;Hele landet;Akershus;Skedsmo videregående skole;3,1;73
2;3;NOR1270;I;32;974587718;Norsk hovedmål, vg3 påbygging til generell studiekompetanse, skriftlig;Hele landet;Akershus;Stabekk videregående skole;4;12
2;3;NOR1270;I;32;874587842;Norsk hovedmål, vg3 påbygging til generell studiekompetanse, skriftlig;Hele landet;Akershus;Sørumsand videregående skole;3,1;47
2;3;NOR1270;I;32;974587815;Norsk hovedmål, vg3 påbygging til generell studiekompetanse, skriftlig;Hele landet;Akershus;Vestby videregående skole;3,3;44
2;3;NOR1270;I;32;974587564;Norsk hovedmål, vg3 påbygging til generell studiekompetanse, skriftlig;Hele landet;Akershus;Ås videregående skole;3,5;84
2;2;NOR1270;I;33;33;Norsk hovedmål, vg3 påbygging til generell studiekompetanse, skriftlig;Hele landet;Buskerud;Alle skoler;3;445
2;3;NOR1270;I;33;985500568;Norsk hovedmål, vg3 påbygging til generell studiekompetanse, skriftlig;Hele landet;Buskerud;Akademiet Drammen AS;3,6;29
2;3;NOR1270;I;33;988938424;Norsk hovedmål, vg3 påbygging til generell studiekompetanse, skriftlig;Hele landet;Buskerud;Akademiet Ypsilon videregående skole AS;2,5;36
2;3;NOR1270;I;33;986737162;Norsk hovedmål, vg3 påbygging til generell studiekompetanse, skriftlig;Hele landet;Buskerud;Briskeby videregående skole AS;3;7
2;3;NOR1270;I;33;974606216;Norsk hovedmål, vg3 påbygging til generell studiekompetanse, skriftlig;Hele landet;Buskerud;Buskerud videregående skole;2,9;50
2;3;NOR1270;I;33;974605929;Norsk hovedmål, vg3 påbygging til generell studiekompetanse, skriftlig;Hele landet;Buskerud;Hønefoss videregående skole;2,8;53
2;3;NOR1270;I;33;974605996;Norsk hovedmål, vg3 påbygging til generell studiekompetanse, skriftlig;Hele landet;Buskerud;Kongsberg videregående skole;3;78
2;3;NOR1270;I;33;974606135;Norsk hovedmål, vg3 påbygging til generell studiekompetanse, skriftlig;Hele landet;Buskerud;Lier videregående skole;2,7;94
2;3;NOR1270;I;33;974606232;Norsk hovedmål, vg3 påbygging til generell studiekompetanse, skriftlig;Hele landet;Buskerud;Numedal videregående skole;4,2;6
2;3;NOR1270;I;33;973255754;Norsk hovedmål, vg3 påbygging til generell studiekompetanse, skriftlig;Hele landet;Buskerud;Tyrifjord videregående skole;2,7;15
2;3;NOR1270;I;33;974605910;Norsk hovedmål, vg3 påbygging til generell studiekompetanse, skriftlig;Hele landet;Buskerud;Ål vidaregåande skole avd Ål;3,3;27
2;3;NOR1270;I;33;974605937;Norsk hovedmål, vg3 påbygging til generell studiekompetanse, skriftlig;Hele landet;Buskerud;Åssiden videregående skole;3,2;50
2;2;NOR1270;I;56;56;Norsk hovedmål, vg3 påbygging til generell studiekompetanse, skriftlig;Hele landet;Finnmark - Finnmárku - Finmarkku;Alle skoler;3,2;77
2;3;NOR1270;I;56;974622750;Norsk hovedmål, vg3 påbygging til generell studiekompetanse, skriftlig;Hele landet;Finnmark - Finnmárku - Finmarkku;Alta videregående skole;2,9;25
2;3;NOR1270;I;56;914837367;Norsk hovedmål, vg3 påbygging til generell studiekompetanse, skriftlig;Hele landet;Finnmark - Finnmárku - Finmarkku;Båtsfjord private videregående skole AS;*;*
2;3;NOR1270;I;56;874622702;Norsk hovedmål, vg3 påbygging til generell studiekompetanse, skriftlig;Hele landet;Finnmark - Finnmárku - Finmarkku;Hammerfest videregående skole;3,3;15
2;3;NOR1270;I;56;974622726;Norsk hovedmål, vg3 påbygging til generell studiekompetanse, skriftlig;Hele landet;Finnmark - Finnmárku - Finmarkku;Kirkenes videregående skole;3,1;8
2;3;NOR1270;I;56;974622742;Norsk hovedmål, vg3 påbygging til generell studiekompetanse, skriftlig;Hele landet;Finnmark - Finnmárku - Finmarkku;Lakselv videregående skole;4,5;6
2;3;NOR1270;I;56;974064332;Norsk hovedmål, vg3 påbygging til generell studiekompetanse, skriftlig;Hele landet;Finnmark - Finnmárku - Finmarkku;Tana videregående skole;3,6;11
2;3;NOR1270;I;56;974622718;Norsk hovedmål, vg3 påbygging til generell studiekompetanse, skriftlig;Hele landet;Finnmark - Finnmárku - Finmarkku;Vadsø videregående skole;*;*
2;3;NOR1270;I;56;974622777;Norsk hovedmål, vg3 påbygging til generell studiekompetanse, skriftlig;Hele landet;Finnmark - Finnmárku - Finmarkku;Vardø videregående skole;*;*
2;2;NOR1270;I;34;34;Norsk hovedmål, vg3 påbygging til generell studiekompetanse, skriftlig;Hele landet;Innlandet;Alle skoler;3,2;580
2;3;NOR1270;I;34;974571900;Norsk hovedmål, vg3 påbygging til generell studiekompetanse, skriftlig;Hele landet;Innlandet;Elverum videregående skole;3,3;44
2;3;NOR1270;I;34;998513448;Norsk hovedmål, vg3 påbygging til generell studiekompetanse, skriftlig;Hele landet;Innlandet;Hadeland videregående skole;2,7;21
2;3;NOR1270;I;34;974572060;Norsk hovedmål, vg3 påbygging til generell studiekompetanse, skriftlig;Hele landet;Innlandet;Jønsberg videregående skole;3,2;51
2;3;NOR1270;I;34;994881019;Norsk hovedmål, vg3 påbygging til generell studiekompetanse, skriftlig;Hele landet;Innlandet;Karriere Innlandet;*;*
2;3;NOR1270;I;34;974597322;Norsk hovedmål, vg3 påbygging til generell studiekompetanse, skriftlig;Hele landet;Innlandet;Lena-Valle videregående skole avd Lena;*;*
2;3;NOR1270;I;34;974597241;Norsk hovedmål, vg3 påbygging til generell studiekompetanse, skriftlig;Hele landet;Innlandet;Lillehammer videregående skole avd Nord;3,3;68
2;3;NOR1270;I;34;974597209;Norsk hovedmål, vg3 påbygging til generell studiekompetanse, skriftlig;Hele landet;Innlandet;Nord-Gudbrandsdal vidaregåande skule;3,9;21
2;3;NOR1270;I;34;970963847;Norsk hovedmål, vg3 påbygging til generell studiekompetanse, skriftlig;Hele landet;Innlandet;Nord-Østerdal videregående skole;3,2;29
2;3;NOR1270;I;34;974597330;Norsk hovedmål, vg3 påbygging til generell studiekompetanse, skriftlig;Hele landet;Innlandet;Raufoss videregående skole;3,1;86
2;3;NOR1270;I;34;974597373;Norsk hovedmål, vg3 påbygging til generell studiekompetanse, skriftlig;Hele landet;Innlandet;Raufoss videregående skole avd Dokka;2,6;22
2;3;NOR1270;I;34;974571897;Norsk hovedmål, vg3 påbygging til generell studiekompetanse, skriftlig;Hele landet;Innlandet;Ringsaker videregående skole;3;42
2;3;NOR1270;I;34;974572117;Norsk hovedmål, vg3 påbygging til generell studiekompetanse, skriftlig;Hele landet;Innlandet;Sentrum videregående skole avd Skarnes;2,8;18
2;3;NOR1270;I;34;974571986;Norsk hovedmål, vg3 påbygging til generell studiekompetanse, skriftlig;Hele landet;Innlandet;Solør videregående skole;2,9;33
2;3;NOR1270;I;34;974571935;Norsk hovedmål, vg3 påbygging til generell studiekompetanse, skriftlig;Hele landet;Innlandet;Storhamar videregående skole;3,2;54
2;3;NOR1270;I;34;974572052;Norsk hovedmål, vg3 påbygging til generell studiekompetanse, skriftlig;Hele landet;Innlandet;Storsteigen videregående skole;4,5;11
2;3;NOR1270;I;34;974572028;Norsk hovedmål, vg3 påbygging til generell studiekompetanse, skriftlig;Hele landet;Innlandet;Trysil videregående skole;*;*
2;3;NOR1270;I;34;974597381;Norsk hovedmål, vg3 påbygging til generell studiekompetanse, skriftlig;Hele landet;Innlandet;Valdres vidaregåande skule;3,1;29
2;3;NOR1270;I;34;974597233;Norsk hovedmål, vg3 påbygging til generell studiekompetanse, skriftlig;Hele landet;Innlandet;Vinstra vidaregåande skule;3,4;17
2;3;NOR1270;I;34;974571978;Norsk hovedmål, vg3 påbygging til generell studiekompetanse, skriftlig;Hele landet;Innlandet;Øvrebyen videregående skole;3,4;22
2;2;NOR1270;I;15;15;Norsk hovedmål, vg3 påbygging til generell studiekompetanse, skriftlig;Hele landet;Møre og Romsdal;Alle skoler;3,3;497
2;3;NOR1270;I;15;984800746;Norsk hovedmål, vg3 påbygging til generell studiekompetanse, skriftlig;Hele landet;Møre og Romsdal;Akademiet Vgs Ålesund AS;*;*
2;3;NOR1270;I;15;974576449;Norsk hovedmål, vg3 påbygging til generell studiekompetanse, skriftlig;Hele landet;Møre og Romsdal;Gjermundnes vidaregåande skule;2,4;17
2;3;NOR1270;I;15;974576716;Norsk hovedmål, vg3 påbygging til generell studiekompetanse, skriftlig;Hele landet;Møre og Romsdal;Haram vidaregåande skule;3;11
2;3;NOR1270;I;15;974576481;Norsk hovedmål, vg3 påbygging til generell studiekompetanse, skriftlig;Hele landet;Møre og Romsdal;Herøy vidaregåande skule;3,3;24
2;3;NOR1270;I;15;974576708;Norsk hovedmål, vg3 påbygging til generell studiekompetanse, skriftlig;Hele landet;Møre og Romsdal;Hustadvika vidaregåande skole;3,1;30
2;3;NOR1270;I;15;974576589;Norsk hovedmål, vg3 påbygging til generell studiekompetanse, skriftlig;Hele landet;Møre og Romsdal;Kristiansund videregående skole;3,1;73
2;3;NOR1270;I;15;974576422;Norsk hovedmål, vg3 påbygging til generell studiekompetanse, skriftlig;Hele landet;Møre og Romsdal;Molde videregående skole;3,7;33
2;3;NOR1270;I;15;974576546;Norsk hovedmål, vg3 påbygging til generell studiekompetanse, skriftlig;Hele landet;Møre og Romsdal;Romsdal videregående skole;3,1;54
2;3;NOR1270;I;15;974577267;Norsk hovedmål, vg3 påbygging til generell studiekompetanse, skriftlig;Hele landet;Møre og Romsdal;Spjelkavik videregående skole;3,3;43
2;3;NOR1270;I;15;974576570;Norsk hovedmål, vg3 påbygging til generell studiekompetanse, skriftlig;Hele landet;Møre og Romsdal;Sunndal vidaregåande skole;3,5;17
2;3;NOR1270;I;15;974576651;Norsk hovedmål, vg3 påbygging til generell studiekompetanse, skriftlig;Hele landet;Møre og Romsdal;Surnadal vidaregåande skule;3,3;6
2;3;NOR1270;I;15;974576694;Norsk hovedmål, vg3 påbygging til generell studiekompetanse, skriftlig;Hele landet;Møre og Romsdal;Sykkylven vidaregåande skule;3,7;29
2;3;NOR1270;I;15;974576430;Norsk hovedmål, vg3 påbygging til generell studiekompetanse, skriftlig;Hele landet;Møre og Romsdal;Ulstein vidaregåande skule;3,1;20
2;3;NOR1270;I;15;974117711;Norsk hovedmål, vg3 påbygging til generell studiekompetanse, skriftlig;Hele landet;Møre og Romsdal;Vestborg Vgs;*;*
2;3;NOR1270;I;15;874576492;Norsk hovedmål, vg3 påbygging til generell studiekompetanse, skriftlig;Hele landet;Møre og Romsdal;Volda vidaregåande skule;3,7;49
2;3;NOR1270;I;15;974576503;Norsk hovedmål, vg3 påbygging til generell studiekompetanse, skriftlig;Hele landet;Møre og Romsdal;Ålesund videregående skole;3,3;65
2;2;NOR1270;I;18;18;Norsk hovedmål, vg3 påbygging til generell studiekompetanse, skriftlig;Hele landet;Nordland - Nordlánnda;Alle skoler;3,2;296
2;3;NOR1270;I;18;974621134;Norsk hovedmål, vg3 påbygging til generell studiekompetanse, skriftlig;Hele landet;Nordland - Nordlánnda;Aust-Lofoten videregående skole;2,8;19
2;3;NOR1270;I;18;974621215;Norsk hovedmål, vg3 påbygging til generell studiekompetanse, skriftlig;Hele landet;Nordland - Nordlánnda;Bodin videregående skole;3;26
2;3;NOR1270;I;18;974621223;Norsk hovedmål, vg3 påbygging til generell studiekompetanse, skriftlig;Hele landet;Nordland - Nordlánnda;Bodø videregående skole;3,2;55
2;3;NOR1270;I;18;974621401;Norsk hovedmål, vg3 påbygging til generell studiekompetanse, skriftlig;Hele landet;Nordland - Nordlánnda;Brønnøysund videregående skole;3,4;24
2;3;NOR1270;I;18;818509812;Norsk hovedmål, vg3 påbygging til generell studiekompetanse, skriftlig;Hele landet;Nordland - Nordlánnda;Campus Blå videregående skole AS;4;8
2;3;NOR1270;I;18;924480831;Norsk hovedmål, vg3 påbygging til generell studiekompetanse, skriftlig;Hele landet;Nordland - Nordlánnda;Havbruksakademiet Nord AS;*;*
2;3;NOR1270;I;18;973494694;Norsk hovedmål, vg3 påbygging til generell studiekompetanse, skriftlig;Hele landet;Nordland - Nordlánnda;Kristen videregående skole Nordland Sti;*;*
2;3;NOR1270;I;18;974621355;Norsk hovedmål, vg3 påbygging til generell studiekompetanse, skriftlig;Hele landet;Nordland - Nordlánnda;Mosjøen videregående skole;3,2;38
2;3;NOR1270;I;18;974041707;Norsk hovedmål, vg3 påbygging til generell studiekompetanse, skriftlig;Hele landet;Nordland - Nordlánnda;Narvik videregående skole;3,5;27
2;3;NOR1270;I;18;974621304;Norsk hovedmål, vg3 påbygging til generell studiekompetanse, skriftlig;Hele landet;Nordland - Nordlánnda;Polarsirkelen videregående skole;3,3;32
2;3;NOR1270;I;18;974621274;Norsk hovedmål, vg3 påbygging til generell studiekompetanse, skriftlig;Hele landet;Nordland - Nordlánnda;Saltdal videregående skole;2,8;11
2;3;NOR1270;I;18;874621382;Norsk hovedmål, vg3 påbygging til generell studiekompetanse, skriftlig;Hele landet;Nordland - Nordlánnda;Sandnessjøen videregående skole;3,3;9
2;3;NOR1270;I;18;974621053;Norsk hovedmål, vg3 påbygging til generell studiekompetanse, skriftlig;Hele landet;Nordland - Nordlánnda;Sortland videregående skole avd Sortland;3,3;18
2;3;NOR1270;I;18;974621169;Norsk hovedmål, vg3 påbygging til generell studiekompetanse, skriftlig;Hele landet;Nordland - Nordlánnda;Vest-Lofoten videregående skole;3;23
2;2;NOR1270;I;3;3;Norsk hovedmål, vg3 påbygging til generell studiekompetanse, skriftlig;Hele landet;Oslo;Alle skoler;3;534
2;3;NOR1270;I;3;887664102;Norsk hovedmål, vg3 påbygging til generell studiekompetanse, skriftlig;Hele landet;Oslo;Akademiet Oslo AS;2,9;54
2;3;NOR1270;I;3;988938386;Norsk hovedmål, vg3 påbygging til generell studiekompetanse, skriftlig;Hele landet;Oslo;Akademiet Vgs Bislett AS;3,1;17
2;3;NOR1270;I;3;873626372;Norsk hovedmål, vg3 påbygging til generell studiekompetanse, skriftlig;Hele landet;Oslo;Eikelund videregående skole;3,9;7
2;3;NOR1270;I;3;974590999;Norsk hovedmål, vg3 påbygging til generell studiekompetanse, skriftlig;Hele landet;Oslo;Elvebakken videregående skole;3,7;27
2;3;NOR1270;I;3;974591022;Norsk hovedmål, vg3 påbygging til generell studiekompetanse, skriftlig;Hele landet;Oslo;Etterstad videregående skole;2,9;87
2;3;NOR1270;I;3;974590956;Norsk hovedmål, vg3 påbygging til generell studiekompetanse, skriftlig;Hele landet;Oslo;Hellerud videregående skole;2,8;86
2;3;NOR1270;I;3;912001008;Norsk hovedmål, vg3 påbygging til generell studiekompetanse, skriftlig;Hele landet;Oslo;Hersleb videregående skole;3,1;94
2;3;NOR1270;I;3;899178092;Norsk hovedmål, vg3 påbygging til generell studiekompetanse, skriftlig;Hele landet;Oslo;Kuben videregående skole;3,4;28
2;3;NOR1270;I;3;974714426;Norsk hovedmål, vg3 påbygging til generell studiekompetanse, skriftlig;Hele landet;Oslo;Natur videregående skole Sti;3,7;29
2;3;NOR1270;I;3;974591065;Norsk hovedmål, vg3 påbygging til generell studiekompetanse, skriftlig;Hele landet;Oslo;Stovner videregående skole;2,7;65
2;3;NOR1270;I;3;974590972;Norsk hovedmål, vg3 påbygging til generell studiekompetanse, skriftlig;Hele landet;Oslo;Ulsrud videregående skole;2,6;40
2;2;NOR1270;I;11;11;Norsk hovedmål, vg3 påbygging til generell studiekompetanse, skriftlig;Hele landet;Rogaland;Alle skoler;3,2;964
2;3;NOR1270;I;11;987546603;Norsk hovedmål, vg3 påbygging til generell studiekompetanse, skriftlig;Hele landet;Rogaland;Akademiet Sandnes;3;15
2;3;NOR1270;I;11;913385632;Norsk hovedmål, vg3 påbygging til generell studiekompetanse, skriftlig;Hele landet;Rogaland;Bryne vidaregåande skule;3;103
2;3;NOR1270;I;11;974624478;Norsk hovedmål, vg3 påbygging til generell studiekompetanse, skriftlig;Hele landet;Rogaland;Dalane videregående skole;3,4;47
2;3;NOR1270;I;11;974624516;Norsk hovedmål, vg3 påbygging til generell studiekompetanse, skriftlig;Hele landet;Rogaland;Gand videregående skole;3,4;139
2;3;NOR1270;I;11;974624648;Norsk hovedmål, vg3 påbygging til generell studiekompetanse, skriftlig;Hele landet;Rogaland;Godalen videregående skole;3,4;18
2;3;NOR1270;I;11;974624486;Norsk hovedmål, vg3 påbygging til generell studiekompetanse, skriftlig;Hele landet;Rogaland;Haugaland videregående skole;3,1;81
2;3;NOR1270;I;11;916612095;Norsk hovedmål, vg3 påbygging til generell studiekompetanse, skriftlig;Hele landet;Rogaland;Hauge videregående skole;*;*
2;3;NOR1270;I;11;971816287;Norsk hovedmål, vg3 påbygging til generell studiekompetanse, skriftlig;Hele landet;Rogaland;Haugesund Toppidrettsgymnas AS;3;11
2;3;NOR1270;I;11;990183449;Norsk hovedmål, vg3 påbygging til generell studiekompetanse, skriftlig;Hele landet;Rogaland;Jåttå videregående skole;3;174
2;3;NOR1270;I;11;974624591;Norsk hovedmål, vg3 påbygging til generell studiekompetanse, skriftlig;Hele landet;Rogaland;Karmsund videregående skole;3,4;19
2;3;NOR1270;I;11;974624389;Norsk hovedmål, vg3 påbygging til generell studiekompetanse, skriftlig;Hele landet;Rogaland;Kopervik videregående skole;3,1;45
2;3;NOR1270;I;11;874117722;Norsk hovedmål, vg3 påbygging til generell studiekompetanse, skriftlig;Hele landet;Rogaland;Lundeneset Vgs;2,7;24
2;3;NOR1270;I;11;874624772;Norsk hovedmål, vg3 påbygging til generell studiekompetanse, skriftlig;Hele landet;Rogaland;Møllehagen skolesenter grunnskole og videregående skole;*;*
2;3;NOR1270;I;11;913404793;Norsk hovedmål, vg3 påbygging til generell studiekompetanse, skriftlig;Hele landet;Rogaland;Norheim Vgs AS;3,1;7
2;3;NOR1270;I;11;974624664;Norsk hovedmål, vg3 påbygging til generell studiekompetanse, skriftlig;Hele landet;Rogaland;Randaberg videregående skole;3,3;79
2;3;NOR1270;I;11;874624632;Norsk hovedmål, vg3 påbygging til generell studiekompetanse, skriftlig;Hele landet;Rogaland;Sauda vidaregåande skule;3,5;17
2;3;NOR1270;I;11;919938331;Norsk hovedmål, vg3 påbygging til generell studiekompetanse, skriftlig;Hele landet;Rogaland;Stavanger Offshore Tekniske skole;*;*
2;3;NOR1270;I;11;974624419;Norsk hovedmål, vg3 påbygging til generell studiekompetanse, skriftlig;Hele landet;Rogaland;Strand videregående skole;3,2;25
2;3;NOR1270;I;11;973157221;Norsk hovedmål, vg3 påbygging til generell studiekompetanse, skriftlig;Hele landet;Rogaland;Tryggheim vidaregåande skule;3,4;59
2;3;NOR1270;I;11;974313804;Norsk hovedmål, vg3 påbygging til generell studiekompetanse, skriftlig;Hele landet;Rogaland;Tveit vidaregåande skule Sti;*;*
2;3;NOR1270;I;11;974624435;Norsk hovedmål, vg3 påbygging til generell studiekompetanse, skriftlig;Hele landet;Rogaland;Vardafjell videregående skole;2,8;20
2;3;NOR1270;I;11;974624451;Norsk hovedmål, vg3 påbygging til generell studiekompetanse, skriftlig;Hele landet;Rogaland;Øksnevad videregående skole;*;*
2;3;NOR1270;I;11;974557134;Norsk hovedmål, vg3 påbygging til generell studiekompetanse, skriftlig;Hele landet;Rogaland;Ølen vidaregåande skule;3,2;22
2;2;NOR1270;I;40;40;Norsk hovedmål, vg3 påbygging til generell studiekompetanse, skriftlig;Hele landet;Telemark;Alle skoler;3,1;269
2;3;NOR1270;I;40;974568071;Norsk hovedmål, vg3 påbygging til generell studiekompetanse, skriftlig;Hele landet;Telemark;Hjalmar Johansen videregående skole;2,9;125
2;3;NOR1270;I;40;974568004;Norsk hovedmål, vg3 påbygging til generell studiekompetanse, skriftlig;Hele landet;Telemark;Kragerø videregående skole;3,4;30
2;3;NOR1270;I;40;974568187;Norsk hovedmål, vg3 påbygging til generell studiekompetanse, skriftlig;Hele landet;Telemark;Nome videregående skole avd Søve;3,4;47
2;3;NOR1270;I;40;974568012;Norsk hovedmål, vg3 påbygging til generell studiekompetanse, skriftlig;Hele landet;Telemark;Notodden videregående skole;3,1;41
2;3;NOR1270;I;40;874568082;Norsk hovedmål, vg3 påbygging til generell studiekompetanse, skriftlig;Hele landet;Telemark;Rjukan videregående skole;3,3;13
2;3;NOR1270;I;40;974568055;Norsk hovedmål, vg3 påbygging til generell studiekompetanse, skriftlig;Hele landet;Telemark;Vest-Telemark vidaregåande skule;4;13
2;2;NOR1270;I;55;55;Norsk hovedmål, vg3 påbygging til generell studiekompetanse, skriftlig;Hele landet;Troms - Romsa - Tromssa ;Alle skoler;3,3;257
2;3;NOR1270;I;55;974546817;Norsk hovedmål, vg3 påbygging til generell studiekompetanse, skriftlig;Hele landet;Troms - Romsa - Tromssa ;Bardufoss videregående skole;3;22
2;3;NOR1270;I;55;974546906;Norsk hovedmål, vg3 påbygging til generell studiekompetanse, skriftlig;Hele landet;Troms - Romsa - Tromssa ;Kvaløya videregående skole;3,4;105
2;3;NOR1270;I;55;974117703;Norsk hovedmål, vg3 påbygging til generell studiekompetanse, skriftlig;Hele landet;Troms - Romsa - Tromssa ;Nordborg Vgs;*;*
2;3;NOR1270;I;55;974546957;Norsk hovedmål, vg3 påbygging til generell studiekompetanse, skriftlig;Hele landet;Troms - Romsa - Tromssa ;Nord-Troms videregående skole avd Nordreisa;*;*
2;3;NOR1270;I;55;974546698;Norsk hovedmål, vg3 påbygging til generell studiekompetanse, skriftlig;Hele landet;Troms - Romsa - Tromssa ;Senja videregående skole avd Finnfjordbotn;3,6;29
2;3;NOR1270;I;55;974546809;Norsk hovedmål, vg3 påbygging til generell studiekompetanse, skriftlig;Hele landet;Troms - Romsa - Tromssa ;Sjøvegan videregående skole;3,1;11
2;3;NOR1270;I;55;974546760;Norsk hovedmål, vg3 påbygging til generell studiekompetanse, skriftlig;Hele landet;Troms - Romsa - Tromssa ;Stangnes Rå videregående skole avd Stangnes;3;58
2;2;NOR1270;I;50;50;Norsk hovedmål, vg3 påbygging til generell studiekompetanse, skriftlig;Hele landet;Trøndelag - Trööndelage;Alle skoler;3,2;809
2;3;NOR1270;I;50;991025057;Norsk hovedmål, vg3 påbygging til generell studiekompetanse, skriftlig;Hele landet;Trøndelag - Trööndelage;Aglo videregående skole;2,8;6
2;3;NOR1270;I;50;971816279;Norsk hovedmål, vg3 påbygging til generell studiekompetanse, skriftlig;Hele landet;Trøndelag - Trööndelage;Bybroen videregående skole AS;3,2;77
2;3;NOR1270;I;50;926694022;Norsk hovedmål, vg3 påbygging til generell studiekompetanse, skriftlig;Hele landet;Trøndelag - Trööndelage;Cissi Klein videregående skole;3,3;141
2;3;NOR1270;I;50;974557975;Norsk hovedmål, vg3 påbygging til generell studiekompetanse, skriftlig;Hele landet;Trøndelag - Trööndelage;Fosen videregående skole;2,8;18
2;3;NOR1270;I;50;974557983;Norsk hovedmål, vg3 påbygging til generell studiekompetanse, skriftlig;Hele landet;Trøndelag - Trööndelage;Gauldal videregående skole;3,2;13
2;3;NOR1270;I;50;974560771;Norsk hovedmål, vg3 påbygging til generell studiekompetanse, skriftlig;Hele landet;Trøndelag - Trööndelage;Grong videregående skole;3,2;14
2;3;NOR1270;I;50;974558017;Norsk hovedmål, vg3 påbygging til generell studiekompetanse, skriftlig;Hele landet;Trøndelag - Trööndelage;Guri Kunna videregående skole avd Hitra;3,1;12
2;3;NOR1270;I;50;929188829;Norsk hovedmål, vg3 påbygging til generell studiekompetanse, skriftlig;Hele landet;Trøndelag - Trööndelage;Johan Bojer videregående skole;3,9;15
2;3;NOR1270;I;50;974149699;Norsk hovedmål, vg3 påbygging til generell studiekompetanse, skriftlig;Hele landet;Trøndelag - Trööndelage;Kristen videregående skole Trøndelag;3;46
2;3;NOR1270;I;50;874558052;Norsk hovedmål, vg3 påbygging til generell studiekompetanse, skriftlig;Hele landet;Trøndelag - Trööndelage;Kyrksæterøra videregående skole;3,1;8
2;3;NOR1270;I;50;974560704;Norsk hovedmål, vg3 påbygging til generell studiekompetanse, skriftlig;Hele landet;Trøndelag - Trööndelage;Levanger videregående skole;3,2;39
2;3;NOR1270;I;50;973638416;Norsk hovedmål, vg3 påbygging til generell studiekompetanse, skriftlig;Hele landet;Trøndelag - Trööndelage;Lukas videregående skole AS;2,6;41
2;3;NOR1270;I;50;874558362;Norsk hovedmål, vg3 påbygging til generell studiekompetanse, skriftlig;Hele landet;Trøndelag - Trööndelage;Melhus videregående skole;3;18
2;3;NOR1270;I;50;874560782;Norsk hovedmål, vg3 påbygging til generell studiekompetanse, skriftlig;Hele landet;Trøndelag - Trööndelage;Mære landbruksskole;2,6;22
2;3;NOR1270;I;50;974560712;Norsk hovedmål, vg3 påbygging til generell studiekompetanse, skriftlig;Hele landet;Trøndelag - Trööndelage;Olav Duun videregående skole;2,9;53
2;3;NOR1270;I;50;974560720;Norsk hovedmål, vg3 påbygging til generell studiekompetanse, skriftlig;Hele landet;Trøndelag - Trööndelage;Ole Vig videregående skole;3,5;50
2;3;NOR1270;I;50;974558041;Norsk hovedmål, vg3 påbygging til generell studiekompetanse, skriftlig;Hele landet;Trøndelag - Trööndelage;Oppdal videregående skole;*;*
2;3;NOR1270;I;50;974557967;Norsk hovedmål, vg3 påbygging til generell studiekompetanse, skriftlig;Hele landet;Trøndelag - Trööndelage;Orkdal vidaregåande skole;3,5;25
2;3;NOR1270;I;50;974558130;Norsk hovedmål, vg3 påbygging til generell studiekompetanse, skriftlig;Hele landet;Trøndelag - Trööndelage;Røros videregående skole;3,5;15
2;3;NOR1270;I;50;974558068;Norsk hovedmål, vg3 påbygging til generell studiekompetanse, skriftlig;Hele landet;Trøndelag - Trööndelage;Selbu videregående skole;3,9;9
2;3;NOR1270;I;50;974558076;Norsk hovedmål, vg3 påbygging til generell studiekompetanse, skriftlig;Hele landet;Trøndelag - Trööndelage;Skjetlein videregående skole;3,4;29
2;3;NOR1270;I;50;932343150;Norsk hovedmål, vg3 påbygging til generell studiekompetanse, skriftlig;Hele landet;Trøndelag - Trööndelage;Sommerschild skole;3,9;8
2;3;NOR1270;I;50;974560690;Norsk hovedmål, vg3 påbygging til generell studiekompetanse, skriftlig;Hele landet;Trøndelag - Trööndelage;Steinkjer videregående skole;3;48
2;3;NOR1270;I;50;927015919;Norsk hovedmål, vg3 påbygging til generell studiekompetanse, skriftlig;Hele landet;Trøndelag - Trööndelage;Trøndelag nettskole;*;*
2;3;NOR1270;I;50;974139790;Norsk hovedmål, vg3 påbygging til generell studiekompetanse, skriftlig;Hele landet;Trøndelag - Trööndelage;Val Skoler AS avd Vgs;3,2;24
2;3;NOR1270;I;50;974560747;Norsk hovedmål, vg3 påbygging til generell studiekompetanse, skriftlig;Hele landet;Trøndelag - Trööndelage;Verdal videregående skole;2,6;25
2;3;NOR1270;I;50;974560739;Norsk hovedmål, vg3 påbygging til generell studiekompetanse, skriftlig;Hele landet;Trøndelag - Trööndelage;Ytre Namdal videregående skole;3,6;22
2;3;NOR1270;I;50;974149966;Norsk hovedmål, vg3 påbygging til generell studiekompetanse, skriftlig;Hele landet;Trøndelag - Trööndelage;Øya videregående skole;3,8;23
2;2;NOR1270;I;39;39;Norsk hovedmål, vg3 påbygging til generell studiekompetanse, skriftlig;Hele landet;Vestfold;Alle skoler;3;301
2;3;NOR1270;I;39;974575086;Norsk hovedmål, vg3 påbygging til generell studiekompetanse, skriftlig;Hele landet;Vestfold;Færder videregående skole;3,2;122
2;3;NOR1270;I;39;990745277;Norsk hovedmål, vg3 påbygging til generell studiekompetanse, skriftlig;Hele landet;Vestfold;Gjennestad videregående skole;2,6;22
2;3;NOR1270;I;39;874575062;Norsk hovedmål, vg3 påbygging til generell studiekompetanse, skriftlig;Hele landet;Vestfold;Holmestrand videregående skole;2,7;25
2;3;NOR1270;I;39;923261354;Norsk hovedmål, vg3 påbygging til generell studiekompetanse, skriftlig;Hele landet;Vestfold;Horten videregående skole;2,7;24
2;3;NOR1270;I;39;974575051;Norsk hovedmål, vg3 påbygging til generell studiekompetanse, skriftlig;Hele landet;Vestfold;Melsom videregående skole;3,1;23
2;3;NOR1270;I;39;974575019;Norsk hovedmål, vg3 påbygging til generell studiekompetanse, skriftlig;Hele landet;Vestfold;Sandefjord videregående skole;3;27
2;3;NOR1270;I;39;974575027;Norsk hovedmål, vg3 påbygging til generell studiekompetanse, skriftlig;Hele landet;Vestfold;Thor Heyerdahl videregående skole;3;58
2;2;NOR1270;I;46;46;Norsk hovedmål, vg3 påbygging til generell studiekompetanse, skriftlig;Hele landet;Vestland;Alle skoler;3,2;1 003
2;3;NOR1270;I;46;986900055;Norsk hovedmål, vg3 påbygging til generell studiekompetanse, skriftlig;Hele landet;Vestland;Akademiet Vgs Bergen AS;2,9;17
2;3;NOR1270;I;46;999546560;Norsk hovedmål, vg3 påbygging til generell studiekompetanse, skriftlig;Hele landet;Vestland;Amalie Skram videregående skole;3,7;27
2;3;NOR1270;I;46;974557533;Norsk hovedmål, vg3 påbygging til generell studiekompetanse, skriftlig;Hele landet;Vestland;Askøy videregående skole;2,8;63
2;3;NOR1270;I;46;874557102;Norsk hovedmål, vg3 påbygging til generell studiekompetanse, skriftlig;Hele landet;Vestland;Bergen katedralskole;*;*
2;3;NOR1270;I;46;974557126;Norsk hovedmål, vg3 påbygging til generell studiekompetanse, skriftlig;Hele landet;Vestland;Bømlo vidaregåande skule;3,6;27
2;3;NOR1270;I;46;974571137;Norsk hovedmål, vg3 påbygging til generell studiekompetanse, skriftlig;Hele landet;Vestland;Dale vidaregåande skule;4;21
2;3;NOR1270;I;46;882067432;Norsk hovedmål, vg3 påbygging til generell studiekompetanse, skriftlig;Hele landet;Vestland;Danielsen Intensivgymnas;*;*
2;3;NOR1270;I;46;874571172;Norsk hovedmål, vg3 påbygging til generell studiekompetanse, skriftlig;Hele landet;Vestland;Eid vidaregåande skule;3,4;27
2;3;NOR1270;I;46;974557630;Norsk hovedmål, vg3 påbygging til generell studiekompetanse, skriftlig;Hele landet;Vestland;Fitjar vidaregåande skule;3,2;27
2;3;NOR1270;I;46;974571145;Norsk hovedmål, vg3 påbygging til generell studiekompetanse, skriftlig;Hele landet;Vestland;Flora vidaregåande skule;3,1;27
2;3;NOR1270;I;46;974557584;Norsk hovedmål, vg3 påbygging til generell studiekompetanse, skriftlig;Hele landet;Vestland;Fyllingsdalen videregående skole;3,6;24
2;3;NOR1270;I;46;974571110;Norsk hovedmål, vg3 påbygging til generell studiekompetanse, skriftlig;Hele landet;Vestland;Førde vidaregåande skule;3,2;55
2;3;NOR1270;I;46;974571080;Norsk hovedmål, vg3 påbygging til generell studiekompetanse, skriftlig;Hele landet;Vestland;Høyanger vidaregåande skule;*;*
2;3;NOR1270;I;46;974557339;Norsk hovedmål, vg3 påbygging til generell studiekompetanse, skriftlig;Hele landet;Vestland;Knarvik vidaregåande skule;2,5;22
2;3;NOR1270;I;46;873255692;Norsk hovedmål, vg3 påbygging til generell studiekompetanse, skriftlig;Hele landet;Vestland;Krokeide videregående skole AS;3,5;20
2;3;NOR1270;I;46;974557282;Norsk hovedmål, vg3 påbygging til generell studiekompetanse, skriftlig;Hele landet;Vestland;Kvinnherad vidaregåande skule;2,6;22
2;3;NOR1270;I;46;974557355;Norsk hovedmål, vg3 påbygging til generell studiekompetanse, skriftlig;Hele landet;Vestland;Laksevåg og Bergen Maritime videregående skole;3,3;13
2;3;NOR1270;I;46;985076308;Norsk hovedmål, vg3 påbygging til generell studiekompetanse, skriftlig;Hele landet;Vestland;Metis videregående AS;3,1;56
2;3;NOR1270;I;46;993527084;Norsk hovedmål, vg3 påbygging til generell studiekompetanse, skriftlig;Hele landet;Vestland;Nordahl Grieg videregående skole;3;28
2;3;NOR1270;I;46;974557576;Norsk hovedmål, vg3 påbygging til generell studiekompetanse, skriftlig;Hele landet;Vestland;Os vidaregåande skule;3,1;43
2;3;NOR1270;I;46;974557142;Norsk hovedmål, vg3 påbygging til generell studiekompetanse, skriftlig;Hele landet;Vestland;Sandsli videregående skole;2,9;19
2;3;NOR1270;I;46;974557320;Norsk hovedmål, vg3 påbygging til generell studiekompetanse, skriftlig;Hele landet;Vestland;Slåtthaug videregående skole;3,3;89
2;3;NOR1270;I;46;974557568;Norsk hovedmål, vg3 påbygging til generell studiekompetanse, skriftlig;Hele landet;Vestland;Sotra vidaregåande skule;3,4;41
2;3;NOR1270;I;46;916794304;Norsk hovedmål, vg3 påbygging til generell studiekompetanse, skriftlig;Hele landet;Vestland;St. Paul gymnas;3,1;28
2;3;NOR1270;I;46;974557703;Norsk hovedmål, vg3 påbygging til generell studiekompetanse, skriftlig;Hele landet;Vestland;Stend vidaregåande skule;3,8;32
2;3;NOR1270;I;46;974557029;Norsk hovedmål, vg3 påbygging til generell studiekompetanse, skriftlig;Hele landet;Vestland;Stord vidaregåande skule;2,7;25
2;3;NOR1270;I;46;974151537;Norsk hovedmål, vg3 påbygging til generell studiekompetanse, skriftlig;Hele landet;Vestland;Sygna Vgs;*;*
2;3;NOR1270;I;46;816031982;Norsk hovedmål, vg3 påbygging til generell studiekompetanse, skriftlig;Hele landet;Vestland;Voss gymnas;3,2;27
2;3;NOR1270;I;46;916031858;Norsk hovedmål, vg3 påbygging til generell studiekompetanse, skriftlig;Hele landet;Vestland;Voss vidaregåande skule;3,5;39
2;3;NOR1270;I;46;874571032;Norsk hovedmål, vg3 påbygging til generell studiekompetanse, skriftlig;Hele landet;Vestland;Årdal vidaregåande skule;3;23
2;3;NOR1270;I;46;974557487;Norsk hovedmål, vg3 påbygging til generell studiekompetanse, skriftlig;Hele landet;Vestland;Årstad videregående skole;2,9;44
2;3;NOR1270;I;46;974557479;Norsk hovedmål, vg3 påbygging til generell studiekompetanse, skriftlig;Hele landet;Vestland;Åsane vidaregåande skule;3;88
2;2;NOR1270;I;31;31;Norsk hovedmål, vg3 påbygging til generell studiekompetanse, skriftlig;Hele landet;Østfold;Alle skoler;3,1;642
2;3;NOR1270;I;31;974544504;Norsk hovedmål, vg3 påbygging til generell studiekompetanse, skriftlig;Hele landet;Østfold;Askim videregående skole;3,4;53
2;3;NOR1270;I;31;874544442;Norsk hovedmål, vg3 påbygging til generell studiekompetanse, skriftlig;Hele landet;Østfold;Borg videregående skole;2,6;19
2;3;NOR1270;I;31;974544466;Norsk hovedmål, vg3 påbygging til generell studiekompetanse, skriftlig;Hele landet;Østfold;Frederik Ii videregående skole;2,7;62
2;3;NOR1270;I;31;974544482;Norsk hovedmål, vg3 påbygging til generell studiekompetanse, skriftlig;Hele landet;Østfold;Glemmen videregående skole;3,4;158
2;3;NOR1270;I;31;974544490;Norsk hovedmål, vg3 påbygging til generell studiekompetanse, skriftlig;Hele landet;Østfold;Greåker videregående skole;3,2;64
2;3;NOR1270;I;31;974544563;Norsk hovedmål, vg3 påbygging til generell studiekompetanse, skriftlig;Hele landet;Østfold;Halden videregående skole;3;62
2;3;NOR1270;I;31;974544520;Norsk hovedmål, vg3 påbygging til generell studiekompetanse, skriftlig;Hele landet;Østfold;Kalnes videregående skole;3;39
2;3;NOR1270;I;31;974544539;Norsk hovedmål, vg3 påbygging til generell studiekompetanse, skriftlig;Hele landet;Østfold;Kirkeparken videregående skole;2,9;27
2;3;NOR1270;I;31;974544547;Norsk hovedmål, vg3 påbygging til generell studiekompetanse, skriftlig;Hele landet;Østfold;Malakoff videregående skole;3,1;69
2;3;NOR1270;I;31;974544512;Norsk hovedmål, vg3 påbygging til generell studiekompetanse, skriftlig;Hele landet;Østfold;Mysen videregående skole;2,8;26
2;3;NOR1270;I;31;974158876;Norsk hovedmål, vg3 påbygging til generell studiekompetanse, skriftlig;Hele landet;Østfold;Seiersborg videregående skole Fredrikstad AS;*;*
2;3;NOR1270;I;31;874544582;Norsk hovedmål, vg3 påbygging til generell studiekompetanse, skriftlig;Hele landet;Østfold;St. Olav videregående skole;2,2;21
2;3;NOR1270;I;31;974826704;Norsk hovedmål, vg3 påbygging til generell studiekompetanse, skriftlig;Hele landet;Østfold;Stiftelsen Østerbo videregående skole;*;*
2;3;NOR1270;I;31;974117290;Norsk hovedmål, vg3 påbygging til generell studiekompetanse, skriftlig;Hele landet;Østfold;Tomb videregående skole;3,9;29
2;0;NOR1271;Alle;0;Alle;Norsk sidemål, vg3 påbygging til generell studiekompetanse, skriftlig;Hele landet;Alle fylker;Alle skoler;3,1;3 590
2;1;NOR1271;I;0;I;Norsk sidemål, vg3 påbygging til generell studiekompetanse, skriftlig;Hele landet;Alle fylker;Alle skoler;3,1;3 590
2;2;NOR1271;I;42;42;Norsk sidemål, vg3 påbygging til generell studiekompetanse, skriftlig;Hele landet;Agder;Alle skoler;3;243
2;3;NOR1271;I;42;974573873;Norsk sidemål, vg3 påbygging til generell studiekompetanse, skriftlig;Hele landet;Agder;Arendal videregående skole avd Tyholmen;2,8;25
2;3;NOR1271;I;42;974595168;Norsk sidemål, vg3 påbygging til generell studiekompetanse, skriftlig;Hele landet;Agder;Byremo videregående skole;3,9;8
2;3;NOR1271;I;42;974573881;Norsk sidemål, vg3 påbygging til generell studiekompetanse, skriftlig;Hele landet;Agder;Dahlske videregående skole;2,9;15
2;3;NOR1271;I;42;974117738;Norsk sidemål, vg3 påbygging til generell studiekompetanse, skriftlig;Hele landet;Agder;Drottningborg Vgs AS;*;*
2;3;NOR1271;I;42;874595012;Norsk sidemål, vg3 påbygging til generell studiekompetanse, skriftlig;Hele landet;Agder;Eilert Sundt videregående skole Studiested Farsund;2,3;7
2;3;NOR1271;I;42;974595141;Norsk sidemål, vg3 påbygging til generell studiekompetanse, skriftlig;Hele landet;Agder;Flekkefjord videregående skole Studiested Flekkefjord;2,8;15
2;3;NOR1271;I;42;974594994;Norsk sidemål, vg3 påbygging til generell studiekompetanse, skriftlig;Hele landet;Agder;Kristiansand katedralskole Gimle;3,3;15
2;3;NOR1271;I;42;974595117;Norsk sidemål, vg3 påbygging til generell studiekompetanse, skriftlig;Hele landet;Agder;Kvadraturen videregående skole;3,1;40
2;3;NOR1271;I;42;973149776;Norsk sidemål, vg3 påbygging til generell studiekompetanse, skriftlig;Hele landet;Agder;Kvs-Lyngdal AS;*;*
2;3;NOR1271;I;42;974573857;Norsk sidemål, vg3 påbygging til generell studiekompetanse, skriftlig;Hele landet;Agder;Lillesand videregående skole;3,7;19
2;3;NOR1271;I;42;974595125;Norsk sidemål, vg3 påbygging til generell studiekompetanse, skriftlig;Hele landet;Agder;Mandal videregående skole;3,1;11
2;3;NOR1271;I;42;874573892;Norsk sidemål, vg3 påbygging til generell studiekompetanse, skriftlig;Hele landet;Agder;Setesdal vidaregåande skule;*;*
2;3;NOR1271;I;42;974595184;Norsk sidemål, vg3 påbygging til generell studiekompetanse, skriftlig;Hele landet;Agder;Søgne videregående skole;*;*
2;3;NOR1271;I;42;874595152;Norsk sidemål, vg3 påbygging til generell studiekompetanse, skriftlig;Hele landet;Agder;Tangen videregående skole;3,1;10
2;3;NOR1271;I;42;974573865;Norsk sidemål, vg3 påbygging til generell studiekompetanse, skriftlig;Hele landet;Agder;Tvedestrand videregående skole;3,3;8
2;3;NOR1271;I;42;974595044;Norsk sidemål, vg3 påbygging til generell studiekompetanse, skriftlig;Hele landet;Agder;Vennesla videregående skole;3,3;16
2;3;NOR1271;I;42;974595001;Norsk sidemål, vg3 påbygging til generell studiekompetanse, skriftlig;Hele landet;Agder;Vågsbygd videregående skole;2,5;24
2;2;NOR1271;I;32;32;Norsk sidemål, vg3 påbygging til generell studiekompetanse, skriftlig;Hele landet;Akershus;Alle skoler;3;466
2;3;NOR1271;I;32;974587602;Norsk sidemål, vg3 påbygging til generell studiekompetanse, skriftlig;Hele landet;Akershus;Bjørkelangen videregående skole;*;*
2;3;NOR1271;I;32;974587831;Norsk sidemål, vg3 påbygging til generell studiekompetanse, skriftlig;Hele landet;Akershus;Bleiker videregående skole;2,7;20
2;3;NOR1271;I;32;974587882;Norsk sidemål, vg3 påbygging til generell studiekompetanse, skriftlig;Hele landet;Akershus;Drømtorp videregående skole;3,1;53
2;3;NOR1271;I;32;974587661;Norsk sidemål, vg3 påbygging til generell studiekompetanse, skriftlig;Hele landet;Akershus;Eidsvoll videregående skole;2,8;11
2;3;NOR1271;I;32;825322922;Norsk sidemål, vg3 påbygging til generell studiekompetanse, skriftlig;Hele landet;Akershus;Feiring videregående skole AS;3,6;7
2;3;NOR1271;I;32;988843709;Norsk sidemål, vg3 påbygging til generell studiekompetanse, skriftlig;Hele landet;Akershus;Frogn videregående skole;*;*
2;3;NOR1271;I;32;974587807;Norsk sidemål, vg3 påbygging til generell studiekompetanse, skriftlig;Hele landet;Akershus;Hvam videregående skole;3,5;22
2;3;NOR1271;I;32;974587645;Norsk sidemål, vg3 påbygging til generell studiekompetanse, skriftlig;Hele landet;Akershus;Jessheim videregående skole;2,8;39
2;3;NOR1271;I;32;974587610;Norsk sidemål, vg3 påbygging til generell studiekompetanse, skriftlig;Hele landet;Akershus;Lørenskog videregående skole;2,5;24
2;3;NOR1271;I;32;991815325;Norsk sidemål, vg3 påbygging til generell studiekompetanse, skriftlig;Hele landet;Akershus;Mailand videregående skole;3;22
2;3;NOR1271;I;32;988084948;Norsk sidemål, vg3 påbygging til generell studiekompetanse, skriftlig;Hele landet;Akershus;Nannestad videregående skole;3,1;14
2;3;NOR1271;I;32;974587653;Norsk sidemål, vg3 påbygging til generell studiekompetanse, skriftlig;Hele landet;Akershus;Nes videregående skole;3;21
2;3;NOR1271;I;32;974587599;Norsk sidemål, vg3 påbygging til generell studiekompetanse, skriftlig;Hele landet;Akershus;Nesbru videregående skole;3;13
2;3;NOR1271;I;32;974587572;Norsk sidemål, vg3 påbygging til generell studiekompetanse, skriftlig;Hele landet;Akershus;Nesodden videregående skole;2,8;13
2;3;NOR1271;I;32;974587866;Norsk sidemål, vg3 påbygging til generell studiekompetanse, skriftlig;Hele landet;Akershus;Rosenvilde videregående skole;3;26
2;3;NOR1271;I;32;974587823;Norsk sidemål, vg3 påbygging til generell studiekompetanse, skriftlig;Hele landet;Akershus;Rud videregående skole;2,7;29
2;3;NOR1271;I;32;974587769;Norsk sidemål, vg3 påbygging til generell studiekompetanse, skriftlig;Hele landet;Akershus;Rælingen videregående skole;2,3;27
2;3;NOR1271;I;32;974605953;Norsk sidemål, vg3 påbygging til generell studiekompetanse, skriftlig;Hele landet;Akershus;Røyken videregående skole;3,2;17
2;3;NOR1271;I;32;974587629;Norsk sidemål, vg3 påbygging til generell studiekompetanse, skriftlig;Hele landet;Akershus;Skedsmo videregående skole;3,6;33
2;3;NOR1271;I;32;874587842;Norsk sidemål, vg3 påbygging til generell studiekompetanse, skriftlig;Hele landet;Akershus;Sørumsand videregående skole;2,8;23
2;3;NOR1271;I;32;974587815;Norsk sidemål, vg3 påbygging til generell studiekompetanse, skriftlig;Hele landet;Akershus;Vestby videregående skole;2,6;8
2;3;NOR1271;I;32;974587564;Norsk sidemål, vg3 påbygging til generell studiekompetanse, skriftlig;Hele landet;Akershus;Ås videregående skole;3,3;31
2;2;NOR1271;I;33;33;Norsk sidemål, vg3 påbygging til generell studiekompetanse, skriftlig;Hele landet;Buskerud;Alle skoler;3;232
2;3;NOR1271;I;33;985500568;Norsk sidemål, vg3 påbygging til generell studiekompetanse, skriftlig;Hele landet;Buskerud;Akademiet Drammen AS;*;*
2;3;NOR1271;I;33;988938424;Norsk sidemål, vg3 påbygging til generell studiekompetanse, skriftlig;Hele landet;Buskerud;Akademiet Ypsilon videregående skole AS;2,9;15
2;3;NOR1271;I;33;974606216;Norsk sidemål, vg3 påbygging til generell studiekompetanse, skriftlig;Hele landet;Buskerud;Buskerud videregående skole;3;25
2;3;NOR1271;I;33;974605929;Norsk sidemål, vg3 påbygging til generell studiekompetanse, skriftlig;Hele landet;Buskerud;Hønefoss videregående skole;2,5;42
2;3;NOR1271;I;33;974605996;Norsk sidemål, vg3 påbygging til generell studiekompetanse, skriftlig;Hele landet;Buskerud;Kongsberg videregående skole;3,5;33
2;3;NOR1271;I;33;974606135;Norsk sidemål, vg3 påbygging til generell studiekompetanse, skriftlig;Hele landet;Buskerud;Lier videregående skole;3;43
2;3;NOR1271;I;33;974606232;Norsk sidemål, vg3 påbygging til generell studiekompetanse, skriftlig;Hele landet;Buskerud;Numedal videregående skole;*;*
2;3;NOR1271;I;33;973255754;Norsk sidemål, vg3 påbygging til generell studiekompetanse, skriftlig;Hele landet;Buskerud;Tyrifjord videregående skole;*;*
2;3;NOR1271;I;33;974605910;Norsk sidemål, vg3 påbygging til generell studiekompetanse, skriftlig;Hele landet;Buskerud;Ål vidaregåande skole avd Ål;*;*
2;3;NOR1271;I;33;974605937;Norsk sidemål, vg3 påbygging til generell studiekompetanse, skriftlig;Hele landet;Buskerud;Åssiden videregående skole;2,9;38
2;2;NOR1271;I;56;56;Norsk sidemål, vg3 påbygging til generell studiekompetanse, skriftlig;Hele landet;Finnmark - Finnmárku - Finmarkku;Alle skoler;3;24
2;3;NOR1271;I;56;974622750;Norsk sidemål, vg3 påbygging til generell studiekompetanse, skriftlig;Hele landet;Finnmark - Finnmárku - Finmarkku;Alta videregående skole;2,8;12
2;3;NOR1271;I;56;914837367;Norsk sidemål, vg3 påbygging til generell studiekompetanse, skriftlig;Hele landet;Finnmark - Finnmárku - Finmarkku;Båtsfjord private videregående skole AS;*;*
2;3;NOR1271;I;56;874622702;Norsk sidemål, vg3 påbygging til generell studiekompetanse, skriftlig;Hele landet;Finnmark - Finnmárku - Finmarkku;Hammerfest videregående skole;*;*
2;3;NOR1271;I;56;974622726;Norsk sidemål, vg3 påbygging til generell studiekompetanse, skriftlig;Hele landet;Finnmark - Finnmárku - Finmarkku;Kirkenes videregående skole;*;*
2;3;NOR1271;I;56;974622718;Norsk sidemål, vg3 påbygging til generell studiekompetanse, skriftlig;Hele landet;Finnmark - Finnmárku - Finmarkku;Vadsø videregående skole;*;*
2;2;NOR1271;I;34;34;Norsk sidemål, vg3 påbygging til generell studiekompetanse, skriftlig;Hele landet;Innlandet;Alle skoler;3,1;271
2;3;NOR1271;I;34;974571900;Norsk sidemål, vg3 påbygging til generell studiekompetanse, skriftlig;Hele landet;Innlandet;Elverum videregående skole;3,2;17
2;3;NOR1271;I;34;998513448;Norsk sidemål, vg3 påbygging til generell studiekompetanse, skriftlig;Hele landet;Innlandet;Hadeland videregående skole;2,5;6
2;3;NOR1271;I;34;974572060;Norsk sidemål, vg3 påbygging til generell studiekompetanse, skriftlig;Hele landet;Innlandet;Jønsberg videregående skole;3;18
2;3;NOR1271;I;34;994881019;Norsk sidemål, vg3 påbygging til generell studiekompetanse, skriftlig;Hele landet;Innlandet;Karriere Innlandet;*;*
2;3;NOR1271;I;34;974597322;Norsk sidemål, vg3 påbygging til generell studiekompetanse, skriftlig;Hele landet;Innlandet;Lena-Valle videregående skole avd Lena;*;*
2;3;NOR1271;I;34;974597241;Norsk sidemål, vg3 påbygging til generell studiekompetanse, skriftlig;Hele landet;Innlandet;Lillehammer videregående skole avd Nord;3,1;38
2;3;NOR1271;I;34;974597209;Norsk sidemål, vg3 påbygging til generell studiekompetanse, skriftlig;Hele landet;Innlandet;Nord-Gudbrandsdal vidaregåande skule;3,4;8
2;3;NOR1271;I;34;970963847;Norsk sidemål, vg3 påbygging til generell studiekompetanse, skriftlig;Hele landet;Innlandet;Nord-Østerdal videregående skole;*;*
2;3;NOR1271;I;34;974597330;Norsk sidemål, vg3 påbygging til generell studiekompetanse, skriftlig;Hele landet;Innlandet;Raufoss videregående skole;3;67
2;3;NOR1271;I;34;974597373;Norsk sidemål, vg3 påbygging til generell studiekompetanse, skriftlig;Hele landet;Innlandet;Raufoss videregående skole avd Dokka;3,1;9
2;3;NOR1271;I;34;974571897;Norsk sidemål, vg3 påbygging til generell studiekompetanse, skriftlig;Hele landet;Innlandet;Ringsaker videregående skole;2,8;13
2;3;NOR1271;I;34;974572117;Norsk sidemål, vg3 påbygging til generell studiekompetanse, skriftlig;Hele landet;Innlandet;Sentrum videregående skole avd Skarnes;2,4;9
2;3;NOR1271;I;34;974571986;Norsk sidemål, vg3 påbygging til generell studiekompetanse, skriftlig;Hele landet;Innlandet;Solør videregående skole;2,5;12
2;3;NOR1271;I;34;974571935;Norsk sidemål, vg3 påbygging til generell studiekompetanse, skriftlig;Hele landet;Innlandet;Storhamar videregående skole;3,3;31
2;3;NOR1271;I;34;974597381;Norsk sidemål, vg3 påbygging til generell studiekompetanse, skriftlig;Hele landet;Innlandet;Valdres vidaregåande skule;3,1;15
2;3;NOR1271;I;34;974597233;Norsk sidemål, vg3 påbygging til generell studiekompetanse, skriftlig;Hele landet;Innlandet;Vinstra vidaregåande skule;3,1;10
2;3;NOR1271;I;34;974571978;Norsk sidemål, vg3 påbygging til generell studiekompetanse, skriftlig;Hele landet;Innlandet;Øvrebyen videregående skole;3;7
2;2;NOR1271;I;15;15;Norsk sidemål, vg3 påbygging til generell studiekompetanse, skriftlig;Hele landet;Møre og Romsdal;Alle skoler;3,2;227
2;3;NOR1271;I;15;984800746;Norsk sidemål, vg3 påbygging til generell studiekompetanse, skriftlig;Hele landet;Møre og Romsdal;Akademiet Vgs Ålesund AS;*;*
2;3;NOR1271;I;15;974576449;Norsk sidemål, vg3 påbygging til generell studiekompetanse, skriftlig;Hele landet;Møre og Romsdal;Gjermundnes vidaregåande skule;*;*
2;3;NOR1271;I;15;974576716;Norsk sidemål, vg3 påbygging til generell studiekompetanse, skriftlig;Hele landet;Møre og Romsdal;Haram vidaregåande skule;2,8;9
2;3;NOR1271;I;15;974576481;Norsk sidemål, vg3 påbygging til generell studiekompetanse, skriftlig;Hele landet;Møre og Romsdal;Herøy vidaregåande skule;3;15
2;3;NOR1271;I;15;974576708;Norsk sidemål, vg3 påbygging til generell studiekompetanse, skriftlig;Hele landet;Møre og Romsdal;Hustadvika vidaregåande skole;3;14
2;3;NOR1271;I;15;974576589;Norsk sidemål, vg3 påbygging til generell studiekompetanse, skriftlig;Hele landet;Møre og Romsdal;Kristiansund videregående skole;3,3;34
2;3;NOR1271;I;15;974576422;Norsk sidemål, vg3 påbygging til generell studiekompetanse, skriftlig;Hele landet;Møre og Romsdal;Molde videregående skole;3,2;14
2;3;NOR1271;I;15;974576546;Norsk sidemål, vg3 påbygging til generell studiekompetanse, skriftlig;Hele landet;Møre og Romsdal;Romsdal videregående skole;3,1;18
2;3;NOR1271;I;15;974577267;Norsk sidemål, vg3 påbygging til generell studiekompetanse, skriftlig;Hele landet;Møre og Romsdal;Spjelkavik videregående skole;3,9;27
2;3;NOR1271;I;15;974576570;Norsk sidemål, vg3 påbygging til generell studiekompetanse, skriftlig;Hele landet;Møre og Romsdal;Sunndal vidaregåande skole;2,9;7
2;3;NOR1271;I;15;974576694;Norsk sidemål, vg3 påbygging til generell studiekompetanse, skriftlig;Hele landet;Møre og Romsdal;Sykkylven vidaregåande skule;*;*
2;3;NOR1271;I;15;974576430;Norsk sidemål, vg3 påbygging til generell studiekompetanse, skriftlig;Hele landet;Møre og Romsdal;Ulstein vidaregåande skule;2,6;9
2;3;NOR1271;I;15;974117711;Norsk sidemål, vg3 påbygging til generell studiekompetanse, skriftlig;Hele landet;Møre og Romsdal;Vestborg Vgs;*;*
2;3;NOR1271;I;15;874576492;Norsk sidemål, vg3 påbygging til generell studiekompetanse, skriftlig;Hele landet;Møre og Romsdal;Volda vidaregåande skule;3,1;23
2;3;NOR1271;I;15;974576503;Norsk sidemål, vg3 påbygging til generell studiekompetanse, skriftlig;Hele landet;Møre og Romsdal;Ålesund videregående skole;3,4;31
2;2;NOR1271;I;18;18;Norsk sidemål, vg3 påbygging til generell studiekompetanse, skriftlig;Hele landet;Nordland - Nordlánnda;Alle skoler;3,1;116
2;3;NOR1271;I;18;974621134;Norsk sidemål, vg3 påbygging til generell studiekompetanse, skriftlig;Hele landet;Nordland - Nordlánnda;Aust-Lofoten videregående skole;2,5;6
2;3;NOR1271;I;18;974621215;Norsk sidemål, vg3 påbygging til generell studiekompetanse, skriftlig;Hele landet;Nordland - Nordlánnda;Bodin videregående skole;2,8;12
2;3;NOR1271;I;18;974621223;Norsk sidemål, vg3 påbygging til generell studiekompetanse, skriftlig;Hele landet;Nordland - Nordlánnda;Bodø videregående skole;2,9;27
2;3;NOR1271;I;18;974621401;Norsk sidemål, vg3 påbygging til generell studiekompetanse, skriftlig;Hele landet;Nordland - Nordlánnda;Brønnøysund videregående skole;3,4;8
2;3;NOR1271;I;18;974621355;Norsk sidemål, vg3 påbygging til generell studiekompetanse, skriftlig;Hele landet;Nordland - Nordlánnda;Mosjøen videregående skole;3,1;17
2;3;NOR1271;I;18;974041707;Norsk sidemål, vg3 påbygging til generell studiekompetanse, skriftlig;Hele landet;Nordland - Nordlánnda;Narvik videregående skole;3,9;11
2;3;NOR1271;I;18;974621304;Norsk sidemål, vg3 påbygging til generell studiekompetanse, skriftlig;Hele landet;Nordland - Nordlánnda;Polarsirkelen videregående skole;*;*
2;3;NOR1271;I;18;974621274;Norsk sidemål, vg3 påbygging til generell studiekompetanse, skriftlig;Hele landet;Nordland - Nordlánnda;Saltdal videregående skole;3,2;6
2;3;NOR1271;I;18;874621382;Norsk sidemål, vg3 påbygging til generell studiekompetanse, skriftlig;Hele landet;Nordland - Nordlánnda;Sandnessjøen videregående skole;*;*
2;3;NOR1271;I;18;974621053;Norsk sidemål, vg3 påbygging til generell studiekompetanse, skriftlig;Hele landet;Nordland - Nordlánnda;Sortland videregående skole avd Sortland;3,1;8
2;3;NOR1271;I;18;974621169;Norsk sidemål, vg3 påbygging til generell studiekompetanse, skriftlig;Hele landet;Nordland - Nordlánnda;Vest-Lofoten videregående skole;3,3;10
2;2;NOR1271;I;3;3;Norsk sidemål, vg3 påbygging til generell studiekompetanse, skriftlig;Hele landet;Oslo;Alle skoler;3;162
2;3;NOR1271;I;3;887664102;Norsk sidemål, vg3 påbygging til generell studiekompetanse, skriftlig;Hele landet;Oslo;Akademiet Oslo AS;2,7;22
2;3;NOR1271;I;3;988938386;Norsk sidemål, vg3 påbygging til generell studiekompetanse, skriftlig;Hele landet;Oslo;Akademiet Vgs Bislett AS;2,7;11
2;3;NOR1271;I;3;974590999;Norsk sidemål, vg3 påbygging til generell studiekompetanse, skriftlig;Hele landet;Oslo;Elvebakken videregående skole;3,5;11
2;3;NOR1271;I;3;974591022;Norsk sidemål, vg3 påbygging til generell studiekompetanse, skriftlig;Hele landet;Oslo;Etterstad videregående skole;3,3;39
2;3;NOR1271;I;3;974590956;Norsk sidemål, vg3 påbygging til generell studiekompetanse, skriftlig;Hele landet;Oslo;Hellerud videregående skole;3,1;28
2;3;NOR1271;I;3;912001008;Norsk sidemål, vg3 påbygging til generell studiekompetanse, skriftlig;Hele landet;Oslo;Hersleb videregående skole;3,3;16
2;3;NOR1271;I;3;899178092;Norsk sidemål, vg3 påbygging til generell studiekompetanse, skriftlig;Hele landet;Oslo;Kuben videregående skole;3,1;7
2;3;NOR1271;I;3;974591065;Norsk sidemål, vg3 påbygging til generell studiekompetanse, skriftlig;Hele landet;Oslo;Stovner videregående skole;2,4;16
2;3;NOR1271;I;3;974590972;Norsk sidemål, vg3 påbygging til generell studiekompetanse, skriftlig;Hele landet;Oslo;Ulsrud videregående skole;3,2;12
2;2;NOR1271;I;11;11;Norsk sidemål, vg3 påbygging til generell studiekompetanse, skriftlig;Hele landet;Rogaland;Alle skoler;3,2;416
2;3;NOR1271;I;11;987546603;Norsk sidemål, vg3 påbygging til generell studiekompetanse, skriftlig;Hele landet;Rogaland;Akademiet Sandnes;*;*
2;3;NOR1271;I;11;913385632;Norsk sidemål, vg3 påbygging til generell studiekompetanse, skriftlig;Hele landet;Rogaland;Bryne vidaregåande skule;3,2;55
2;3;NOR1271;I;11;974624478;Norsk sidemål, vg3 påbygging til generell studiekompetanse, skriftlig;Hele landet;Rogaland;Dalane videregående skole;2,9;15
2;3;NOR1271;I;11;974624516;Norsk sidemål, vg3 påbygging til generell studiekompetanse, skriftlig;Hele landet;Rogaland;Gand videregående skole;3,3;69
2;3;NOR1271;I;11;974624648;Norsk sidemål, vg3 påbygging til generell studiekompetanse, skriftlig;Hele landet;Rogaland;Godalen videregående skole;3,7;6
2;3;NOR1271;I;11;974624486;Norsk sidemål, vg3 påbygging til generell studiekompetanse, skriftlig;Hele landet;Rogaland;Haugaland videregående skole;3,1;54
2;3;NOR1271;I;11;971816287;Norsk sidemål, vg3 påbygging til generell studiekompetanse, skriftlig;Hele landet;Rogaland;Haugesund Toppidrettsgymnas AS;*;*
2;3;NOR1271;I;11;990183449;Norsk sidemål, vg3 påbygging til generell studiekompetanse, skriftlig;Hele landet;Rogaland;Jåttå videregående skole;3,3;56
2;3;NOR1271;I;11;974624591;Norsk sidemål, vg3 påbygging til generell studiekompetanse, skriftlig;Hele landet;Rogaland;Karmsund videregående skole;2,8;18
2;3;NOR1271;I;11;974624389;Norsk sidemål, vg3 påbygging til generell studiekompetanse, skriftlig;Hele landet;Rogaland;Kopervik videregående skole;3,2;19
2;3;NOR1271;I;11;874117722;Norsk sidemål, vg3 påbygging til generell studiekompetanse, skriftlig;Hele landet;Rogaland;Lundeneset Vgs;3;10
2;3;NOR1271;I;11;913404793;Norsk sidemål, vg3 påbygging til generell studiekompetanse, skriftlig;Hele landet;Rogaland;Norheim Vgs AS;*;*
2;3;NOR1271;I;11;974624664;Norsk sidemål, vg3 påbygging til generell studiekompetanse, skriftlig;Hele landet;Rogaland;Randaberg videregående skole;3,2;40
2;3;NOR1271;I;11;874624632;Norsk sidemål, vg3 påbygging til generell studiekompetanse, skriftlig;Hele landet;Rogaland;Sauda vidaregåande skule;3,6;7
2;3;NOR1271;I;11;974624419;Norsk sidemål, vg3 påbygging til generell studiekompetanse, skriftlig;Hele landet;Rogaland;Strand videregående skole;2,4;7
2;3;NOR1271;I;11;973157221;Norsk sidemål, vg3 påbygging til generell studiekompetanse, skriftlig;Hele landet;Rogaland;Tryggheim vidaregåande skule;3,9;26
2;3;NOR1271;I;11;974624435;Norsk sidemål, vg3 påbygging til generell studiekompetanse, skriftlig;Hele landet;Rogaland;Vardafjell videregående skole;2,9;11
2;3;NOR1271;I;11;974557134;Norsk sidemål, vg3 påbygging til generell studiekompetanse, skriftlig;Hele landet;Rogaland;Ølen vidaregåande skule;3,9;11
2;2;NOR1271;I;40;40;Norsk sidemål, vg3 påbygging til generell studiekompetanse, skriftlig;Hele landet;Telemark;Alle skoler;3,1;156
2;3;NOR1271;I;40;974568071;Norsk sidemål, vg3 påbygging til generell studiekompetanse, skriftlig;Hele landet;Telemark;Hjalmar Johansen videregående skole;2,9;96
2;3;NOR1271;I;40;974568004;Norsk sidemål, vg3 påbygging til generell studiekompetanse, skriftlig;Hele landet;Telemark;Kragerø videregående skole;2,9;10
2;3;NOR1271;I;40;974568187;Norsk sidemål, vg3 påbygging til generell studiekompetanse, skriftlig;Hele landet;Telemark;Nome videregående skole avd Søve;3,3;19
2;3;NOR1271;I;40;974568012;Norsk sidemål, vg3 påbygging til generell studiekompetanse, skriftlig;Hele landet;Telemark;Notodden videregående skole;3,3;16
2;3;NOR1271;I;40;874568082;Norsk sidemål, vg3 påbygging til generell studiekompetanse, skriftlig;Hele landet;Telemark;Rjukan videregående skole;3,1;8
2;3;NOR1271;I;40;974568055;Norsk sidemål, vg3 påbygging til generell studiekompetanse, skriftlig;Hele landet;Telemark;Vest-Telemark vidaregåande skule;4,4;7
2;2;NOR1271;I;55;55;Norsk sidemål, vg3 påbygging til generell studiekompetanse, skriftlig;Hele landet;Troms - Romsa - Tromssa ;Alle skoler;3;81
2;3;NOR1271;I;55;974546817;Norsk sidemål, vg3 påbygging til generell studiekompetanse, skriftlig;Hele landet;Troms - Romsa - Tromssa ;Bardufoss videregående skole;*;*
2;3;NOR1271;I;55;974546906;Norsk sidemål, vg3 påbygging til generell studiekompetanse, skriftlig;Hele landet;Troms - Romsa - Tromssa ;Kvaløya videregående skole;3,3;35
2;3;NOR1271;I;55;974117703;Norsk sidemål, vg3 påbygging til generell studiekompetanse, skriftlig;Hele landet;Troms - Romsa - Tromssa ;Nordborg Vgs;*;*
2;3;NOR1271;I;55;974546957;Norsk sidemål, vg3 påbygging til generell studiekompetanse, skriftlig;Hele landet;Troms - Romsa - Tromssa ;Nord-Troms videregående skole avd Nordreisa;*;*
2;3;NOR1271;I;55;974546698;Norsk sidemål, vg3 påbygging til generell studiekompetanse, skriftlig;Hele landet;Troms - Romsa - Tromssa ;Senja videregående skole avd Finnfjordbotn;2,5;13
2;3;NOR1271;I;55;974546809;Norsk sidemål, vg3 påbygging til generell studiekompetanse, skriftlig;Hele landet;Troms - Romsa - Tromssa ;Sjøvegan videregående skole;*;*
2;3;NOR1271;I;55;974546760;Norsk sidemål, vg3 påbygging til generell studiekompetanse, skriftlig;Hele landet;Troms - Romsa - Tromssa ;Stangnes Rå videregående skole avd Stangnes;3,2;22
2;2;NOR1271;I;50;50;Norsk sidemål, vg3 påbygging til generell studiekompetanse, skriftlig;Hele landet;Trøndelag - Trööndelage;Alle skoler;3,1;370
2;3;NOR1271;I;50;971816279;Norsk sidemål, vg3 påbygging til generell studiekompetanse, skriftlig;Hele landet;Trøndelag - Trööndelage;Bybroen videregående skole AS;3,2;39
2;3;NOR1271;I;50;926694022;Norsk sidemål, vg3 påbygging til generell studiekompetanse, skriftlig;Hele landet;Trøndelag - Trööndelage;Cissi Klein videregående skole;3,1;79
2;3;NOR1271;I;50;974557975;Norsk sidemål, vg3 påbygging til generell studiekompetanse, skriftlig;Hele landet;Trøndelag - Trööndelage;Fosen videregående skole;3,2;10
2;3;NOR1271;I;50;974557983;Norsk sidemål, vg3 påbygging til generell studiekompetanse, skriftlig;Hele landet;Trøndelag - Trööndelage;Gauldal videregående skole;*;*
2;3;NOR1271;I;50;974560771;Norsk sidemål, vg3 påbygging til generell studiekompetanse, skriftlig;Hele landet;Trøndelag - Trööndelage;Grong videregående skole;*;*
2;3;NOR1271;I;50;974558017;Norsk sidemål, vg3 påbygging til generell studiekompetanse, skriftlig;Hele landet;Trøndelag - Trööndelage;Guri Kunna videregående skole avd Hitra;*;*
2;3;NOR1271;I;50;929188829;Norsk sidemål, vg3 påbygging til generell studiekompetanse, skriftlig;Hele landet;Trøndelag - Trööndelage;Johan Bojer videregående skole;4,1;7
2;3;NOR1271;I;50;974149699;Norsk sidemål, vg3 påbygging til generell studiekompetanse, skriftlig;Hele landet;Trøndelag - Trööndelage;Kristen videregående skole Trøndelag;3,2;19
2;3;NOR1271;I;50;874558052;Norsk sidemål, vg3 påbygging til generell studiekompetanse, skriftlig;Hele landet;Trøndelag - Trööndelage;Kyrksæterøra videregående skole;*;*
2;3;NOR1271;I;50;974560704;Norsk sidemål, vg3 påbygging til generell studiekompetanse, skriftlig;Hele landet;Trøndelag - Trööndelage;Levanger videregående skole;3,1;27
2;3;NOR1271;I;50;973638416;Norsk sidemål, vg3 påbygging til generell studiekompetanse, skriftlig;Hele landet;Trøndelag - Trööndelage;Lukas videregående skole AS;2,7;33
2;3;NOR1271;I;50;874558362;Norsk sidemål, vg3 påbygging til generell studiekompetanse, skriftlig;Hele landet;Trøndelag - Trööndelage;Melhus videregående skole;3,1;7
2;3;NOR1271;I;50;974560712;Norsk sidemål, vg3 påbygging til generell studiekompetanse, skriftlig;Hele landet;Trøndelag - Trööndelage;Olav Duun videregående skole;2,8;26
2;3;NOR1271;I;50;974560720;Norsk sidemål, vg3 påbygging til generell studiekompetanse, skriftlig;Hele landet;Trøndelag - Trööndelage;Ole Vig videregående skole;3;21
2;3;NOR1271;I;50;974557967;Norsk sidemål, vg3 påbygging til generell studiekompetanse, skriftlig;Hele landet;Trøndelag - Trööndelage;Orkdal vidaregåande skole;3;13
2;3;NOR1271;I;50;974558130;Norsk sidemål, vg3 påbygging til generell studiekompetanse, skriftlig;Hele landet;Trøndelag - Trööndelage;Røros videregående skole;*;*
2;3;NOR1271;I;50;974558076;Norsk sidemål, vg3 påbygging til generell studiekompetanse, skriftlig;Hele landet;Trøndelag - Trööndelage;Skjetlein videregående skole;2,8;12
2;3;NOR1271;I;50;932343150;Norsk sidemål, vg3 påbygging til generell studiekompetanse, skriftlig;Hele landet;Trøndelag - Trööndelage;Sommerschild skole;*;*
2;3;NOR1271;I;50;974560690;Norsk sidemål, vg3 påbygging til generell studiekompetanse, skriftlig;Hele landet;Trøndelag - Trööndelage;Steinkjer videregående skole;3,6;21
2;3;NOR1271;I;50;927015919;Norsk sidemål, vg3 påbygging til generell studiekompetanse, skriftlig;Hele landet;Trøndelag - Trööndelage;Trøndelag nettskole;*;*
2;3;NOR1271;I;50;974560747;Norsk sidemål, vg3 påbygging til generell studiekompetanse, skriftlig;Hele landet;Trøndelag - Trööndelage;Verdal videregående skole;2,9;14
2;3;NOR1271;I;50;974560739;Norsk sidemål, vg3 påbygging til generell studiekompetanse, skriftlig;Hele landet;Trøndelag - Trööndelage;Ytre Namdal videregående skole;3,9;9
2;3;NOR1271;I;50;974149966;Norsk sidemål, vg3 påbygging til generell studiekompetanse, skriftlig;Hele landet;Trøndelag - Trööndelage;Øya videregående skole;3,7;13
2;2;NOR1271;I;39;39;Norsk sidemål, vg3 påbygging til generell studiekompetanse, skriftlig;Hele landet;Vestfold;Alle skoler;2,8;94
2;3;NOR1271;I;39;974575086;Norsk sidemål, vg3 påbygging til generell studiekompetanse, skriftlig;Hele landet;Vestfold;Færder videregående skole;3;47
2;3;NOR1271;I;39;874575062;Norsk sidemål, vg3 påbygging til generell studiekompetanse, skriftlig;Hele landet;Vestfold;Holmestrand videregående skole;2,2;10
2;3;NOR1271;I;39;923261354;Norsk sidemål, vg3 påbygging til generell studiekompetanse, skriftlig;Hele landet;Vestfold;Horten videregående skole;3,1;7
2;3;NOR1271;I;39;974575051;Norsk sidemål, vg3 påbygging til generell studiekompetanse, skriftlig;Hele landet;Vestfold;Melsom videregående skole;3,2;9
2;3;NOR1271;I;39;974575019;Norsk sidemål, vg3 påbygging til generell studiekompetanse, skriftlig;Hele landet;Vestfold;Sandefjord videregående skole;2,4;11
2;3;NOR1271;I;39;974575027;Norsk sidemål, vg3 påbygging til generell studiekompetanse, skriftlig;Hele landet;Vestfold;Thor Heyerdahl videregående skole;2,3;10
2;2;NOR1271;I;46;46;Norsk sidemål, vg3 påbygging til generell studiekompetanse, skriftlig;Hele landet;Vestland;Alle skoler;3,1;444
2;3;NOR1271;I;46;986900055;Norsk sidemål, vg3 påbygging til generell studiekompetanse, skriftlig;Hele landet;Vestland;Akademiet Vgs Bergen AS;3,1;9
2;3;NOR1271;I;46;999546560;Norsk sidemål, vg3 påbygging til generell studiekompetanse, skriftlig;Hele landet;Vestland;Amalie Skram videregående skole;3,9;10
2;3;NOR1271;I;46;974557533;Norsk sidemål, vg3 påbygging til generell studiekompetanse, skriftlig;Hele landet;Vestland;Askøy videregående skole;2,8;29
2;3;NOR1271;I;46;974557126;Norsk sidemål, vg3 påbygging til generell studiekompetanse, skriftlig;Hele landet;Vestland;Bømlo vidaregåande skule;3,1;11
2;3;NOR1271;I;46;974571137;Norsk sidemål, vg3 påbygging til generell studiekompetanse, skriftlig;Hele landet;Vestland;Dale vidaregåande skule;3,6;7
2;3;NOR1271;I;46;882067432;Norsk sidemål, vg3 påbygging til generell studiekompetanse, skriftlig;Hele landet;Vestland;Danielsen Intensivgymnas;*;*
2;3;NOR1271;I;46;874571172;Norsk sidemål, vg3 påbygging til generell studiekompetanse, skriftlig;Hele landet;Vestland;Eid vidaregåande skule;3,1;9
2;3;NOR1271;I;46;974557630;Norsk sidemål, vg3 påbygging til generell studiekompetanse, skriftlig;Hele landet;Vestland;Fitjar vidaregåande skule;3,4;10
2;3;NOR1271;I;46;974571145;Norsk sidemål, vg3 påbygging til generell studiekompetanse, skriftlig;Hele landet;Vestland;Flora vidaregåande skule;3,5;13
2;3;NOR1271;I;46;974557584;Norsk sidemål, vg3 påbygging til generell studiekompetanse, skriftlig;Hele landet;Vestland;Fyllingsdalen videregående skole;2,6;10
2;3;NOR1271;I;46;974571110;Norsk sidemål, vg3 påbygging til generell studiekompetanse, skriftlig;Hele landet;Vestland;Førde vidaregåande skule;3,5;32
2;3;NOR1271;I;46;974571080;Norsk sidemål, vg3 påbygging til generell studiekompetanse, skriftlig;Hele landet;Vestland;Høyanger vidaregåande skule;*;*
2;3;NOR1271;I;46;974557339;Norsk sidemål, vg3 påbygging til generell studiekompetanse, skriftlig;Hele landet;Vestland;Knarvik vidaregåande skule;2,8;8
2;3;NOR1271;I;46;873255692;Norsk sidemål, vg3 påbygging til generell studiekompetanse, skriftlig;Hele landet;Vestland;Krokeide videregående skole AS;3,4;8
2;3;NOR1271;I;46;974557282;Norsk sidemål, vg3 påbygging til generell studiekompetanse, skriftlig;Hele landet;Vestland;Kvinnherad vidaregåande skule;2,4;9
2;3;NOR1271;I;46;974557355;Norsk sidemål, vg3 påbygging til generell studiekompetanse, skriftlig;Hele landet;Vestland;Laksevåg og Bergen Maritime videregående skole;3,5;6
2;3;NOR1271;I;46;985076308;Norsk sidemål, vg3 påbygging til generell studiekompetanse, skriftlig;Hele landet;Vestland;Metis videregående AS;2,4;17
2;3;NOR1271;I;46;993527084;Norsk sidemål, vg3 påbygging til generell studiekompetanse, skriftlig;Hele landet;Vestland;Nordahl Grieg videregående skole;3,5;17
2;3;NOR1271;I;46;974557576;Norsk sidemål, vg3 påbygging til generell studiekompetanse, skriftlig;Hele landet;Vestland;Os vidaregåande skule;2,9;11
2;3;NOR1271;I;46;974557142;Norsk sidemål, vg3 påbygging til generell studiekompetanse, skriftlig;Hele landet;Vestland;Sandsli videregående skole;*;*
2;3;NOR1271;I;46;974557320;Norsk sidemål, vg3 påbygging til generell studiekompetanse, skriftlig;Hele landet;Vestland;Slåtthaug videregående skole;3,1;46
2;3;NOR1271;I;46;974557568;Norsk sidemål, vg3 påbygging til generell studiekompetanse, skriftlig;Hele landet;Vestland;Sotra vidaregåande skule;3,6;19
2;3;NOR1271;I;46;916794304;Norsk sidemål, vg3 påbygging til generell studiekompetanse, skriftlig;Hele landet;Vestland;St. Paul gymnas;*;*
2;3;NOR1271;I;46;974557703;Norsk sidemål, vg3 påbygging til generell studiekompetanse, skriftlig;Hele landet;Vestland;Stend vidaregåande skule;3,6;14
2;3;NOR1271;I;46;974557029;Norsk sidemål, vg3 påbygging til generell studiekompetanse, skriftlig;Hele landet;Vestland;Stord vidaregåande skule;2,4;14
2;3;NOR1271;I;46;816031982;Norsk sidemål, vg3 påbygging til generell studiekompetanse, skriftlig;Hele landet;Vestland;Voss gymnas;3,8;12
2;3;NOR1271;I;46;916031858;Norsk sidemål, vg3 påbygging til generell studiekompetanse, skriftlig;Hele landet;Vestland;Voss vidaregåande skule;3,3;13
2;3;NOR1271;I;46;874571032;Norsk sidemål, vg3 påbygging til generell studiekompetanse, skriftlig;Hele landet;Vestland;Årdal vidaregåande skule;3;15
2;3;NOR1271;I;46;974557487;Norsk sidemål, vg3 påbygging til generell studiekompetanse, skriftlig;Hele landet;Vestland;Årstad videregående skole;2,8;17
2;3;NOR1271;I;46;974557479;Norsk sidemål, vg3 påbygging til generell studiekompetanse, skriftlig;Hele landet;Vestland;Åsane vidaregåande skule;2,9;56
2;2;NOR1271;I;31;31;Norsk sidemål, vg3 påbygging til generell studiekompetanse, skriftlig;Hele landet;Østfold;Alle skoler;3,1;288
2;3;NOR1271;I;31;974544504;Norsk sidemål, vg3 påbygging til generell studiekompetanse, skriftlig;Hele landet;Østfold;Askim videregående skole;3,6;28
2;3;NOR1271;I;31;874544442;Norsk sidemål, vg3 påbygging til generell studiekompetanse, skriftlig;Hele landet;Østfold;Borg videregående skole;3;8
2;3;NOR1271;I;31;974544466;Norsk sidemål, vg3 påbygging til generell studiekompetanse, skriftlig;Hele landet;Østfold;Frederik Ii videregående skole;2,7;32
2;3;NOR1271;I;31;974544482;Norsk sidemål, vg3 påbygging til generell studiekompetanse, skriftlig;Hele landet;Østfold;Glemmen videregående skole;3,3;73
2;3;NOR1271;I;31;974544490;Norsk sidemål, vg3 påbygging til generell studiekompetanse, skriftlig;Hele landet;Østfold;Greåker videregående skole;3,4;23
2;3;NOR1271;I;31;974544563;Norsk sidemål, vg3 påbygging til generell studiekompetanse, skriftlig;Hele landet;Østfold;Halden videregående skole;3;16
2;3;NOR1271;I;31;974544520;Norsk sidemål, vg3 påbygging til generell studiekompetanse, skriftlig;Hele landet;Østfold;Kalnes videregående skole;3;15
2;3;NOR1271;I;31;974544539;Norsk sidemål, vg3 påbygging til generell studiekompetanse, skriftlig;Hele landet;Østfold;Kirkeparken videregående skole;2,8;12
2;3;NOR1271;I;31;974544547;Norsk sidemål, vg3 påbygging til generell studiekompetanse, skriftlig;Hele landet;Østfold;Malakoff videregående skole;2,9;39
2;3;NOR1271;I;31;974544512;Norsk sidemål, vg3 påbygging til generell studiekompetanse, skriftlig;Hele landet;Østfold;Mysen videregående skole;2,9;15
2;3;NOR1271;I;31;874544582;Norsk sidemål, vg3 påbygging til generell studiekompetanse, skriftlig;Hele landet;Østfold;St. Olav videregående skole;2,2;9
2;3;NOR1271;I;31;974826704;Norsk sidemål, vg3 påbygging til generell studiekompetanse, skriftlig;Hele landet;Østfold;Stiftelsen Østerbo videregående skole;*;*
2;3;NOR1271;I;31;974117290;Norsk sidemål, vg3 påbygging til generell studiekompetanse, skriftlig;Hele landet;Østfold;Tomb videregående skole;*;*
2;0;NOR1280;Alle;0;Alle;Norsk for elever med samisk som førstespråk, Vg3 studieforberedende utdanningsprogram, skriftlig;Hele landet;Alle fylker;Alle skoler;4;26
2;1;NOR1280;I;0;I;Norsk for elever med samisk som førstespråk, Vg3 studieforberedende utdanningsprogram, skriftlig;Hele landet;Alle fylker;Alle skoler;4;26
2;2;NOR1280;I;56;56;Norsk for elever med samisk som førstespråk, Vg3 studieforberedende utdanningsprogram, skriftlig;Hele landet;Finnmark - Finnmárku - Finmarkku;Alle skoler;4;18
2;3;NOR1280;I;56;974622750;Norsk for elever med samisk som førstespråk, Vg3 studieforberedende utdanningsprogram, skriftlig;Hele landet;Finnmark - Finnmárku - Finmarkku;Alta videregående skole;*;*
2;3;NOR1280;I;56;974760061;Norsk for elever med samisk som førstespråk, Vg3 studieforberedende utdanningsprogram, skriftlig;Hele landet;Finnmark - Finnmárku - Finmarkku;Samisk videregående skole Karasjok;*;*
2;3;NOR1280;I;56;974759896;Norsk for elever med samisk som førstespråk, Vg3 studieforberedende utdanningsprogram, skriftlig;Hele landet;Finnmark - Finnmárku - Finmarkku;Samisk videregående skole og reindriftsskole;4,1;8
2;3;NOR1280;I;56;974622718;Norsk for elever med samisk som førstespråk, Vg3 studieforberedende utdanningsprogram, skriftlig;Hele landet;Finnmark - Finnmárku - Finmarkku;Vadsø videregående skole;*;*
2;2;NOR1280;I;34;34;Norsk for elever med samisk som førstespråk, Vg3 studieforberedende utdanningsprogram, skriftlig;Hele landet;Innlandet;Alle skoler;*;*
2;3;NOR1280;I;34;913391470;Norsk for elever med samisk som førstespråk, Vg3 studieforberedende utdanningsprogram, skriftlig;Hele landet;Innlandet;Wang Hamar AS;*;*
2;2;NOR1280;I;55;55;Norsk for elever med samisk som førstespråk, Vg3 studieforberedende utdanningsprogram, skriftlig;Hele landet;Troms - Romsa - Tromssa ;Alle skoler;*;*
2;3;NOR1280;I;55;974546817;Norsk for elever med samisk som førstespråk, Vg3 studieforberedende utdanningsprogram, skriftlig;Hele landet;Troms - Romsa - Tromssa ;Bardufoss videregående skole;*;*
2;3;NOR1280;I;55;974546906;Norsk for elever med samisk som førstespråk, Vg3 studieforberedende utdanningsprogram, skriftlig;Hele landet;Troms - Romsa - Tromssa ;Kvaløya videregående skole;*;*
2;3;NOR1280;I;55;974546957;Norsk for elever med samisk som førstespråk, Vg3 studieforberedende utdanningsprogram, skriftlig;Hele landet;Troms - Romsa - Tromssa ;Nord-Troms videregående skole avd Nordreisa;*;*
2;3;NOR1280;I;55;991575731;Norsk for elever med samisk som førstespråk, Vg3 studieforberedende utdanningsprogram, skriftlig;Hele landet;Troms - Romsa - Tromssa ;Norges Toppidrettsgymnas Tromsø AS;*;*
2;3;NOR1280;I;55;974546868;Norsk for elever med samisk som førstespråk, Vg3 studieforberedende utdanningsprogram, skriftlig;Hele landet;Troms - Romsa - Tromssa ;Tromsdalen videregående skole;*;*
2;0;NOR1282;Alle;0;Alle;Norsk for elever med samisk som førstespråk, Vg3 påbygging til generell studiekompetanse, skriftlig;Hele landet;Alle fylker;Alle skoler;2,7;17
2;1;NOR1282;I;0;I;Norsk for elever med samisk som førstespråk, Vg3 påbygging til generell studiekompetanse, skriftlig;Hele landet;Alle fylker;Alle skoler;2,7;17
2;2;NOR1282;I;56;56;Norsk for elever med samisk som førstespråk, Vg3 påbygging til generell studiekompetanse, skriftlig;Hele landet;Finnmark - Finnmárku - Finmarkku;Alle skoler;2,7;17
2;3;NOR1282;I;56;974760061;Norsk for elever med samisk som førstespråk, Vg3 påbygging til generell studiekompetanse, skriftlig;Hele landet;Finnmark - Finnmárku - Finmarkku;Samisk videregående skole Karasjok;*;*
2;3;NOR1282;I;56;974759896;Norsk for elever med samisk som førstespråk, Vg3 påbygging til generell studiekompetanse, skriftlig;Hele landet;Finnmark - Finnmárku - Finmarkku;Samisk videregående skole og reindriftsskole;2,9;9
2;3;NOR1282;I;56;974064332;Norsk for elever med samisk som førstespråk, Vg3 påbygging til generell studiekompetanse, skriftlig;Hele landet;Finnmark - Finnmárku - Finmarkku;Tana videregående skole;*;*
2;0;NOR1287;Alle;0;Alle;Norsk for elever med samisk/kvensk/finsk som andrespråk, Vg3 studieforberedende utdanningsprogram, skriftlig;Hele landet;Alle fylker;Alle skoler;3,7;82
2;1;NOR1287;I;0;I;Norsk for elever med samisk/kvensk/finsk som andrespråk, Vg3 studieforberedende utdanningsprogram, skriftlig;Hele landet;Alle fylker;Alle skoler;3,7;82
2;2;NOR1287;I;32;32;Norsk for elever med samisk/kvensk/finsk som andrespråk, Vg3 studieforberedende utdanningsprogram, skriftlig;Hele landet;Akershus;Alle skoler;*;*
2;3;NOR1287;I;32;974587750;Norsk for elever med samisk/kvensk/finsk som andrespråk, Vg3 studieforberedende utdanningsprogram, skriftlig;Hele landet;Akershus;Lillestrøm videregående skole;*;*
2;3;NOR1287;I;32;988084948;Norsk for elever med samisk/kvensk/finsk som andrespråk, Vg3 studieforberedende utdanningsprogram, skriftlig;Hele landet;Akershus;Nannestad videregående skole;*;*
2;2;NOR1287;I;56;56;Norsk for elever med samisk/kvensk/finsk som andrespråk, Vg3 studieforberedende utdanningsprogram, skriftlig;Hele landet;Finnmark - Finnmárku - Finmarkku;Alle skoler;3,7;48
2;3;NOR1287;I;56;974622750;Norsk for elever med samisk/kvensk/finsk som andrespråk, Vg3 studieforberedende utdanningsprogram, skriftlig;Hele landet;Finnmark - Finnmárku - Finmarkku;Alta videregående skole;3,7;25
2;3;NOR1287;I;56;974622726;Norsk for elever med samisk/kvensk/finsk som andrespråk, Vg3 studieforberedende utdanningsprogram, skriftlig;Hele landet;Finnmark - Finnmárku - Finmarkku;Kirkenes videregående skole;*;*
2;3;NOR1287;I;56;974622742;Norsk for elever med samisk/kvensk/finsk som andrespråk, Vg3 studieforberedende utdanningsprogram, skriftlig;Hele landet;Finnmark - Finnmárku - Finmarkku;Lakselv videregående skole;4,6;10
2;3;NOR1287;I;56;974760061;Norsk for elever med samisk/kvensk/finsk som andrespråk, Vg3 studieforberedende utdanningsprogram, skriftlig;Hele landet;Finnmark - Finnmárku - Finmarkku;Samisk videregående skole Karasjok;*;*
2;3;NOR1287;I;56;974622718;Norsk for elever med samisk/kvensk/finsk som andrespråk, Vg3 studieforberedende utdanningsprogram, skriftlig;Hele landet;Finnmark - Finnmárku - Finmarkku;Vadsø videregående skole;3,2;6
2;2;NOR1287;I;18;18;Norsk for elever med samisk/kvensk/finsk som andrespråk, Vg3 studieforberedende utdanningsprogram, skriftlig;Hele landet;Nordland - Nordlánnda;Alle skoler;*;*
2;3;NOR1287;I;18;974621134;Norsk for elever med samisk/kvensk/finsk som andrespråk, Vg3 studieforberedende utdanningsprogram, skriftlig;Hele landet;Nordland - Nordlánnda;Aust-Lofoten videregående skole;*;*
2;3;NOR1287;I;18;974621223;Norsk for elever med samisk/kvensk/finsk som andrespråk, Vg3 studieforberedende utdanningsprogram, skriftlig;Hele landet;Nordland - Nordlánnda;Bodø videregående skole;*;*
2;2;NOR1287;I;3;3;Norsk for elever med samisk/kvensk/finsk som andrespråk, Vg3 studieforberedende utdanningsprogram, skriftlig;Hele landet;Oslo;Alle skoler;*;*
2;3;NOR1287;I;3;912001709;Norsk for elever med samisk/kvensk/finsk som andrespråk, Vg3 studieforberedende utdanningsprogram, skriftlig;Hele landet;Oslo;Edvard Munch videregående skole;*;*
2;3;NOR1287;I;3;917527067;Norsk for elever med samisk/kvensk/finsk som andrespråk, Vg3 studieforberedende utdanningsprogram, skriftlig;Hele landet;Oslo;Valle Hovin videregående skole;*;*
2;2;NOR1287;I;55;55;Norsk for elever med samisk/kvensk/finsk som andrespråk, Vg3 studieforberedende utdanningsprogram, skriftlig;Hele landet;Troms - Romsa - Tromssa ;Alle skoler;3,6;20
2;3;NOR1287;I;55;974546892;Norsk for elever med samisk/kvensk/finsk som andrespråk, Vg3 studieforberedende utdanningsprogram, skriftlig;Hele landet;Troms - Romsa - Tromssa ;Breivang videregående skole;3,7;6
2;3;NOR1287;I;55;974546671;Norsk for elever med samisk/kvensk/finsk som andrespråk, Vg3 studieforberedende utdanningsprogram, skriftlig;Hele landet;Troms - Romsa - Tromssa ;Heggen videregående skole;*;*
2;3;NOR1287;I;55;974546744;Norsk for elever med samisk/kvensk/finsk som andrespråk, Vg3 studieforberedende utdanningsprogram, skriftlig;Hele landet;Troms - Romsa - Tromssa ;Kongsbakken videregående skole;*;*
2;3;NOR1287;I;55;974546957;Norsk for elever med samisk/kvensk/finsk som andrespråk, Vg3 studieforberedende utdanningsprogram, skriftlig;Hele landet;Troms - Romsa - Tromssa ;Nord-Troms videregående skole avd Nordreisa;3,1;8
2;3;NOR1287;I;55;974546868;Norsk for elever med samisk/kvensk/finsk som andrespråk, Vg3 studieforberedende utdanningsprogram, skriftlig;Hele landet;Troms - Romsa - Tromssa ;Tromsdalen videregående skole;*;*
2;2;NOR1287;I;50;50;Norsk for elever med samisk/kvensk/finsk som andrespråk, Vg3 studieforberedende utdanningsprogram, skriftlig;Hele landet;Trøndelag - Trööndelage;Alle skoler;3,3;6
2;3;NOR1287;I;50;984477112;Norsk for elever med samisk/kvensk/finsk som andrespråk, Vg3 studieforberedende utdanningsprogram, skriftlig;Hele landet;Trøndelag - Trööndelage;Byåsen videregående skole;*;*
2;3;NOR1287;I;50;926694022;Norsk for elever med samisk/kvensk/finsk som andrespråk, Vg3 studieforberedende utdanningsprogram, skriftlig;Hele landet;Trøndelag - Trööndelage;Cissi Klein videregående skole;*;*
2;3;NOR1287;I;50;974560771;Norsk for elever med samisk/kvensk/finsk som andrespråk, Vg3 studieforberedende utdanningsprogram, skriftlig;Hele landet;Trøndelag - Trööndelage;Grong videregående skole;*;*
2;3;NOR1287;I;50;974558041;Norsk for elever med samisk/kvensk/finsk som andrespråk, Vg3 studieforberedende utdanningsprogram, skriftlig;Hele landet;Trøndelag - Trööndelage;Oppdal videregående skole;*;*
2;3;NOR1287;I;50;996772810;Norsk for elever med samisk/kvensk/finsk som andrespråk, Vg3 studieforberedende utdanningsprogram, skriftlig;Hele landet;Trøndelag - Trööndelage;Strinda videregående skole;*;*
2;0;NOR1288;Alle;0;Alle;Norsk for elever med samisk/kvensk/finsk som andrespråk, Vg3 påbygging til generell studiekompetanse, skriftlig;Hele landet;Alle fylker;Alle skoler;2,1;7
2;1;NOR1288;I;0;I;Norsk for elever med samisk/kvensk/finsk som andrespråk, Vg3 påbygging til generell studiekompetanse, skriftlig;Hele landet;Alle fylker;Alle skoler;2,1;7
2;2;NOR1288;I;56;56;Norsk for elever med samisk/kvensk/finsk som andrespråk, Vg3 påbygging til generell studiekompetanse, skriftlig;Hele landet;Finnmark - Finnmárku - Finmarkku;Alle skoler;2,1;7
2;3;NOR1288;I;56;974760061;Norsk for elever med samisk/kvensk/finsk som andrespråk, Vg3 påbygging til generell studiekompetanse, skriftlig;Hele landet;Finnmark - Finnmárku - Finmarkku;Samisk videregående skole Karasjok;*;*
2;3;NOR1288;I;56;974759896;Norsk for elever med samisk/kvensk/finsk som andrespråk, Vg3 påbygging til generell studiekompetanse, skriftlig;Hele landet;Finnmark - Finnmárku - Finmarkku;Samisk videregående skole og reindriftsskole;*;*
2;0;NOR1418;Alle;0;Alle;Norsk for elever i vgo med kort botid i Norge, vg2 yrkesfaglige utdanningsprogram;Hele landet;Alle fylker;Alle skoler;3,3;57
2;1;NOR1418;I;0;I;Norsk for elever i vgo med kort botid i Norge, vg2 yrkesfaglige utdanningsprogram;Hele landet;Alle fylker;Alle skoler;3,3;57
2;2;NOR1418;I;32;32;Norsk for elever i vgo med kort botid i Norge, vg2 yrkesfaglige utdanningsprogram;Hele landet;Akershus;Alle skoler;*;*
2;3;NOR1418;I;32;974587645;Norsk for elever i vgo med kort botid i Norge, vg2 yrkesfaglige utdanningsprogram;Hele landet;Akershus;Jessheim videregående skole;*;*
2;3;NOR1418;I;32;974587823;Norsk for elever i vgo med kort botid i Norge, vg2 yrkesfaglige utdanningsprogram;Hele landet;Akershus;Rud videregående skole;*;*
2;3;NOR1418;I;32;988835064;Norsk for elever i vgo med kort botid i Norge, vg2 yrkesfaglige utdanningsprogram;Hele landet;Akershus;Sandvika videregående skole;*;*
2;3;NOR1418;I;32;974587629;Norsk for elever i vgo med kort botid i Norge, vg2 yrkesfaglige utdanningsprogram;Hele landet;Akershus;Skedsmo videregående skole;*;*
2;3;NOR1418;I;32;974587858;Norsk for elever i vgo med kort botid i Norge, vg2 yrkesfaglige utdanningsprogram;Hele landet;Akershus;Strømmen videregående skole;*;*
2;2;NOR1418;I;56;56;Norsk for elever i vgo med kort botid i Norge, vg2 yrkesfaglige utdanningsprogram;Hele landet;Finnmark - Finnmárku - Finmarkku;Alle skoler;*;*
2;3;NOR1418;I;56;974622726;Norsk for elever i vgo med kort botid i Norge, vg2 yrkesfaglige utdanningsprogram;Hele landet;Finnmark - Finnmárku - Finmarkku;Kirkenes videregående skole;*;*
2;3;NOR1418;I;56;974622718;Norsk for elever i vgo med kort botid i Norge, vg2 yrkesfaglige utdanningsprogram;Hele landet;Finnmark - Finnmárku - Finmarkku;Vadsø videregående skole;*;*
2;2;NOR1418;I;34;34;Norsk for elever i vgo med kort botid i Norge, vg2 yrkesfaglige utdanningsprogram;Hele landet;Innlandet;Alle skoler;3;8
2;3;NOR1418;I;34;974597241;Norsk for elever i vgo med kort botid i Norge, vg2 yrkesfaglige utdanningsprogram;Hele landet;Innlandet;Lillehammer videregående skole avd Nord;*;*
2;3;NOR1418;I;34;970963847;Norsk for elever i vgo med kort botid i Norge, vg2 yrkesfaglige utdanningsprogram;Hele landet;Innlandet;Nord-Østerdal videregående skole;*;*
2;3;NOR1418;I;34;974597373;Norsk for elever i vgo med kort botid i Norge, vg2 yrkesfaglige utdanningsprogram;Hele landet;Innlandet;Raufoss videregående skole avd Dokka;*;*
2;3;NOR1418;I;34;974571943;Norsk for elever i vgo med kort botid i Norge, vg2 yrkesfaglige utdanningsprogram;Hele landet;Innlandet;Sentrum videregående skole;*;*
2;3;NOR1418;I;34;974572079;Norsk for elever i vgo med kort botid i Norge, vg2 yrkesfaglige utdanningsprogram;Hele landet;Innlandet;Stange videregående skole;*;*
2;3;NOR1418;I;34;974571935;Norsk for elever i vgo med kort botid i Norge, vg2 yrkesfaglige utdanningsprogram;Hele landet;Innlandet;Storhamar videregående skole;*;*
2;2;NOR1418;I;15;15;Norsk for elever i vgo med kort botid i Norge, vg2 yrkesfaglige utdanningsprogram;Hele landet;Møre og Romsdal;Alle skoler;*;*
2;3;NOR1418;I;15;974576589;Norsk for elever i vgo med kort botid i Norge, vg2 yrkesfaglige utdanningsprogram;Hele landet;Møre og Romsdal;Kristiansund videregående skole;*;*
2;2;NOR1418;I;18;18;Norsk for elever i vgo med kort botid i Norge, vg2 yrkesfaglige utdanningsprogram;Hele landet;Nordland - Nordlánnda;Alle skoler;*;*
2;3;NOR1418;I;18;974621215;Norsk for elever i vgo med kort botid i Norge, vg2 yrkesfaglige utdanningsprogram;Hele landet;Nordland - Nordlánnda;Bodin videregående skole;*;*
2;3;NOR1418;I;18;974621223;Norsk for elever i vgo med kort botid i Norge, vg2 yrkesfaglige utdanningsprogram;Hele landet;Nordland - Nordlánnda;Bodø videregående skole;*;*
2;2;NOR1418;I;3;3;Norsk for elever i vgo med kort botid i Norge, vg2 yrkesfaglige utdanningsprogram;Hele landet;Oslo;Alle skoler;*;*
2;3;NOR1418;I;3;974591022;Norsk for elever i vgo med kort botid i Norge, vg2 yrkesfaglige utdanningsprogram;Hele landet;Oslo;Etterstad videregående skole;*;*
2;3;NOR1418;I;3;899178092;Norsk for elever i vgo med kort botid i Norge, vg2 yrkesfaglige utdanningsprogram;Hele landet;Oslo;Kuben videregående skole;*;*
2;3;NOR1418;I;3;974591065;Norsk for elever i vgo med kort botid i Norge, vg2 yrkesfaglige utdanningsprogram;Hele landet;Oslo;Stovner videregående skole;*;*
2;2;NOR1418;I;11;11;Norsk for elever i vgo med kort botid i Norge, vg2 yrkesfaglige utdanningsprogram;Hele landet;Rogaland;Alle skoler;*;*
2;3;NOR1418;I;11;994507508;Norsk for elever i vgo med kort botid i Norge, vg2 yrkesfaglige utdanningsprogram;Hele landet;Rogaland;Vågen videregående skole;*;*
2;2;NOR1418;I;55;55;Norsk for elever i vgo med kort botid i Norge, vg2 yrkesfaglige utdanningsprogram;Hele landet;Troms - Romsa - Tromssa ;Alle skoler;3,6;17
2;3;NOR1418;I;55;915553354;Norsk for elever i vgo med kort botid i Norge, vg2 yrkesfaglige utdanningsprogram;Hele landet;Troms - Romsa - Tromssa ;Ishavsbyen videregående skole;3,3;11
2;3;NOR1418;I;55;974546698;Norsk for elever i vgo med kort botid i Norge, vg2 yrkesfaglige utdanningsprogram;Hele landet;Troms - Romsa - Tromssa ;Senja videregående skole avd Finnfjordbotn;4,2;6
2;2;NOR1418;I;50;50;Norsk for elever i vgo med kort botid i Norge, vg2 yrkesfaglige utdanningsprogram;Hele landet;Trøndelag - Trööndelage;Alle skoler;*;*
2;3;NOR1418;I;50;996772772;Norsk for elever i vgo med kort botid i Norge, vg2 yrkesfaglige utdanningsprogram;Hele landet;Trøndelag - Trööndelage;Charlottenlund videregående skole;*;*
2;3;NOR1418;I;50;974560704;Norsk for elever i vgo med kort botid i Norge, vg2 yrkesfaglige utdanningsprogram;Hele landet;Trøndelag - Trööndelage;Levanger videregående skole;*;*
2;3;NOR1418;I;50;974560720;Norsk for elever i vgo med kort botid i Norge, vg2 yrkesfaglige utdanningsprogram;Hele landet;Trøndelag - Trööndelage;Ole Vig videregående skole;*;*
2;2;NOR1418;I;39;39;Norsk for elever i vgo med kort botid i Norge, vg2 yrkesfaglige utdanningsprogram;Hele landet;Vestfold;Alle skoler;*;*
2;3;NOR1418;I;39;974575086;Norsk for elever i vgo med kort botid i Norge, vg2 yrkesfaglige utdanningsprogram;Hele landet;Vestfold;Færder videregående skole;*;*
2;3;NOR1418;I;39;974575019;Norsk for elever i vgo med kort botid i Norge, vg2 yrkesfaglige utdanningsprogram;Hele landet;Vestfold;Sandefjord videregående skole;*;*
2;2;NOR1418;I;46;46;Norsk for elever i vgo med kort botid i Norge, vg2 yrkesfaglige utdanningsprogram;Hele landet;Vestland;Alle skoler;*;*
2;3;NOR1418;I;46;974571145;Norsk for elever i vgo med kort botid i Norge, vg2 yrkesfaglige utdanningsprogram;Hele landet;Vestland;Flora vidaregåande skule;*;*
2;3;NOR1418;I;46;974571056;Norsk for elever i vgo med kort botid i Norge, vg2 yrkesfaglige utdanningsprogram;Hele landet;Vestland;Sogndal vidaregåande skule;*;*
2;2;NOR1418;I;31;31;Norsk for elever i vgo med kort botid i Norge, vg2 yrkesfaglige utdanningsprogram;Hele landet;Østfold;Alle skoler;*;*
2;3;NOR1418;I;31;974544512;Norsk for elever i vgo med kort botid i Norge, vg2 yrkesfaglige utdanningsprogram;Hele landet;Østfold;Mysen videregående skole;*;*
2;0;NOR1420;Alle;0;Alle;Norsk for elever i vgo med kort botid i Norge, Vg3 studieforberedende utdanningsprogram, skriftlig;Hele landet;Alle fylker;Alle skoler;3,4;628
2;1;NOR1420;I;0;I;Norsk for elever i vgo med kort botid i Norge, Vg3 studieforberedende utdanningsprogram, skriftlig;Hele landet;Alle fylker;Alle skoler;3,4;628
2;2;NOR1420;I;42;42;Norsk for elever i vgo med kort botid i Norge, Vg3 studieforberedende utdanningsprogram, skriftlig;Hele landet;Agder;Alle skoler;3,7;18
2;3;NOR1420;I;42;974573873;Norsk for elever i vgo med kort botid i Norge, Vg3 studieforberedende utdanningsprogram, skriftlig;Hele landet;Agder;Arendal videregående skole avd Tyholmen;*;*
2;3;NOR1420;I;42;974573881;Norsk for elever i vgo med kort botid i Norge, Vg3 studieforberedende utdanningsprogram, skriftlig;Hele landet;Agder;Dahlske videregående skole;*;*
2;3;NOR1420;I;42;974117738;Norsk for elever i vgo med kort botid i Norge, Vg3 studieforberedende utdanningsprogram, skriftlig;Hele landet;Agder;Drottningborg Vgs AS;*;*
2;3;NOR1420;I;42;874595012;Norsk for elever i vgo med kort botid i Norge, Vg3 studieforberedende utdanningsprogram, skriftlig;Hele landet;Agder;Eilert Sundt videregående skole Studiested Farsund;*;*
2;3;NOR1420;I;42;974595125;Norsk for elever i vgo med kort botid i Norge, Vg3 studieforberedende utdanningsprogram, skriftlig;Hele landet;Agder;Mandal videregående skole;*;*
2;3;NOR1420;I;42;974573814;Norsk for elever i vgo med kort botid i Norge, Vg3 studieforberedende utdanningsprogram, skriftlig;Hele landet;Agder;Sam Eyde videregående skole;*;*
2;3;NOR1420;I;42;874595152;Norsk for elever i vgo med kort botid i Norge, Vg3 studieforberedende utdanningsprogram, skriftlig;Hele landet;Agder;Tangen videregående skole;*;*
2;3;NOR1420;I;42;974573865;Norsk for elever i vgo med kort botid i Norge, Vg3 studieforberedende utdanningsprogram, skriftlig;Hele landet;Agder;Tvedestrand videregående skole;*;*
2;3;NOR1420;I;42;974595044;Norsk for elever i vgo med kort botid i Norge, Vg3 studieforberedende utdanningsprogram, skriftlig;Hele landet;Agder;Vennesla videregående skole;*;*
2;3;NOR1420;I;42;974595001;Norsk for elever i vgo med kort botid i Norge, Vg3 studieforberedende utdanningsprogram, skriftlig;Hele landet;Agder;Vågsbygd videregående skole;*;*
2;2;NOR1420;I;32;32;Norsk for elever i vgo med kort botid i Norge, Vg3 studieforberedende utdanningsprogram, skriftlig;Hele landet;Akershus;Alle skoler;3,3;71
2;3;NOR1420;I;32;974587602;Norsk for elever i vgo med kort botid i Norge, Vg3 studieforberedende utdanningsprogram, skriftlig;Hele landet;Akershus;Bjørkelangen videregående skole;*;*
2;3;NOR1420;I;32;974587882;Norsk for elever i vgo med kort botid i Norge, Vg3 studieforberedende utdanningsprogram, skriftlig;Hele landet;Akershus;Drømtorp videregående skole;*;*
2;3;NOR1420;I;32;974587890;Norsk for elever i vgo med kort botid i Norge, Vg3 studieforberedende utdanningsprogram, skriftlig;Hele landet;Akershus;Dønski videregående skole;*;*
2;3;NOR1420;I;32;988843709;Norsk for elever i vgo med kort botid i Norge, Vg3 studieforberedende utdanningsprogram, skriftlig;Hele landet;Akershus;Frogn videregående skole;*;*
2;3;NOR1420;I;32;974587645;Norsk for elever i vgo med kort botid i Norge, Vg3 studieforberedende utdanningsprogram, skriftlig;Hele landet;Akershus;Jessheim videregående skole;3,5;11
2;3;NOR1420;I;32;974587750;Norsk for elever i vgo med kort botid i Norge, Vg3 studieforberedende utdanningsprogram, skriftlig;Hele landet;Akershus;Lillestrøm videregående skole;3;8
2;3;NOR1420;I;32;974587610;Norsk for elever i vgo med kort botid i Norge, Vg3 studieforberedende utdanningsprogram, skriftlig;Hele landet;Akershus;Lørenskog videregående skole;4,1;7
2;3;NOR1420;I;32;991815325;Norsk for elever i vgo med kort botid i Norge, Vg3 studieforberedende utdanningsprogram, skriftlig;Hele landet;Akershus;Mailand videregående skole;*;*
2;3;NOR1420;I;32;974587734;Norsk for elever i vgo med kort botid i Norge, Vg3 studieforberedende utdanningsprogram, skriftlig;Hele landet;Akershus;Nadderud videregående skole;3;10
2;3;NOR1420;I;32;974587653;Norsk for elever i vgo med kort botid i Norge, Vg3 studieforberedende utdanningsprogram, skriftlig;Hele landet;Akershus;Nes videregående skole;*;*
2;3;NOR1420;I;32;974587599;Norsk for elever i vgo med kort botid i Norge, Vg3 studieforberedende utdanningsprogram, skriftlig;Hele landet;Akershus;Nesbru videregående skole;3,1;13
2;3;NOR1420;I;32;921204353;Norsk for elever i vgo med kort botid i Norge, Vg3 studieforberedende utdanningsprogram, skriftlig;Hele landet;Akershus;Norges Realfagsgymnas Sandvika AS;*;*
2;3;NOR1420;I;32;974587866;Norsk for elever i vgo med kort botid i Norge, Vg3 studieforberedende utdanningsprogram, skriftlig;Hele landet;Akershus;Rosenvilde videregående skole;*;*
2;3;NOR1420;I;32;974605953;Norsk for elever i vgo med kort botid i Norge, Vg3 studieforberedende utdanningsprogram, skriftlig;Hele landet;Akershus;Røyken videregående skole;*;*
2;3;NOR1420;I;32;974587696;Norsk for elever i vgo med kort botid i Norge, Vg3 studieforberedende utdanningsprogram, skriftlig;Hele landet;Akershus;Ski videregående skole;2,5;6
2;2;NOR1420;I;33;33;Norsk for elever i vgo med kort botid i Norge, Vg3 studieforberedende utdanningsprogram, skriftlig;Hele landet;Buskerud;Alle skoler;3,6;30
2;3;NOR1420;I;33;874605972;Norsk for elever i vgo med kort botid i Norge, Vg3 studieforberedende utdanningsprogram, skriftlig;Hele landet;Buskerud;Drammen videregående skole;4,2;10
2;3;NOR1420;I;33;974605988;Norsk for elever i vgo med kort botid i Norge, Vg3 studieforberedende utdanningsprogram, skriftlig;Hele landet;Buskerud;Eiker videregående skole;*;*
2;3;NOR1420;I;33;974606194;Norsk for elever i vgo med kort botid i Norge, Vg3 studieforberedende utdanningsprogram, skriftlig;Hele landet;Buskerud;Gol vidaregåande skule;*;*
2;3;NOR1420;I;33;974605929;Norsk for elever i vgo med kort botid i Norge, Vg3 studieforberedende utdanningsprogram, skriftlig;Hele landet;Buskerud;Hønefoss videregående skole;*;*
2;3;NOR1420;I;33;974605996;Norsk for elever i vgo med kort botid i Norge, Vg3 studieforberedende utdanningsprogram, skriftlig;Hele landet;Buskerud;Kongsberg videregående skole;3,8;6
2;3;NOR1420;I;33;974176122;Norsk for elever i vgo med kort botid i Norge, Vg3 studieforberedende utdanningsprogram, skriftlig;Hele landet;Buskerud;Norges Toppidrettsgymnas Geilo AS;*;*
2;3;NOR1420;I;33;974606208;Norsk for elever i vgo med kort botid i Norge, Vg3 studieforberedende utdanningsprogram, skriftlig;Hele landet;Buskerud;Ringerike videregående skole;2,7;6
2;3;NOR1420;I;33;974605961;Norsk for elever i vgo med kort botid i Norge, Vg3 studieforberedende utdanningsprogram, skriftlig;Hele landet;Buskerud;St Hallvard videregående skole;*;*
2;3;NOR1420;I;33;973255754;Norsk for elever i vgo med kort botid i Norge, Vg3 studieforberedende utdanningsprogram, skriftlig;Hele landet;Buskerud;Tyrifjord videregående skole;*;*
2;3;NOR1420;I;33;974605937;Norsk for elever i vgo med kort botid i Norge, Vg3 studieforberedende utdanningsprogram, skriftlig;Hele landet;Buskerud;Åssiden videregående skole;*;*
2;2;NOR1420;I;56;56;Norsk for elever i vgo med kort botid i Norge, Vg3 studieforberedende utdanningsprogram, skriftlig;Hele landet;Finnmark - Finnmárku - Finmarkku;Alle skoler;*;*
2;3;NOR1420;I;56;874622702;Norsk for elever i vgo med kort botid i Norge, Vg3 studieforberedende utdanningsprogram, skriftlig;Hele landet;Finnmark - Finnmárku - Finmarkku;Hammerfest videregående skole;*;*
2;3;NOR1420;I;56;974622726;Norsk for elever i vgo med kort botid i Norge, Vg3 studieforberedende utdanningsprogram, skriftlig;Hele landet;Finnmark - Finnmárku - Finmarkku;Kirkenes videregående skole;*;*
2;2;NOR1420;I;34;34;Norsk for elever i vgo med kort botid i Norge, Vg3 studieforberedende utdanningsprogram, skriftlig;Hele landet;Innlandet;Alle skoler;3,6;41
2;3;NOR1420;I;34;974571900;Norsk for elever i vgo med kort botid i Norge, Vg3 studieforberedende utdanningsprogram, skriftlig;Hele landet;Innlandet;Elverum videregående skole;*;*
2;3;NOR1420;I;34;974597284;Norsk for elever i vgo med kort botid i Norge, Vg3 studieforberedende utdanningsprogram, skriftlig;Hele landet;Innlandet;Gjøvik videregående skole;*;*
2;3;NOR1420;I;34;998513448;Norsk for elever i vgo med kort botid i Norge, Vg3 studieforberedende utdanningsprogram, skriftlig;Hele landet;Innlandet;Hadeland videregående skole;*;*
2;3;NOR1420;I;34;974571919;Norsk for elever i vgo med kort botid i Norge, Vg3 studieforberedende utdanningsprogram, skriftlig;Hele landet;Innlandet;Hamar katedralskole;*;*
2;3;NOR1420;I;34;974597322;Norsk for elever i vgo med kort botid i Norge, Vg3 studieforberedende utdanningsprogram, skriftlig;Hele landet;Innlandet;Lena-Valle videregående skole avd Lena;*;*
2;3;NOR1420;I;34;874597252;Norsk for elever i vgo med kort botid i Norge, Vg3 studieforberedende utdanningsprogram, skriftlig;Hele landet;Innlandet;Lillehammer videregående skole avd Sør;5,2;6
2;3;NOR1420;I;34;974597209;Norsk for elever i vgo med kort botid i Norge, Vg3 studieforberedende utdanningsprogram, skriftlig;Hele landet;Innlandet;Nord-Gudbrandsdal vidaregåande skule;*;*
2;3;NOR1420;I;34;986147667;Norsk for elever i vgo med kort botid i Norge, Vg3 studieforberedende utdanningsprogram, skriftlig;Hele landet;Innlandet;Norges Toppidrettsgymnas Kongsvinger AS;*;*
2;3;NOR1420;I;34;873600152;Norsk for elever i vgo med kort botid i Norge, Vg3 studieforberedende utdanningsprogram, skriftlig;Hele landet;Innlandet;Norges Toppidrettsgymnas Lillehammer AS;*;*
2;3;NOR1420;I;34;974571897;Norsk for elever i vgo med kort botid i Norge, Vg3 studieforberedende utdanningsprogram, skriftlig;Hele landet;Innlandet;Ringsaker videregående skole;*;*
2;3;NOR1420;I;34;974571943;Norsk for elever i vgo med kort botid i Norge, Vg3 studieforberedende utdanningsprogram, skriftlig;Hele landet;Innlandet;Sentrum videregående skole;*;*
2;3;NOR1420;I;34;974572079;Norsk for elever i vgo med kort botid i Norge, Vg3 studieforberedende utdanningsprogram, skriftlig;Hele landet;Innlandet;Stange videregående skole;*;*
2;3;NOR1420;I;34;974571978;Norsk for elever i vgo med kort botid i Norge, Vg3 studieforberedende utdanningsprogram, skriftlig;Hele landet;Innlandet;Øvrebyen videregående skole;*;*
2;2;NOR1420;I;15;15;Norsk for elever i vgo med kort botid i Norge, Vg3 studieforberedende utdanningsprogram, skriftlig;Hele landet;Møre og Romsdal;Alle skoler;3,3;29
2;3;NOR1420;I;15;974576473;Norsk for elever i vgo med kort botid i Norge, Vg3 studieforberedende utdanningsprogram, skriftlig;Hele landet;Møre og Romsdal;Atlanten videregående skole;*;*
2;3;NOR1420;I;15;974576716;Norsk for elever i vgo med kort botid i Norge, Vg3 studieforberedende utdanningsprogram, skriftlig;Hele landet;Møre og Romsdal;Haram vidaregåande skule;*;*
2;3;NOR1420;I;15;974576708;Norsk for elever i vgo med kort botid i Norge, Vg3 studieforberedende utdanningsprogram, skriftlig;Hele landet;Møre og Romsdal;Hustadvika vidaregåande skole;*;*
2;3;NOR1420;I;15;974576422;Norsk for elever i vgo med kort botid i Norge, Vg3 studieforberedende utdanningsprogram, skriftlig;Hele landet;Møre og Romsdal;Molde videregående skole;*;*
2;3;NOR1420;I;15;974576546;Norsk for elever i vgo med kort botid i Norge, Vg3 studieforberedende utdanningsprogram, skriftlig;Hele landet;Møre og Romsdal;Romsdal videregående skole;*;*
2;3;NOR1420;I;15;974577267;Norsk for elever i vgo med kort botid i Norge, Vg3 studieforberedende utdanningsprogram, skriftlig;Hele landet;Møre og Romsdal;Spjelkavik videregående skole;*;*
2;3;NOR1420;I;15;974576686;Norsk for elever i vgo med kort botid i Norge, Vg3 studieforberedende utdanningsprogram, skriftlig;Hele landet;Møre og Romsdal;Stranda vidaregåande skule;*;*
2;3;NOR1420;I;15;974576570;Norsk for elever i vgo med kort botid i Norge, Vg3 studieforberedende utdanningsprogram, skriftlig;Hele landet;Møre og Romsdal;Sunndal vidaregåande skole;*;*
2;3;NOR1420;I;15;974576651;Norsk for elever i vgo med kort botid i Norge, Vg3 studieforberedende utdanningsprogram, skriftlig;Hele landet;Møre og Romsdal;Surnadal vidaregåande skule;*;*
2;3;NOR1420;I;15;974576694;Norsk for elever i vgo med kort botid i Norge, Vg3 studieforberedende utdanningsprogram, skriftlig;Hele landet;Møre og Romsdal;Sykkylven vidaregåande skule;*;*
2;3;NOR1420;I;15;874576492;Norsk for elever i vgo med kort botid i Norge, Vg3 studieforberedende utdanningsprogram, skriftlig;Hele landet;Møre og Romsdal;Volda vidaregåande skule;3,2;6
2;3;NOR1420;I;15;974576503;Norsk for elever i vgo med kort botid i Norge, Vg3 studieforberedende utdanningsprogram, skriftlig;Hele landet;Møre og Romsdal;Ålesund videregående skole;2,8;6
2;2;NOR1420;I;18;18;Norsk for elever i vgo med kort botid i Norge, Vg3 studieforberedende utdanningsprogram, skriftlig;Hele landet;Nordland - Nordlánnda;Alle skoler;3,2;16
2;3;NOR1420;I;18;974621223;Norsk for elever i vgo med kort botid i Norge, Vg3 studieforberedende utdanningsprogram, skriftlig;Hele landet;Nordland - Nordlánnda;Bodø videregående skole;*;*
2;3;NOR1420;I;18;974621282;Norsk for elever i vgo med kort botid i Norge, Vg3 studieforberedende utdanningsprogram, skriftlig;Hele landet;Nordland - Nordlánnda;Knut Hamsun videregående skole Joarkkaskåvllå;*;*
2;3;NOR1420;I;18;973494694;Norsk for elever i vgo med kort botid i Norge, Vg3 studieforberedende utdanningsprogram, skriftlig;Hele landet;Nordland - Nordlánnda;Kristen videregående skole Nordland Sti;*;*
2;3;NOR1420;I;18;974621355;Norsk for elever i vgo med kort botid i Norge, Vg3 studieforberedende utdanningsprogram, skriftlig;Hele landet;Nordland - Nordlánnda;Mosjøen videregående skole;*;*
2;3;NOR1420;I;18;974041707;Norsk for elever i vgo med kort botid i Norge, Vg3 studieforberedende utdanningsprogram, skriftlig;Hele landet;Nordland - Nordlánnda;Narvik videregående skole;*;*
2;3;NOR1420;I;18;974621304;Norsk for elever i vgo med kort botid i Norge, Vg3 studieforberedende utdanningsprogram, skriftlig;Hele landet;Nordland - Nordlánnda;Polarsirkelen videregående skole;*;*
2;3;NOR1420;I;18;874621382;Norsk for elever i vgo med kort botid i Norge, Vg3 studieforberedende utdanningsprogram, skriftlig;Hele landet;Nordland - Nordlánnda;Sandnessjøen videregående skole;*;*
2;2;NOR1420;I;3;3;Norsk for elever i vgo med kort botid i Norge, Vg3 studieforberedende utdanningsprogram, skriftlig;Hele landet;Oslo;Alle skoler;3,3;162
2;3;NOR1420;I;3;887664102;Norsk for elever i vgo med kort botid i Norge, Vg3 studieforberedende utdanningsprogram, skriftlig;Hele landet;Oslo;Akademiet Oslo AS;*;*
2;3;NOR1420;I;3;974591006;Norsk for elever i vgo med kort botid i Norge, Vg3 studieforberedende utdanningsprogram, skriftlig;Hele landet;Oslo;Bjerke videregående skole;2,9;8
2;3;NOR1420;I;3;990574898;Norsk for elever i vgo med kort botid i Norge, Vg3 studieforberedende utdanningsprogram, skriftlig;Hele landet;Oslo;Bjørnholt videregående skole;*;*
2;3;NOR1420;I;3;973480634;Norsk for elever i vgo med kort botid i Norge, Vg3 studieforberedende utdanningsprogram, skriftlig;Hele landet;Oslo;Den Tysk-Norske skolen i Oslo avd grunnskole Sporveisgata;*;*
2;3;NOR1420;I;3;912001709;Norsk for elever i vgo med kort botid i Norge, Vg3 studieforberedende utdanningsprogram, skriftlig;Hele landet;Oslo;Edvard Munch videregående skole;*;*
2;3;NOR1420;I;3;974590999;Norsk for elever i vgo med kort botid i Norge, Vg3 studieforberedende utdanningsprogram, skriftlig;Hele landet;Oslo;Elvebakken videregående skole;3,6;7
2;3;NOR1420;I;3;974590867;Norsk for elever i vgo med kort botid i Norge, Vg3 studieforberedende utdanningsprogram, skriftlig;Hele landet;Oslo;Foss videregående skole;*;*
2;3;NOR1420;I;3;995821664;Norsk for elever i vgo med kort botid i Norge, Vg3 studieforberedende utdanningsprogram, skriftlig;Hele landet;Oslo;Fyrstikkalleen skole;*;*
2;3;NOR1420;I;3;974590891;Norsk for elever i vgo med kort botid i Norge, Vg3 studieforberedende utdanningsprogram, skriftlig;Hele landet;Oslo;Hartvig Nissens skole;3,3;14
2;3;NOR1420;I;3;974590956;Norsk for elever i vgo med kort botid i Norge, Vg3 studieforberedende utdanningsprogram, skriftlig;Hele landet;Oslo;Hellerud videregående skole;2,9;23
2;3;NOR1420;I;3;912001008;Norsk for elever i vgo med kort botid i Norge, Vg3 studieforberedende utdanningsprogram, skriftlig;Hele landet;Oslo;Hersleb videregående skole;*;*
2;3;NOR1420;I;3;999173926;Norsk for elever i vgo med kort botid i Norge, Vg3 studieforberedende utdanningsprogram, skriftlig;Hele landet;Oslo;Kongshavn videregående skole;3,8;25
2;3;NOR1420;I;3;873626402;Norsk for elever i vgo med kort botid i Norge, Vg3 studieforberedende utdanningsprogram, skriftlig;Hele landet;Oslo;Kongsskogen videregående skole;*;*
2;3;NOR1420;I;3;899178092;Norsk for elever i vgo med kort botid i Norge, Vg3 studieforberedende utdanningsprogram, skriftlig;Hele landet;Oslo;Kuben videregående skole;4,7;7
2;3;NOR1420;I;3;974590913;Norsk for elever i vgo med kort botid i Norge, Vg3 studieforberedende utdanningsprogram, skriftlig;Hele landet;Oslo;Lambertseter videregående skole;*;*
2;3;NOR1420;I;3;996216454;Norsk for elever i vgo med kort botid i Norge, Vg3 studieforberedende utdanningsprogram, skriftlig;Hele landet;Oslo;Nydalen videregående skole;*;*
2;3;NOR1420;I;3;974590883;Norsk for elever i vgo med kort botid i Norge, Vg3 studieforberedende utdanningsprogram, skriftlig;Hele landet;Oslo;Oslo Handelsgymnasium;*;*
2;3;NOR1420;I;3;874590932;Norsk for elever i vgo med kort botid i Norge, Vg3 studieforberedende utdanningsprogram, skriftlig;Hele landet;Oslo;Oslo katedralskole;3,4;22
2;3;NOR1420;I;3;873626232;Norsk for elever i vgo med kort botid i Norge, Vg3 studieforberedende utdanningsprogram, skriftlig;Hele landet;Oslo;Oslo voksenopplæring Rosenhof;3,1;16
2;3;NOR1420;I;3;974590948;Norsk for elever i vgo med kort botid i Norge, Vg3 studieforberedende utdanningsprogram, skriftlig;Hele landet;Oslo;Persbråten videregående skole;*;*
2;3;NOR1420;I;3;974591065;Norsk for elever i vgo med kort botid i Norge, Vg3 studieforberedende utdanningsprogram, skriftlig;Hele landet;Oslo;Stovner videregående skole;*;*
2;3;NOR1420;I;3;974590964;Norsk for elever i vgo med kort botid i Norge, Vg3 studieforberedende utdanningsprogram, skriftlig;Hele landet;Oslo;Ullern videregående skole;*;*
2;3;NOR1420;I;3;974590972;Norsk for elever i vgo med kort botid i Norge, Vg3 studieforberedende utdanningsprogram, skriftlig;Hele landet;Oslo;Ulsrud videregående skole;2,7;12
2;3;NOR1420;I;3;925607797;Norsk for elever i vgo med kort botid i Norge, Vg3 studieforberedende utdanningsprogram, skriftlig;Hele landet;Oslo;Vika videregående skole;*;*
2;2;NOR1420;I;11;11;Norsk for elever i vgo med kort botid i Norge, Vg3 studieforberedende utdanningsprogram, skriftlig;Hele landet;Rogaland;Alle skoler;3,5;67
2;3;NOR1420;I;11;987546603;Norsk for elever i vgo med kort botid i Norge, Vg3 studieforberedende utdanningsprogram, skriftlig;Hele landet;Rogaland;Akademiet Sandnes;*;*
2;3;NOR1420;I;11;974624532;Norsk for elever i vgo med kort botid i Norge, Vg3 studieforberedende utdanningsprogram, skriftlig;Hele landet;Rogaland;Bergeland videregående skole;*;*
2;3;NOR1420;I;11;913385632;Norsk for elever i vgo med kort botid i Norge, Vg3 studieforberedende utdanningsprogram, skriftlig;Hele landet;Rogaland;Bryne vidaregåande skule;3,7;10
2;3;NOR1420;I;11;974624478;Norsk for elever i vgo med kort botid i Norge, Vg3 studieforberedende utdanningsprogram, skriftlig;Hele landet;Rogaland;Dalane videregående skole;*;*
2;3;NOR1420;I;11;974624486;Norsk for elever i vgo med kort botid i Norge, Vg3 studieforberedende utdanningsprogram, skriftlig;Hele landet;Rogaland;Haugaland videregående skole;*;*
2;3;NOR1420;I;11;974624664;Norsk for elever i vgo med kort botid i Norge, Vg3 studieforberedende utdanningsprogram, skriftlig;Hele landet;Rogaland;Randaberg videregående skole;3,2;10
2;3;NOR1420;I;11;974624397;Norsk for elever i vgo med kort botid i Norge, Vg3 studieforberedende utdanningsprogram, skriftlig;Hele landet;Rogaland;Sandnes videregående skole;4;9
2;3;NOR1420;I;11;974624362;Norsk for elever i vgo med kort botid i Norge, Vg3 studieforberedende utdanningsprogram, skriftlig;Hele landet;Rogaland;Skeisvang videregående skole;*;*
2;3;NOR1420;I;11;974624672;Norsk for elever i vgo med kort botid i Norge, Vg3 studieforberedende utdanningsprogram, skriftlig;Hele landet;Rogaland;Sola videregående skole;3,5;20
2;3;NOR1420;I;11;974624419;Norsk for elever i vgo med kort botid i Norge, Vg3 studieforberedende utdanningsprogram, skriftlig;Hele landet;Rogaland;Strand videregående skole;*;*
2;3;NOR1420;I;11;974624435;Norsk for elever i vgo med kort botid i Norge, Vg3 studieforberedende utdanningsprogram, skriftlig;Hele landet;Rogaland;Vardafjell videregående skole;*;*
2;3;NOR1420;I;11;994507508;Norsk for elever i vgo med kort botid i Norge, Vg3 studieforberedende utdanningsprogram, skriftlig;Hele landet;Rogaland;Vågen videregående skole;*;*
2;2;NOR1420;I;40;40;Norsk for elever i vgo med kort botid i Norge, Vg3 studieforberedende utdanningsprogram, skriftlig;Hele landet;Telemark;Alle skoler;*;*
2;3;NOR1420;I;40;974567997;Norsk for elever i vgo med kort botid i Norge, Vg3 studieforberedende utdanningsprogram, skriftlig;Hele landet;Telemark;Bø vidaregåande skule;*;*
2;3;NOR1420;I;40;974568071;Norsk for elever i vgo med kort botid i Norge, Vg3 studieforberedende utdanningsprogram, skriftlig;Hele landet;Telemark;Hjalmar Johansen videregående skole;*;*
2;3;NOR1420;I;40;974085062;Norsk for elever i vgo med kort botid i Norge, Vg3 studieforberedende utdanningsprogram, skriftlig;Hele landet;Telemark;Kvitsund gymnas;*;*
2;3;NOR1420;I;40;974568020;Norsk for elever i vgo med kort botid i Norge, Vg3 studieforberedende utdanningsprogram, skriftlig;Hele landet;Telemark;Porsgrunn videregående skole;*;*
2;3;NOR1420;I;40;874568082;Norsk for elever i vgo med kort botid i Norge, Vg3 studieforberedende utdanningsprogram, skriftlig;Hele landet;Telemark;Rjukan videregående skole;*;*
2;3;NOR1420;I;40;974568039;Norsk for elever i vgo med kort botid i Norge, Vg3 studieforberedende utdanningsprogram, skriftlig;Hele landet;Telemark;Skien videregående skole;*;*
2;3;NOR1420;I;40;974568055;Norsk for elever i vgo med kort botid i Norge, Vg3 studieforberedende utdanningsprogram, skriftlig;Hele landet;Telemark;Vest-Telemark vidaregåande skule;*;*
2;2;NOR1420;I;55;55;Norsk for elever i vgo med kort botid i Norge, Vg3 studieforberedende utdanningsprogram, skriftlig;Hele landet;Troms - Romsa - Tromssa ;Alle skoler;3,3;16
2;3;NOR1420;I;55;974546892;Norsk for elever i vgo med kort botid i Norge, Vg3 studieforberedende utdanningsprogram, skriftlig;Hele landet;Troms - Romsa - Tromssa ;Breivang videregående skole;*;*
2;3;NOR1420;I;55;974546671;Norsk for elever i vgo med kort botid i Norge, Vg3 studieforberedende utdanningsprogram, skriftlig;Hele landet;Troms - Romsa - Tromssa ;Heggen videregående skole;*;*
2;3;NOR1420;I;55;974546744;Norsk for elever i vgo med kort botid i Norge, Vg3 studieforberedende utdanningsprogram, skriftlig;Hele landet;Troms - Romsa - Tromssa ;Kongsbakken videregående skole;4,3;6
2;3;NOR1420;I;55;974546957;Norsk for elever i vgo med kort botid i Norge, Vg3 studieforberedende utdanningsprogram, skriftlig;Hele landet;Troms - Romsa - Tromssa ;Nord-Troms videregående skole avd Nordreisa;*;*
2;3;NOR1420;I;55;974546698;Norsk for elever i vgo med kort botid i Norge, Vg3 studieforberedende utdanningsprogram, skriftlig;Hele landet;Troms - Romsa - Tromssa ;Senja videregående skole avd Finnfjordbotn;*;*
2;3;NOR1420;I;55;974546809;Norsk for elever i vgo med kort botid i Norge, Vg3 studieforberedende utdanningsprogram, skriftlig;Hele landet;Troms - Romsa - Tromssa ;Sjøvegan videregående skole;*;*
2;3;NOR1420;I;55;974546868;Norsk for elever i vgo med kort botid i Norge, Vg3 studieforberedende utdanningsprogram, skriftlig;Hele landet;Troms - Romsa - Tromssa ;Tromsdalen videregående skole;*;*
2;2;NOR1420;I;50;50;Norsk for elever i vgo med kort botid i Norge, Vg3 studieforberedende utdanningsprogram, skriftlig;Hele landet;Trøndelag - Trööndelage;Alle skoler;3,4;45
2;3;NOR1420;I;50;971816279;Norsk for elever i vgo med kort botid i Norge, Vg3 studieforberedende utdanningsprogram, skriftlig;Hele landet;Trøndelag - Trööndelage;Bybroen videregående skole AS;3,2;11
2;3;NOR1420;I;50;984477112;Norsk for elever i vgo med kort botid i Norge, Vg3 studieforberedende utdanningsprogram, skriftlig;Hele landet;Trøndelag - Trööndelage;Byåsen videregående skole;*;*
2;3;NOR1420;I;50;996772772;Norsk for elever i vgo med kort botid i Norge, Vg3 studieforberedende utdanningsprogram, skriftlig;Hele landet;Trøndelag - Trööndelage;Charlottenlund videregående skole;3,1;7
2;3;NOR1420;I;50;974557983;Norsk for elever i vgo med kort botid i Norge, Vg3 studieforberedende utdanningsprogram, skriftlig;Hele landet;Trøndelag - Trööndelage;Gauldal videregående skole;*;*
2;3;NOR1420;I;50;974557991;Norsk for elever i vgo med kort botid i Norge, Vg3 studieforberedende utdanningsprogram, skriftlig;Hele landet;Trøndelag - Trööndelage;Heimdal videregående skole;*;*
2;3;NOR1420;I;50;974560712;Norsk for elever i vgo med kort botid i Norge, Vg3 studieforberedende utdanningsprogram, skriftlig;Hele landet;Trøndelag - Trööndelage;Olav Duun videregående skole;*;*
2;3;NOR1420;I;50;974558041;Norsk for elever i vgo med kort botid i Norge, Vg3 studieforberedende utdanningsprogram, skriftlig;Hele landet;Trøndelag - Trööndelage;Oppdal videregående skole;*;*
2;3;NOR1420;I;50;974560690;Norsk for elever i vgo med kort botid i Norge, Vg3 studieforberedende utdanningsprogram, skriftlig;Hele landet;Trøndelag - Trööndelage;Steinkjer videregående skole;*;*
2;3;NOR1420;I;50;996772810;Norsk for elever i vgo med kort botid i Norge, Vg3 studieforberedende utdanningsprogram, skriftlig;Hele landet;Trøndelag - Trööndelage;Strinda videregående skole;*;*
2;3;NOR1420;I;50;995415372;Norsk for elever i vgo med kort botid i Norge, Vg3 studieforberedende utdanningsprogram, skriftlig;Hele landet;Trøndelag - Trööndelage;Thora Storm videregående skole;*;*
2;3;NOR1420;I;50;974558386;Norsk for elever i vgo med kort botid i Norge, Vg3 studieforberedende utdanningsprogram, skriftlig;Hele landet;Trøndelag - Trööndelage;Tiller videregående skole;*;*
2;3;NOR1420;I;50;974557908;Norsk for elever i vgo med kort botid i Norge, Vg3 studieforberedende utdanningsprogram, skriftlig;Hele landet;Trøndelag - Trööndelage;Trondheim katedralskole;*;*
2;3;NOR1420;I;50;974560747;Norsk for elever i vgo med kort botid i Norge, Vg3 studieforberedende utdanningsprogram, skriftlig;Hele landet;Trøndelag - Trööndelage;Verdal videregående skole;*;*
2;2;NOR1420;I;39;39;Norsk for elever i vgo med kort botid i Norge, Vg3 studieforberedende utdanningsprogram, skriftlig;Hele landet;Vestfold;Alle skoler;3,5;26
2;3;NOR1420;I;39;974575086;Norsk for elever i vgo med kort botid i Norge, Vg3 studieforberedende utdanningsprogram, skriftlig;Hele landet;Vestfold;Færder videregående skole;*;*
2;3;NOR1420;I;39;974574993;Norsk for elever i vgo med kort botid i Norge, Vg3 studieforberedende utdanningsprogram, skriftlig;Hele landet;Vestfold;Greveskogen videregående skole;*;*
2;3;NOR1420;I;39;874575062;Norsk for elever i vgo med kort botid i Norge, Vg3 studieforberedende utdanningsprogram, skriftlig;Hele landet;Vestfold;Holmestrand videregående skole;*;*
2;3;NOR1420;I;39;923261354;Norsk for elever i vgo med kort botid i Norge, Vg3 studieforberedende utdanningsprogram, skriftlig;Hele landet;Vestfold;Horten videregående skole;*;*
2;3;NOR1420;I;39;974575000;Norsk for elever i vgo med kort botid i Norge, Vg3 studieforberedende utdanningsprogram, skriftlig;Hele landet;Vestfold;Nøtterøy videregående skole;*;*
2;3;NOR1420;I;39;974575116;Norsk for elever i vgo med kort botid i Norge, Vg3 studieforberedende utdanningsprogram, skriftlig;Hele landet;Vestfold;Sande videregående skole;*;*
2;3;NOR1420;I;39;974575019;Norsk for elever i vgo med kort botid i Norge, Vg3 studieforberedende utdanningsprogram, skriftlig;Hele landet;Vestfold;Sandefjord videregående skole;3;6
2;3;NOR1420;I;39;974575027;Norsk for elever i vgo med kort botid i Norge, Vg3 studieforberedende utdanningsprogram, skriftlig;Hele landet;Vestfold;Thor Heyerdahl videregående skole;*;*
2;2;NOR1420;I;46;46;Norsk for elever i vgo med kort botid i Norge, Vg3 studieforberedende utdanningsprogram, skriftlig;Hele landet;Vestland;Alle skoler;3,2;65
2;3;NOR1420;I;46;999546560;Norsk for elever i vgo med kort botid i Norge, Vg3 studieforberedende utdanningsprogram, skriftlig;Hele landet;Vestland;Amalie Skram videregående skole;*;*
2;3;NOR1420;I;46;974557444;Norsk for elever i vgo med kort botid i Norge, Vg3 studieforberedende utdanningsprogram, skriftlig;Hele landet;Vestland;Arna vidaregåande skule;3;6
2;3;NOR1420;I;46;974557533;Norsk for elever i vgo med kort botid i Norge, Vg3 studieforberedende utdanningsprogram, skriftlig;Hele landet;Vestland;Askøy videregående skole;*;*
2;3;NOR1420;I;46;874557102;Norsk for elever i vgo med kort botid i Norge, Vg3 studieforberedende utdanningsprogram, skriftlig;Hele landet;Vestland;Bergen katedralskole;3,1;24
2;3;NOR1420;I;46;974571137;Norsk for elever i vgo med kort botid i Norge, Vg3 studieforberedende utdanningsprogram, skriftlig;Hele landet;Vestland;Dale vidaregåande skule;*;*
2;3;NOR1420;I;46;974571161;Norsk for elever i vgo med kort botid i Norge, Vg3 studieforberedende utdanningsprogram, skriftlig;Hele landet;Vestland;Firda vidaregåande skule;*;*
2;3;NOR1420;I;46;974571145;Norsk for elever i vgo med kort botid i Norge, Vg3 studieforberedende utdanningsprogram, skriftlig;Hele landet;Vestland;Flora vidaregåande skule;*;*
2;3;NOR1420;I;46;974557584;Norsk for elever i vgo med kort botid i Norge, Vg3 studieforberedende utdanningsprogram, skriftlig;Hele landet;Vestland;Fyllingsdalen videregående skole;*;*
2;3;NOR1420;I;46;974571110;Norsk for elever i vgo med kort botid i Norge, Vg3 studieforberedende utdanningsprogram, skriftlig;Hele landet;Vestland;Førde vidaregåande skule;*;*
2;3;NOR1420;I;46;974557339;Norsk for elever i vgo med kort botid i Norge, Vg3 studieforberedende utdanningsprogram, skriftlig;Hele landet;Vestland;Knarvik vidaregåande skule;*;*
2;3;NOR1420;I;46;974557096;Norsk for elever i vgo med kort botid i Norge, Vg3 studieforberedende utdanningsprogram, skriftlig;Hele landet;Vestland;Langhaugen videregående skole;*;*
2;3;NOR1420;I;46;922148805;Norsk for elever i vgo med kort botid i Norge, Vg3 studieforberedende utdanningsprogram, skriftlig;Hele landet;Vestland;Norges Toppidrettsgymnas Bergen AS;*;*
2;3;NOR1420;I;46;974557290;Norsk for elever i vgo med kort botid i Norge, Vg3 studieforberedende utdanningsprogram, skriftlig;Hele landet;Vestland;Odda vidaregåande skule;*;*
2;3;NOR1420;I;46;989630008;Norsk for elever i vgo med kort botid i Norge, Vg3 studieforberedende utdanningsprogram, skriftlig;Hele landet;Vestland;Olsvikåsen videregående skole;*;*
2;3;NOR1420;I;46;916794304;Norsk for elever i vgo med kort botid i Norge, Vg3 studieforberedende utdanningsprogram, skriftlig;Hele landet;Vestland;St. Paul gymnas;*;*
2;3;NOR1420;I;46;974151537;Norsk for elever i vgo med kort botid i Norge, Vg3 studieforberedende utdanningsprogram, skriftlig;Hele landet;Vestland;Sygna Vgs;*;*
2;3;NOR1420;I;46;974557061;Norsk for elever i vgo med kort botid i Norge, Vg3 studieforberedende utdanningsprogram, skriftlig;Hele landet;Vestland;Tertnes vidaregåande skule;*;*
2;3;NOR1420;I;46;816031982;Norsk for elever i vgo med kort botid i Norge, Vg3 studieforberedende utdanningsprogram, skriftlig;Hele landet;Vestland;Voss gymnas;*;*
2;3;NOR1420;I;46;874571032;Norsk for elever i vgo med kort botid i Norge, Vg3 studieforberedende utdanningsprogram, skriftlig;Hele landet;Vestland;Årdal vidaregåande skule;*;*
2;3;NOR1420;I;46;974557487;Norsk for elever i vgo med kort botid i Norge, Vg3 studieforberedende utdanningsprogram, skriftlig;Hele landet;Vestland;Årstad videregående skole;*;*
2;2;NOR1420;I;31;31;Norsk for elever i vgo med kort botid i Norge, Vg3 studieforberedende utdanningsprogram, skriftlig;Hele landet;Østfold;Alle skoler;3,3;25
2;3;NOR1420;I;31;974544504;Norsk for elever i vgo med kort botid i Norge, Vg3 studieforberedende utdanningsprogram, skriftlig;Hele landet;Østfold;Askim videregående skole;*;*
2;3;NOR1420;I;31;974544466;Norsk for elever i vgo med kort botid i Norge, Vg3 studieforberedende utdanningsprogram, skriftlig;Hele landet;Østfold;Frederik Ii videregående skole;3,2;10
2;3;NOR1420;I;31;974544490;Norsk for elever i vgo med kort botid i Norge, Vg3 studieforberedende utdanningsprogram, skriftlig;Hele landet;Østfold;Greåker videregående skole;*;*
2;3;NOR1420;I;31;913279727;Norsk for elever i vgo med kort botid i Norge, Vg3 studieforberedende utdanningsprogram, skriftlig;Hele landet;Østfold;Hans Nielsen Hauge videregående skole;*;*
2;3;NOR1420;I;31;974544539;Norsk for elever i vgo med kort botid i Norge, Vg3 studieforberedende utdanningsprogram, skriftlig;Hele landet;Østfold;Kirkeparken videregående skole;*;*
2;3;NOR1420;I;31;974544547;Norsk for elever i vgo med kort botid i Norge, Vg3 studieforberedende utdanningsprogram, skriftlig;Hele landet;Østfold;Malakoff videregående skole;*;*
2;3;NOR1420;I;31;974544512;Norsk for elever i vgo med kort botid i Norge, Vg3 studieforberedende utdanningsprogram, skriftlig;Hele landet;Østfold;Mysen videregående skole;*;*
2;3;NOR1420;I;31;874544582;Norsk for elever i vgo med kort botid i Norge, Vg3 studieforberedende utdanningsprogram, skriftlig;Hele landet;Østfold;St. Olav videregående skole;*;*
2;0;NOR1422;Alle;0;Alle;Norsk for elever i vgo med kort botid i Norge, Vg3 påbygging til generell studiekompetanse, skriftlig;Hele landet;Alle fylker;Alle skoler;2,8;378
2;1;NOR1422;I;0;I;Norsk for elever i vgo med kort botid i Norge, Vg3 påbygging til generell studiekompetanse, skriftlig;Hele landet;Alle fylker;Alle skoler;2,8;378
2;2;NOR1422;I;42;42;Norsk for elever i vgo med kort botid i Norge, Vg3 påbygging til generell studiekompetanse, skriftlig;Hele landet;Agder;Alle skoler;3,4;11
2;3;NOR1422;I;42;922100101;Norsk for elever i vgo med kort botid i Norge, Vg3 påbygging til generell studiekompetanse, skriftlig;Hele landet;Agder;Blå Kors videregående skole Grimstad AS;*;*
2;3;NOR1422;I;42;974595117;Norsk for elever i vgo med kort botid i Norge, Vg3 påbygging til generell studiekompetanse, skriftlig;Hele landet;Agder;Kvadraturen videregående skole;*;*
2;3;NOR1422;I;42;974573857;Norsk for elever i vgo med kort botid i Norge, Vg3 påbygging til generell studiekompetanse, skriftlig;Hele landet;Agder;Lillesand videregående skole;*;*
2;3;NOR1422;I;42;974595125;Norsk for elever i vgo med kort botid i Norge, Vg3 påbygging til generell studiekompetanse, skriftlig;Hele landet;Agder;Mandal videregående skole;*;*
2;3;NOR1422;I;42;974573865;Norsk for elever i vgo med kort botid i Norge, Vg3 påbygging til generell studiekompetanse, skriftlig;Hele landet;Agder;Tvedestrand videregående skole;*;*
2;3;NOR1422;I;42;974595001;Norsk for elever i vgo med kort botid i Norge, Vg3 påbygging til generell studiekompetanse, skriftlig;Hele landet;Agder;Vågsbygd videregående skole;*;*
2;2;NOR1422;I;32;32;Norsk for elever i vgo med kort botid i Norge, Vg3 påbygging til generell studiekompetanse, skriftlig;Hele landet;Akershus;Alle skoler;2,9;30
2;3;NOR1422;I;32;974587637;Norsk for elever i vgo med kort botid i Norge, Vg3 påbygging til generell studiekompetanse, skriftlig;Hele landet;Akershus;Bjertnes videregående skole;*;*
2;3;NOR1422;I;32;974587831;Norsk for elever i vgo med kort botid i Norge, Vg3 påbygging til generell studiekompetanse, skriftlig;Hele landet;Akershus;Bleiker videregående skole;*;*
2;3;NOR1422;I;32;974587882;Norsk for elever i vgo med kort botid i Norge, Vg3 påbygging til generell studiekompetanse, skriftlig;Hele landet;Akershus;Drømtorp videregående skole;3,6;9
2;3;NOR1422;I;32;974587645;Norsk for elever i vgo med kort botid i Norge, Vg3 påbygging til generell studiekompetanse, skriftlig;Hele landet;Akershus;Jessheim videregående skole;*;*
2;3;NOR1422;I;32;974587610;Norsk for elever i vgo med kort botid i Norge, Vg3 påbygging til generell studiekompetanse, skriftlig;Hele landet;Akershus;Lørenskog videregående skole;*;*
2;3;NOR1422;I;32;991815325;Norsk for elever i vgo med kort botid i Norge, Vg3 påbygging til generell studiekompetanse, skriftlig;Hele landet;Akershus;Mailand videregående skole;*;*
2;3;NOR1422;I;32;974587653;Norsk for elever i vgo med kort botid i Norge, Vg3 påbygging til generell studiekompetanse, skriftlig;Hele landet;Akershus;Nes videregående skole;*;*
2;3;NOR1422;I;32;974587769;Norsk for elever i vgo med kort botid i Norge, Vg3 påbygging til generell studiekompetanse, skriftlig;Hele landet;Akershus;Rælingen videregående skole;*;*
2;3;NOR1422;I;32;974587629;Norsk for elever i vgo med kort botid i Norge, Vg3 påbygging til generell studiekompetanse, skriftlig;Hele landet;Akershus;Skedsmo videregående skole;*;*
2;3;NOR1422;I;32;974587815;Norsk for elever i vgo med kort botid i Norge, Vg3 påbygging til generell studiekompetanse, skriftlig;Hele landet;Akershus;Vestby videregående skole;*;*
2;2;NOR1422;I;33;33;Norsk for elever i vgo med kort botid i Norge, Vg3 påbygging til generell studiekompetanse, skriftlig;Hele landet;Buskerud;Alle skoler;3,1;9
2;3;NOR1422;I;33;974605996;Norsk for elever i vgo med kort botid i Norge, Vg3 påbygging til generell studiekompetanse, skriftlig;Hele landet;Buskerud;Kongsberg videregående skole;*;*
2;3;NOR1422;I;33;974606135;Norsk for elever i vgo med kort botid i Norge, Vg3 påbygging til generell studiekompetanse, skriftlig;Hele landet;Buskerud;Lier videregående skole;*;*
2;3;NOR1422;I;33;974606232;Norsk for elever i vgo med kort botid i Norge, Vg3 påbygging til generell studiekompetanse, skriftlig;Hele landet;Buskerud;Numedal videregående skole;*;*
2;3;NOR1422;I;33;973255754;Norsk for elever i vgo med kort botid i Norge, Vg3 påbygging til generell studiekompetanse, skriftlig;Hele landet;Buskerud;Tyrifjord videregående skole;*;*
2;3;NOR1422;I;33;974605937;Norsk for elever i vgo med kort botid i Norge, Vg3 påbygging til generell studiekompetanse, skriftlig;Hele landet;Buskerud;Åssiden videregående skole;*;*
2;2;NOR1422;I;56;56;Norsk for elever i vgo med kort botid i Norge, Vg3 påbygging til generell studiekompetanse, skriftlig;Hele landet;Finnmark - Finnmárku - Finmarkku;Alle skoler;*;*
2;3;NOR1422;I;56;974622726;Norsk for elever i vgo med kort botid i Norge, Vg3 påbygging til generell studiekompetanse, skriftlig;Hele landet;Finnmark - Finnmárku - Finmarkku;Kirkenes videregående skole;*;*
2;3;NOR1422;I;56;974622777;Norsk for elever i vgo med kort botid i Norge, Vg3 påbygging til generell studiekompetanse, skriftlig;Hele landet;Finnmark - Finnmárku - Finmarkku;Vardø videregående skole;*;*
2;2;NOR1422;I;34;34;Norsk for elever i vgo med kort botid i Norge, Vg3 påbygging til generell studiekompetanse, skriftlig;Hele landet;Innlandet;Alle skoler;2,6;12
2;3;NOR1422;I;34;974571900;Norsk for elever i vgo med kort botid i Norge, Vg3 påbygging til generell studiekompetanse, skriftlig;Hele landet;Innlandet;Elverum videregående skole;*;*
2;3;NOR1422;I;34;998513448;Norsk for elever i vgo med kort botid i Norge, Vg3 påbygging til generell studiekompetanse, skriftlig;Hele landet;Innlandet;Hadeland videregående skole;*;*
2;3;NOR1422;I;34;974597241;Norsk for elever i vgo med kort botid i Norge, Vg3 påbygging til generell studiekompetanse, skriftlig;Hele landet;Innlandet;Lillehammer videregående skole avd Nord;*;*
2;3;NOR1422;I;34;974597330;Norsk for elever i vgo med kort botid i Norge, Vg3 påbygging til generell studiekompetanse, skriftlig;Hele landet;Innlandet;Raufoss videregående skole;*;*
2;3;NOR1422;I;34;974571897;Norsk for elever i vgo med kort botid i Norge, Vg3 påbygging til generell studiekompetanse, skriftlig;Hele landet;Innlandet;Ringsaker videregående skole;*;*
2;3;NOR1422;I;34;974597381;Norsk for elever i vgo med kort botid i Norge, Vg3 påbygging til generell studiekompetanse, skriftlig;Hele landet;Innlandet;Valdres vidaregåande skule;*;*
2;2;NOR1422;I;15;15;Norsk for elever i vgo med kort botid i Norge, Vg3 påbygging til generell studiekompetanse, skriftlig;Hele landet;Møre og Romsdal;Alle skoler;2,6;13
2;3;NOR1422;I;15;974576422;Norsk for elever i vgo med kort botid i Norge, Vg3 påbygging til generell studiekompetanse, skriftlig;Hele landet;Møre og Romsdal;Molde videregående skole;*;*
2;3;NOR1422;I;15;974577267;Norsk for elever i vgo med kort botid i Norge, Vg3 påbygging til generell studiekompetanse, skriftlig;Hele landet;Møre og Romsdal;Spjelkavik videregående skole;*;*
2;3;NOR1422;I;15;974576570;Norsk for elever i vgo med kort botid i Norge, Vg3 påbygging til generell studiekompetanse, skriftlig;Hele landet;Møre og Romsdal;Sunndal vidaregåande skole;*;*
2;3;NOR1422;I;15;974576651;Norsk for elever i vgo med kort botid i Norge, Vg3 påbygging til generell studiekompetanse, skriftlig;Hele landet;Møre og Romsdal;Surnadal vidaregåande skule;*;*
2;3;NOR1422;I;15;874576492;Norsk for elever i vgo med kort botid i Norge, Vg3 påbygging til generell studiekompetanse, skriftlig;Hele landet;Møre og Romsdal;Volda vidaregåande skule;*;*
2;3;NOR1422;I;15;974576503;Norsk for elever i vgo med kort botid i Norge, Vg3 påbygging til generell studiekompetanse, skriftlig;Hele landet;Møre og Romsdal;Ålesund videregående skole;*;*
2;2;NOR1422;I;18;18;Norsk for elever i vgo med kort botid i Norge, Vg3 påbygging til generell studiekompetanse, skriftlig;Hele landet;Nordland - Nordlánnda;Alle skoler;2,9;8
2;3;NOR1422;I;18;974621223;Norsk for elever i vgo med kort botid i Norge, Vg3 påbygging til generell studiekompetanse, skriftlig;Hele landet;Nordland - Nordlánnda;Bodø videregående skole;*;*
2;3;NOR1422;I;18;974621401;Norsk for elever i vgo med kort botid i Norge, Vg3 påbygging til generell studiekompetanse, skriftlig;Hele landet;Nordland - Nordlánnda;Brønnøysund videregående skole;*;*
2;3;NOR1422;I;18;973494694;Norsk for elever i vgo med kort botid i Norge, Vg3 påbygging til generell studiekompetanse, skriftlig;Hele landet;Nordland - Nordlánnda;Kristen videregående skole Nordland Sti;*;*
2;3;NOR1422;I;18;974621053;Norsk for elever i vgo med kort botid i Norge, Vg3 påbygging til generell studiekompetanse, skriftlig;Hele landet;Nordland - Nordlánnda;Sortland videregående skole avd Sortland;*;*
2;2;NOR1422;I;3;3;Norsk for elever i vgo med kort botid i Norge, Vg3 påbygging til generell studiekompetanse, skriftlig;Hele landet;Oslo;Alle skoler;3;110
2;3;NOR1422;I;3;974590999;Norsk for elever i vgo med kort botid i Norge, Vg3 påbygging til generell studiekompetanse, skriftlig;Hele landet;Oslo;Elvebakken videregående skole;2,9;40
2;3;NOR1422;I;3;974591022;Norsk for elever i vgo med kort botid i Norge, Vg3 påbygging til generell studiekompetanse, skriftlig;Hele landet;Oslo;Etterstad videregående skole;3,4;11
2;3;NOR1422;I;3;974590956;Norsk for elever i vgo med kort botid i Norge, Vg3 påbygging til generell studiekompetanse, skriftlig;Hele landet;Oslo;Hellerud videregående skole;3,1;28
2;3;NOR1422;I;3;912001008;Norsk for elever i vgo med kort botid i Norge, Vg3 påbygging til generell studiekompetanse, skriftlig;Hele landet;Oslo;Hersleb videregående skole;*;*
2;3;NOR1422;I;3;899178092;Norsk for elever i vgo med kort botid i Norge, Vg3 påbygging til generell studiekompetanse, skriftlig;Hele landet;Oslo;Kuben videregående skole;3;21
2;3;NOR1422;I;3;974591065;Norsk for elever i vgo med kort botid i Norge, Vg3 påbygging til generell studiekompetanse, skriftlig;Hele landet;Oslo;Stovner videregående skole;*;*
2;3;NOR1422;I;3;974590972;Norsk for elever i vgo med kort botid i Norge, Vg3 påbygging til generell studiekompetanse, skriftlig;Hele landet;Oslo;Ulsrud videregående skole;*;*
2;2;NOR1422;I;11;11;Norsk for elever i vgo med kort botid i Norge, Vg3 påbygging til generell studiekompetanse, skriftlig;Hele landet;Rogaland;Alle skoler;2,7;19
2;3;NOR1422;I;11;913385632;Norsk for elever i vgo med kort botid i Norge, Vg3 påbygging til generell studiekompetanse, skriftlig;Hele landet;Rogaland;Bryne vidaregåande skule;*;*
2;3;NOR1422;I;11;974624478;Norsk for elever i vgo med kort botid i Norge, Vg3 påbygging til generell studiekompetanse, skriftlig;Hele landet;Rogaland;Dalane videregående skole;*;*
2;3;NOR1422;I;11;974624516;Norsk for elever i vgo med kort botid i Norge, Vg3 påbygging til generell studiekompetanse, skriftlig;Hele landet;Rogaland;Gand videregående skole;*;*
2;3;NOR1422;I;11;990183449;Norsk for elever i vgo med kort botid i Norge, Vg3 påbygging til generell studiekompetanse, skriftlig;Hele landet;Rogaland;Jåttå videregående skole;*;*
2;3;NOR1422;I;11;974624591;Norsk for elever i vgo med kort botid i Norge, Vg3 påbygging til generell studiekompetanse, skriftlig;Hele landet;Rogaland;Karmsund videregående skole;*;*
2;3;NOR1422;I;11;974624664;Norsk for elever i vgo med kort botid i Norge, Vg3 påbygging til generell studiekompetanse, skriftlig;Hele landet;Rogaland;Randaberg videregående skole;*;*
2;3;NOR1422;I;11;974624435;Norsk for elever i vgo med kort botid i Norge, Vg3 påbygging til generell studiekompetanse, skriftlig;Hele landet;Rogaland;Vardafjell videregående skole;*;*
2;2;NOR1422;I;40;40;Norsk for elever i vgo med kort botid i Norge, Vg3 påbygging til generell studiekompetanse, skriftlig;Hele landet;Telemark;Alle skoler;2,4;7
2;3;NOR1422;I;40;974568071;Norsk for elever i vgo med kort botid i Norge, Vg3 påbygging til generell studiekompetanse, skriftlig;Hele landet;Telemark;Hjalmar Johansen videregående skole;*;*
2;3;NOR1422;I;40;974568012;Norsk for elever i vgo med kort botid i Norge, Vg3 påbygging til generell studiekompetanse, skriftlig;Hele landet;Telemark;Notodden videregående skole;*;*
2;3;NOR1422;I;40;874568082;Norsk for elever i vgo med kort botid i Norge, Vg3 påbygging til generell studiekompetanse, skriftlig;Hele landet;Telemark;Rjukan videregående skole;*;*
2;2;NOR1422;I;55;55;Norsk for elever i vgo med kort botid i Norge, Vg3 påbygging til generell studiekompetanse, skriftlig;Hele landet;Troms - Romsa - Tromssa ;Alle skoler;*;*
2;3;NOR1422;I;55;974546906;Norsk for elever i vgo med kort botid i Norge, Vg3 påbygging til generell studiekompetanse, skriftlig;Hele landet;Troms - Romsa - Tromssa ;Kvaløya videregående skole;*;*
2;3;NOR1422;I;55;974117703;Norsk for elever i vgo med kort botid i Norge, Vg3 påbygging til generell studiekompetanse, skriftlig;Hele landet;Troms - Romsa - Tromssa ;Nordborg Vgs;*;*
2;3;NOR1422;I;55;974546760;Norsk for elever i vgo med kort botid i Norge, Vg3 påbygging til generell studiekompetanse, skriftlig;Hele landet;Troms - Romsa - Tromssa ;Stangnes Rå videregående skole avd Stangnes;*;*
2;2;NOR1422;I;50;50;Norsk for elever i vgo med kort botid i Norge, Vg3 påbygging til generell studiekompetanse, skriftlig;Hele landet;Trøndelag - Trööndelage;Alle skoler;2,5;78
2;3;NOR1422;I;50;991025057;Norsk for elever i vgo med kort botid i Norge, Vg3 påbygging til generell studiekompetanse, skriftlig;Hele landet;Trøndelag - Trööndelage;Aglo videregående skole;*;*
2;3;NOR1422;I;50;971816279;Norsk for elever i vgo med kort botid i Norge, Vg3 påbygging til generell studiekompetanse, skriftlig;Hele landet;Trøndelag - Trööndelage;Bybroen videregående skole AS;2,8;18
2;3;NOR1422;I;50;926694022;Norsk for elever i vgo med kort botid i Norge, Vg3 påbygging til generell studiekompetanse, skriftlig;Hele landet;Trøndelag - Trööndelage;Cissi Klein videregående skole;2,4;31
2;3;NOR1422;I;50;974557983;Norsk for elever i vgo med kort botid i Norge, Vg3 påbygging til generell studiekompetanse, skriftlig;Hele landet;Trøndelag - Trööndelage;Gauldal videregående skole;*;*
2;3;NOR1422;I;50;974558017;Norsk for elever i vgo med kort botid i Norge, Vg3 påbygging til generell studiekompetanse, skriftlig;Hele landet;Trøndelag - Trööndelage;Guri Kunna videregående skole avd Hitra;*;*
2;3;NOR1422;I;50;974149699;Norsk for elever i vgo med kort botid i Norge, Vg3 påbygging til generell studiekompetanse, skriftlig;Hele landet;Trøndelag - Trööndelage;Kristen videregående skole Trøndelag;*;*
2;3;NOR1422;I;50;973638416;Norsk for elever i vgo med kort botid i Norge, Vg3 påbygging til generell studiekompetanse, skriftlig;Hele landet;Trøndelag - Trööndelage;Lukas videregående skole AS;*;*
2;3;NOR1422;I;50;874558362;Norsk for elever i vgo med kort botid i Norge, Vg3 påbygging til generell studiekompetanse, skriftlig;Hele landet;Trøndelag - Trööndelage;Melhus videregående skole;*;*
2;3;NOR1422;I;50;974560720;Norsk for elever i vgo med kort botid i Norge, Vg3 påbygging til generell studiekompetanse, skriftlig;Hele landet;Trøndelag - Trööndelage;Ole Vig videregående skole;*;*
2;3;NOR1422;I;50;974558041;Norsk for elever i vgo med kort botid i Norge, Vg3 påbygging til generell studiekompetanse, skriftlig;Hele landet;Trøndelag - Trööndelage;Oppdal videregående skole;*;*
2;3;NOR1422;I;50;974557967;Norsk for elever i vgo med kort botid i Norge, Vg3 påbygging til generell studiekompetanse, skriftlig;Hele landet;Trøndelag - Trööndelage;Orkdal vidaregåande skole;*;*
2;3;NOR1422;I;50;974558076;Norsk for elever i vgo med kort botid i Norge, Vg3 påbygging til generell studiekompetanse, skriftlig;Hele landet;Trøndelag - Trööndelage;Skjetlein videregående skole;*;*
2;3;NOR1422;I;50;974560739;Norsk for elever i vgo med kort botid i Norge, Vg3 påbygging til generell studiekompetanse, skriftlig;Hele landet;Trøndelag - Trööndelage;Ytre Namdal videregående skole;*;*
2;2;NOR1422;I;39;39;Norsk for elever i vgo med kort botid i Norge, Vg3 påbygging til generell studiekompetanse, skriftlig;Hele landet;Vestfold;Alle skoler;3,8;12
2;3;NOR1422;I;39;974575086;Norsk for elever i vgo med kort botid i Norge, Vg3 påbygging til generell studiekompetanse, skriftlig;Hele landet;Vestfold;Færder videregående skole;*;*
2;3;NOR1422;I;39;923261354;Norsk for elever i vgo med kort botid i Norge, Vg3 påbygging til generell studiekompetanse, skriftlig;Hele landet;Vestfold;Horten videregående skole;*;*
2;3;NOR1422;I;39;974575027;Norsk for elever i vgo med kort botid i Norge, Vg3 påbygging til generell studiekompetanse, skriftlig;Hele landet;Vestfold;Thor Heyerdahl videregående skole;*;*
2;2;NOR1422;I;46;46;Norsk for elever i vgo med kort botid i Norge, Vg3 påbygging til generell studiekompetanse, skriftlig;Hele landet;Vestland;Alle skoler;2,5;35
2;3;NOR1422;I;46;999546560;Norsk for elever i vgo med kort botid i Norge, Vg3 påbygging til generell studiekompetanse, skriftlig;Hele landet;Vestland;Amalie Skram videregående skole;*;*
2;3;NOR1422;I;46;974557533;Norsk for elever i vgo med kort botid i Norge, Vg3 påbygging til generell studiekompetanse, skriftlig;Hele landet;Vestland;Askøy videregående skole;*;*
2;3;NOR1422;I;46;874571172;Norsk for elever i vgo med kort botid i Norge, Vg3 påbygging til generell studiekompetanse, skriftlig;Hele landet;Vestland;Eid vidaregåande skule;*;*
2;3;NOR1422;I;46;974571145;Norsk for elever i vgo med kort botid i Norge, Vg3 påbygging til generell studiekompetanse, skriftlig;Hele landet;Vestland;Flora vidaregåande skule;*;*
2;3;NOR1422;I;46;974557584;Norsk for elever i vgo med kort botid i Norge, Vg3 påbygging til generell studiekompetanse, skriftlig;Hele landet;Vestland;Fyllingsdalen videregående skole;*;*
2;3;NOR1422;I;46;974557142;Norsk for elever i vgo med kort botid i Norge, Vg3 påbygging til generell studiekompetanse, skriftlig;Hele landet;Vestland;Sandsli videregående skole;*;*
2;3;NOR1422;I;46;974557320;Norsk for elever i vgo med kort botid i Norge, Vg3 påbygging til generell studiekompetanse, skriftlig;Hele landet;Vestland;Slåtthaug videregående skole;2,3;9
2;3;NOR1422;I;46;974557568;Norsk for elever i vgo med kort botid i Norge, Vg3 påbygging til generell studiekompetanse, skriftlig;Hele landet;Vestland;Sotra vidaregåande skule;*;*
2;3;NOR1422;I;46;974151537;Norsk for elever i vgo med kort botid i Norge, Vg3 påbygging til generell studiekompetanse, skriftlig;Hele landet;Vestland;Sygna Vgs;*;*
2;3;NOR1422;I;46;816031982;Norsk for elever i vgo med kort botid i Norge, Vg3 påbygging til generell studiekompetanse, skriftlig;Hele landet;Vestland;Voss gymnas;*;*
2;3;NOR1422;I;46;974557487;Norsk for elever i vgo med kort botid i Norge, Vg3 påbygging til generell studiekompetanse, skriftlig;Hele landet;Vestland;Årstad videregående skole;*;*
2;2;NOR1422;I;31;31;Norsk for elever i vgo med kort botid i Norge, Vg3 påbygging til generell studiekompetanse, skriftlig;Hele landet;Østfold;Alle skoler;2,4;22
2;3;NOR1422;I;31;874544442;Norsk for elever i vgo med kort botid i Norge, Vg3 påbygging til generell studiekompetanse, skriftlig;Hele landet;Østfold;Borg videregående skole;*;*
2;3;NOR1422;I;31;974544466;Norsk for elever i vgo med kort botid i Norge, Vg3 påbygging til generell studiekompetanse, skriftlig;Hele landet;Østfold;Frederik Ii videregående skole;*;*
2;3;NOR1422;I;31;974544482;Norsk for elever i vgo med kort botid i Norge, Vg3 påbygging til generell studiekompetanse, skriftlig;Hele landet;Østfold;Glemmen videregående skole;*;*
2;3;NOR1422;I;31;974544490;Norsk for elever i vgo med kort botid i Norge, Vg3 påbygging til generell studiekompetanse, skriftlig;Hele landet;Østfold;Greåker videregående skole;*;*
2;3;NOR1422;I;31;974544563;Norsk for elever i vgo med kort botid i Norge, Vg3 påbygging til generell studiekompetanse, skriftlig;Hele landet;Østfold;Halden videregående skole;*;*
2;3;NOR1422;I;31;974544539;Norsk for elever i vgo med kort botid i Norge, Vg3 påbygging til generell studiekompetanse, skriftlig;Hele landet;Østfold;Kirkeparken videregående skole;*;*
2;3;NOR1422;I;31;974544547;Norsk for elever i vgo med kort botid i Norge, Vg3 påbygging til generell studiekompetanse, skriftlig;Hele landet;Østfold;Malakoff videregående skole;*;*
2;3;NOR1422;I;31;974544512;Norsk for elever i vgo med kort botid i Norge, Vg3 påbygging til generell studiekompetanse, skriftlig;Hele landet;Østfold;Mysen videregående skole;*;*
2;3;NOR1422;I;31;874544582;Norsk for elever i vgo med kort botid i Norge, Vg3 påbygging til generell studiekompetanse, skriftlig;Hele landet;Østfold;St. Olav videregående skole;*;*
2;0;SAS2008;Alle;0;Alle;Samisk som andrespråk, samisk 2, nordsamisk, Vg3 studieforberedende utdanningsprogram, skriftlig;Hele landet;Alle fylker;Alle skoler;4,1;14
2;1;SAS2008;I;0;I;Samisk som andrespråk, samisk 2, nordsamisk, Vg3 studieforberedende utdanningsprogram, skriftlig;Hele landet;Alle fylker;Alle skoler;4,1;14
2;2;SAS2008;I;56;56;Samisk som andrespråk, samisk 2, nordsamisk, Vg3 studieforberedende utdanningsprogram, skriftlig;Hele landet;Finnmark - Finnmárku - Finmarkku;Alle skoler;*;*
2;3;SAS2008;I;56;974622750;Samisk som andrespråk, samisk 2, nordsamisk, Vg3 studieforberedende utdanningsprogram, skriftlig;Hele landet;Finnmark - Finnmárku - Finmarkku;Alta videregående skole;*;*
2;3;SAS2008;I;56;974760061;Samisk som andrespråk, samisk 2, nordsamisk, Vg3 studieforberedende utdanningsprogram, skriftlig;Hele landet;Finnmark - Finnmárku - Finmarkku;Samisk videregående skole Karasjok;*;*
2;3;SAS2008;I;56;974622718;Samisk som andrespråk, samisk 2, nordsamisk, Vg3 studieforberedende utdanningsprogram, skriftlig;Hele landet;Finnmark - Finnmárku - Finmarkku;Vadsø videregående skole;*;*
2;2;SAS2008;I;55;55;Samisk som andrespråk, samisk 2, nordsamisk, Vg3 studieforberedende utdanningsprogram, skriftlig;Hele landet;Troms - Romsa - Tromssa ;Alle skoler;*;*
2;3;SAS2008;I;55;974546744;Samisk som andrespråk, samisk 2, nordsamisk, Vg3 studieforberedende utdanningsprogram, skriftlig;Hele landet;Troms - Romsa - Tromssa ;Kongsbakken videregående skole;*;*
2;3;SAS2008;I;55;974546957;Samisk som andrespråk, samisk 2, nordsamisk, Vg3 studieforberedende utdanningsprogram, skriftlig;Hele landet;Troms - Romsa - Tromssa ;Nord-Troms videregående skole avd Nordreisa;*;*
2;0;SAS2026;Alle;0;Alle;Samisk som andrespråk, samisk 2, lulesamisk, Vg3 studieforberedende utdanningsprogram, skriftlig;Hele landet;Alle fylker;Alle skoler;*;*
2;1;SAS2026;I;0;I;Samisk som andrespråk, samisk 2, lulesamisk, Vg3 studieforberedende utdanningsprogram, skriftlig;Hele landet;Alle fylker;Alle skoler;*;*
2;2;SAS2026;I;18;18;Samisk som andrespråk, samisk 2, lulesamisk, Vg3 studieforberedende utdanningsprogram, skriftlig;Hele landet;Nordland - Nordlánnda;Alle skoler;*;*
2;3;SAS2026;I;18;974621282;Samisk som andrespråk, samisk 2, lulesamisk, Vg3 studieforberedende utdanningsprogram, skriftlig;Hele landet;Nordland - Nordlánnda;Knut Hamsun videregående skole Joarkkaskåvllå;*;*
2;0;SAS3041;Alle;0;Alle;Samisk som andrespråk, samisk 3, nordsamisk, Vg3 studieforberedende utdanningsprogram;Hele landet;Alle fylker;Alle skoler;*;*
2;1;SAS3041;I;0;I;Samisk som andrespråk, samisk 3, nordsamisk, Vg3 studieforberedende utdanningsprogram;Hele landet;Alle fylker;Alle skoler;*;*
2;2;SAS3041;I;3;3;Samisk som andrespråk, samisk 3, nordsamisk, Vg3 studieforberedende utdanningsprogram;Hele landet;Oslo;Alle skoler;*;*
2;3;SAS3041;I;3;912001709;Samisk som andrespråk, samisk 3, nordsamisk, Vg3 studieforberedende utdanningsprogram;Hele landet;Oslo;Edvard Munch videregående skole;*;*
2;2;SAS3041;I;55;55;Samisk som andrespråk, samisk 3, nordsamisk, Vg3 studieforberedende utdanningsprogram;Hele landet;Troms - Romsa - Tromssa ;Alle skoler;*;*
2;3;SAS3041;I;55;974546957;Samisk som andrespråk, samisk 3, nordsamisk, Vg3 studieforberedende utdanningsprogram;Hele landet;Troms - Romsa - Tromssa ;Nord-Troms videregående skole avd Nordreisa;*;*
2;3;SAS3041;I;55;974546868;Samisk som andrespråk, samisk 3, nordsamisk, Vg3 studieforberedende utdanningsprogram;Hele landet;Troms - Romsa - Tromssa ;Tromsdalen videregående skole;*;*
2;0;SAS3043;Alle;0;Alle;Samisk som andrespråk, samisk 3, sørsamisk, Vg3 studieforberedende utdanningsprogram;Hele landet;Alle fylker;Alle skoler;*;*
2;1;SAS3043;I;0;I;Samisk som andrespråk, samisk 3, sørsamisk, Vg3 studieforberedende utdanningsprogram;Hele landet;Alle fylker;Alle skoler;*;*
2;2;SAS3043;I;50;50;Samisk som andrespråk, samisk 3, sørsamisk, Vg3 studieforberedende utdanningsprogram;Hele landet;Trøndelag - Trööndelage;Alle skoler;*;*
2;3;SAS3043;I;50;974560771;Samisk som andrespråk, samisk 3, sørsamisk, Vg3 studieforberedende utdanningsprogram;Hele landet;Trøndelag - Trööndelage;Grong videregående skole;*;*
2;0;SAS3047;Alle;0;Alle;Samisk som andrespråk, samisk 3, nordsamisk, Vg3 påbygging til generell studiekompetanse;Hele landet;Alle fylker;Alle skoler;*;*
2;1;SAS3047;I;0;I;Samisk som andrespråk, samisk 3, nordsamisk, Vg3 påbygging til generell studiekompetanse;Hele landet;Alle fylker;Alle skoler;*;*
2;2;SAS3047;I;56;56;Samisk som andrespråk, samisk 3, nordsamisk, Vg3 påbygging til generell studiekompetanse;Hele landet;Finnmark - Finnmárku - Finmarkku;Alle skoler;*;*
2;3;SAS3047;I;56;974760061;Samisk som andrespråk, samisk 3, nordsamisk, Vg3 påbygging til generell studiekompetanse;Hele landet;Finnmark - Finnmárku - Finmarkku;Samisk videregående skole Karasjok;*;*
2;0;SAS4035;Alle;0;Alle;Samisk som andrespråk, samisk 4, nordsamisk, Vg3 studieforberedende utdanningsprogram;Hele landet;Alle fylker;Alle skoler;4,8;16
2;1;SAS4035;I;0;I;Samisk som andrespråk, samisk 4, nordsamisk, Vg3 studieforberedende utdanningsprogram;Hele landet;Alle fylker;Alle skoler;4,8;16
2;2;SAS4035;I;56;56;Samisk som andrespråk, samisk 4, nordsamisk, Vg3 studieforberedende utdanningsprogram;Hele landet;Finnmark - Finnmárku - Finmarkku;Alle skoler;*;*
2;3;SAS4035;I;56;974622750;Samisk som andrespråk, samisk 4, nordsamisk, Vg3 studieforberedende utdanningsprogram;Hele landet;Finnmark - Finnmárku - Finmarkku;Alta videregående skole;4,4;7
2;3;SAS4035;I;56;974760061;Samisk som andrespråk, samisk 4, nordsamisk, Vg3 studieforberedende utdanningsprogram;Hele landet;Finnmark - Finnmárku - Finmarkku;Samisk videregående skole Karasjok;*;*
2;2;SAS4035;I;55;55;Samisk som andrespråk, samisk 4, nordsamisk, Vg3 studieforberedende utdanningsprogram;Hele landet;Troms - Romsa - Tromssa ;Alle skoler;4,9;7
2;3;SAS4035;I;55;974546671;Samisk som andrespråk, samisk 4, nordsamisk, Vg3 studieforberedende utdanningsprogram;Hele landet;Troms - Romsa - Tromssa ;Heggen videregående skole;*;*
2;3;SAS4035;I;55;974546744;Samisk som andrespråk, samisk 4, nordsamisk, Vg3 studieforberedende utdanningsprogram;Hele landet;Troms - Romsa - Tromssa ;Kongsbakken videregående skole;*;*
2;3;SAS4035;I;55;974546957;Samisk som andrespråk, samisk 4, nordsamisk, Vg3 studieforberedende utdanningsprogram;Hele landet;Troms - Romsa - Tromssa ;Nord-Troms videregående skole avd Nordreisa;*;*
2;2;SAS4035;I;46;46;Samisk som andrespråk, samisk 4, nordsamisk, Vg3 studieforberedende utdanningsprogram;Hele landet;Vestland;Alle skoler;*;*
2;3;SAS4035;I;46;974557339;Samisk som andrespråk, samisk 4, nordsamisk, Vg3 studieforberedende utdanningsprogram;Hele landet;Vestland;Knarvik vidaregåande skule;*;*
2;0;SAS4039;Alle;0;Alle;Samisk som andrespråk, samisk 4, nordsamisk, Vg3 påbygging til generell studiekompetanse;Hele landet;Alle fylker;Alle skoler;*;*
2;1;SAS4039;I;0;I;Samisk som andrespråk, samisk 4, nordsamisk, Vg3 påbygging til generell studiekompetanse;Hele landet;Alle fylker;Alle skoler;*;*
2;2;SAS4039;I;56;56;Samisk som andrespråk, samisk 4, nordsamisk, Vg3 påbygging til generell studiekompetanse;Hele landet;Finnmark - Finnmárku - Finmarkku;Alle skoler;*;*
2;3;SAS4039;I;56;974760061;Samisk som andrespråk, samisk 4, nordsamisk, Vg3 påbygging til generell studiekompetanse;Hele landet;Finnmark - Finnmárku - Finmarkku;Samisk videregående skole Karasjok;*;*
2;3;SAS4039;I;56;974759896;Samisk som andrespråk, samisk 4, nordsamisk, Vg3 påbygging til generell studiekompetanse;Hele landet;Finnmark - Finnmárku - Finmarkku;Samisk videregående skole og reindriftsskole;*;*
2;0;SFS1026;Alle;0;Alle;Samisk som førstespråk, samisk 1, nordsamisk, vg2 yrkesfaglige utdanningsprogram;Hele landet;Alle fylker;Alle skoler;3,7;6
2;1;SFS1026;I;0;I;Samisk som førstespråk, samisk 1, nordsamisk, vg2 yrkesfaglige utdanningsprogram;Hele landet;Alle fylker;Alle skoler;3,7;6
2;2;SFS1026;I;56;56;Samisk som førstespråk, samisk 1, nordsamisk, vg2 yrkesfaglige utdanningsprogram;Hele landet;Finnmark - Finnmárku - Finmarkku;Alle skoler;3,7;6
2;3;SFS1026;I;56;974759896;Samisk som førstespråk, samisk 1, nordsamisk, vg2 yrkesfaglige utdanningsprogram;Hele landet;Finnmark - Finnmárku - Finmarkku;Samisk videregående skole og reindriftsskole;3,7;6
2;0;SFS1032;Alle;0;Alle;Samisk som førstespråk, samisk 1, nordsamisk, Vg3 studieforberedende utdanningsprogram, skriftlig;Hele landet;Alle fylker;Alle skoler;3,6;27
2;1;SFS1032;I;0;I;Samisk som førstespråk, samisk 1, nordsamisk, Vg3 studieforberedende utdanningsprogram, skriftlig;Hele landet;Alle fylker;Alle skoler;3,6;27
2;2;SFS1032;I;56;56;Samisk som førstespråk, samisk 1, nordsamisk, Vg3 studieforberedende utdanningsprogram, skriftlig;Hele landet;Finnmark - Finnmárku - Finmarkku;Alle skoler;*;*
2;3;SFS1032;I;56;974622750;Samisk som førstespråk, samisk 1, nordsamisk, Vg3 studieforberedende utdanningsprogram, skriftlig;Hele landet;Finnmark - Finnmárku - Finmarkku;Alta videregående skole;*;*
2;3;SFS1032;I;56;974760061;Samisk som førstespråk, samisk 1, nordsamisk, Vg3 studieforberedende utdanningsprogram, skriftlig;Hele landet;Finnmark - Finnmárku - Finmarkku;Samisk videregående skole Karasjok;3,4;10
2;3;SFS1032;I;56;974759896;Samisk som førstespråk, samisk 1, nordsamisk, Vg3 studieforberedende utdanningsprogram, skriftlig;Hele landet;Finnmark - Finnmárku - Finmarkku;Samisk videregående skole og reindriftsskole;3,6;8
2;3;SFS1032;I;56;974622718;Samisk som førstespråk, samisk 1, nordsamisk, Vg3 studieforberedende utdanningsprogram, skriftlig;Hele landet;Finnmark - Finnmárku - Finmarkku;Vadsø videregående skole;*;*
2;2;SFS1032;I;34;34;Samisk som førstespråk, samisk 1, nordsamisk, Vg3 studieforberedende utdanningsprogram, skriftlig;Hele landet;Innlandet;Alle skoler;*;*
2;3;SFS1032;I;34;913391470;Samisk som førstespråk, samisk 1, nordsamisk, Vg3 studieforberedende utdanningsprogram, skriftlig;Hele landet;Innlandet;Wang Hamar AS;*;*
2;2;SFS1032;I;55;55;Samisk som førstespråk, samisk 1, nordsamisk, Vg3 studieforberedende utdanningsprogram, skriftlig;Hele landet;Troms - Romsa - Tromssa ;Alle skoler;*;*
2;3;SFS1032;I;55;974546744;Samisk som førstespråk, samisk 1, nordsamisk, Vg3 studieforberedende utdanningsprogram, skriftlig;Hele landet;Troms - Romsa - Tromssa ;Kongsbakken videregående skole;*;*
2;3;SFS1032;I;55;974546957;Samisk som førstespråk, samisk 1, nordsamisk, Vg3 studieforberedende utdanningsprogram, skriftlig;Hele landet;Troms - Romsa - Tromssa ;Nord-Troms videregående skole avd Nordreisa;*;*
2;3;SFS1032;I;55;974546868;Samisk som førstespråk, samisk 1, nordsamisk, Vg3 studieforberedende utdanningsprogram, skriftlig;Hele landet;Troms - Romsa - Tromssa ;Tromsdalen videregående skole;*;*
2;0;SFS1052;Alle;0;Alle;Samisk som førstespråk, samisk 1, nordsamisk, Vg3 påbygging til generell studiekompetanse, skriftlig;Hele landet;Alle fylker;Alle skoler;3,2;26
2;1;SFS1052;I;0;I;Samisk som førstespråk, samisk 1, nordsamisk, Vg3 påbygging til generell studiekompetanse, skriftlig;Hele landet;Alle fylker;Alle skoler;3,2;26
2;2;SFS1052;I;56;56;Samisk som førstespråk, samisk 1, nordsamisk, Vg3 påbygging til generell studiekompetanse, skriftlig;Hele landet;Finnmark - Finnmárku - Finmarkku;Alle skoler;*;*
2;3;SFS1052;I;56;974622750;Samisk som førstespråk, samisk 1, nordsamisk, Vg3 påbygging til generell studiekompetanse, skriftlig;Hele landet;Finnmark - Finnmárku - Finmarkku;Alta videregående skole;*;*
2;3;SFS1052;I;56;974760061;Samisk som førstespråk, samisk 1, nordsamisk, Vg3 påbygging til generell studiekompetanse, skriftlig;Hele landet;Finnmark - Finnmárku - Finmarkku;Samisk videregående skole Karasjok;*;*
2;3;SFS1052;I;56;974759896;Samisk som førstespråk, samisk 1, nordsamisk, Vg3 påbygging til generell studiekompetanse, skriftlig;Hele landet;Finnmark - Finnmárku - Finmarkku;Samisk videregående skole og reindriftsskole;3,1;17
2;3;SFS1052;I;56;974064332;Samisk som førstespråk, samisk 1, nordsamisk, Vg3 påbygging til generell studiekompetanse, skriftlig;Hele landet;Finnmark - Finnmárku - Finmarkku;Tana videregående skole;*;*
2;3;SFS1052;I;56;974622718;Samisk som førstespråk, samisk 1, nordsamisk, Vg3 påbygging til generell studiekompetanse, skriftlig;Hele landet;Finnmark - Finnmárku - Finmarkku;Vadsø videregående skole;*;*
2;2;SFS1052;I;55;55;Samisk som førstespråk, samisk 1, nordsamisk, Vg3 påbygging til generell studiekompetanse, skriftlig;Hele landet;Troms - Romsa - Tromssa ;Alle skoler;*;*
2;3;SFS1052;I;55;974546957;Samisk som førstespråk, samisk 1, nordsamisk, Vg3 påbygging til generell studiekompetanse, skriftlig;Hele landet;Troms - Romsa - Tromssa ;Nord-Troms videregående skole avd Nordreisa;*;*
2;0;SFS1054;Alle;0;Alle;Samisk som førstespråk, samisk 1, sørsamisk, Vg3 påbygging til generell studiekompetanse, skriftlig;Hele landet;Alle fylker;Alle skoler;*;*
2;1;SFS1054;I;0;I;Samisk som førstespråk, samisk 1, sørsamisk, Vg3 påbygging til generell studiekompetanse, skriftlig;Hele landet;Alle fylker;Alle skoler;*;*
2;2;SFS1054;I;50;50;Samisk som førstespråk, samisk 1, sørsamisk, Vg3 påbygging til generell studiekompetanse, skriftlig;Hele landet;Trøndelag - Trööndelage;Alle skoler;*;*
2;3;SFS1054;I;50;974558130;Samisk som førstespråk, samisk 1, sørsamisk, Vg3 påbygging til generell studiekompetanse, skriftlig;Hele landet;Trøndelag - Trööndelage;Røros videregående skole;*;*
